{"type":"FeatureCollection","features":[{"type":"Feature","geometry":{"type":"Polygon","coordinates":[[[12.258717,65.811183],[12.262733,65.813567],[12.266167,65.812833],[12.261683,65.809233],[12.25825,65.809967],[12.258717,65.811183]]]},"properties":{"appNo":"SP-2023-000002","applicant":"SALMO INNOVATION AS","orgNo":"915021352","kind":"Ny lokalitet for laks, ørret og regnbueørret i sjø.","status":"RETURNED","navn":"Segløygrunna","areaChanged":true}},{"type":"Feature","geometry":{"type":"Polygon","coordinates":[[[12.121167,65.54715],[12.124367,65.549383],[12.127717,65.548567],[12.135117,65.545833],[12.13295,65.5443],[12.121767,65.546467],[12.121167,65.54715]]]},"properties":{"appNo":"SP-2023-000036","applicant":"SINKABERGHANSEN AS","orgNo":"976543718","kind":"Endring av lokalitet for laks, ørret og regnbueørret i sjø.","status":"SUBMITTED","loknr":36317,"navn":"VARHOLMEN"}},{"type":"Feature","geometry":{"type":"Polygon","coordinates":[[[12.121167,65.54715],[12.124367,65.549383],[12.127717,65.548567],[12.135117,65.545833],[12.13295,65.5443],[12.121767,65.546467],[12.121167,65.54715]]]},"properties":{"appNo":"SP-2023-000036","applicant":"SINKABERGHANSEN AS","orgNo":"976543718","kind":"Endring av lokalitet for laks, ørret og regnbueørret i sjø.","status":"SUBMITTED","loknr":36317,"navn":"VARHOLMEN"}},{"type":"Feature","geometry":{"type":"Polygon","coordinates":[[[15.117483,67.26425],[15.12035,67.2671],[15.124917,67.266433],[15.122067,67.263567],[15.117483,67.26425]]]},"properties":{"appNo":"SP-2023-000041","applicant":"WENBERG FISKEOPPDRETT AS","orgNo":"937504446","kind":"Endring av lokalitet for laks, ørret og regnbueørret i sjø.","status":"SUBMITTED","loknr":27856,"navn":"HUNDHOLMEN","areaChanged":true}},{"type":"Feature","geometry":{"type":"Polygon","coordinates":[[[15.123917,67.26745],[15.1265,67.2674],[15.1265,67.263883],[15.1238,67.263967],[15.123917,67.26745]]]},"properties":{"appNo":"SP-2023-000041","applicant":"WENBERG FISKEOPPDRETT AS","orgNo":"937504446","kind":"Endring av lokalitet for laks, ørret og regnbueørret i sjø.","status":"SUBMITTED","loknr":27856,"navn":"HUNDHOLMEN","areaChanged":true}},{"type":"Feature","geometry":{"type":"Polygon","coordinates":[[[5.1666,61.491583],[5.1736,61.491367],[5.173467,61.490017],[5.166467,61.49025],[5.1666,61.491583]],[[5.165583,61.4907],[5.165533,61.490617],[5.165183,61.490633],[5.165233,61.490717],[5.165583,61.4907]]]},"properties":{"appNo":"SP-2023-000124","applicant":"SVANØY HAVBRUK AS","orgNo":"988718181","kind":"Endring av lokalitet for laks, ørret og regnbueørret i sjø.","status":"RETURNED","loknr":11800,"navn":"AUSTNESTÅA"}},{"type":"Feature","geometry":{"type":"Polygon","coordinates":[[[5.1666,61.491583],[5.1736,61.491367],[5.173467,61.490017],[5.166467,61.49025],[5.1666,61.491583]],[[5.165583,61.4907],[5.165533,61.490617],[5.165183,61.490633],[5.165233,61.490717],[5.165583,61.4907]]]},"properties":{"appNo":"SP-2023-000124","applicant":"SVANØY HAVBRUK AS","orgNo":"988718181","kind":"Endring av lokalitet for laks, ørret og regnbueørret i sjø.","status":"RETURNED","loknr":11800,"navn":"AUSTNESTÅA"}},{"type":"Feature","geometry":{"type":"Polygon","coordinates":[[[12.2434,66.113267],[12.2459,66.111767],[12.244533,66.1105],[12.243983,66.11035],[12.238583,66.109717],[12.236083,66.1112],[12.2434,66.113267]]]},"properties":{"appNo":"SP-2023-000163","applicant":"MOWI SEAWATER NORWAY AS","orgNo":"921668236","kind":"Ny lokalitet for laks, ørret og regnbueørret i sjø.","status":"SUBMITTED","navn":"Lammøya","areaChanged":true}},{"type":"Feature","geometry":{"type":"Polygon","coordinates":[[[13.13955,66.6057],[13.141567,66.6053],[13.136383,66.6013],[13.134333,66.6017],[13.135133,66.60405],[13.13545,66.60415],[13.13955,66.6057]]]},"properties":{"appNo":"SP-2023-000199","applicant":"MOWI SEAWATER NORWAY AS","orgNo":"921668236","kind":"Ny lokalitet for laks, ørret og regnbueørret i sjø.","status":"SUBMITTED","navn":"Prestvika","areaChanged":true}},{"type":"Feature","geometry":{"type":"Polygon","coordinates":[[[14.816767,68.445267],[14.821967,68.445567],[14.8286,68.44355],[14.827867,68.44325],[14.812383,68.442517],[14.811467,68.442733],[14.816767,68.445267]]]},"properties":{"appNo":"SP-2023-000301","applicant":"NORDLAKS HAVBRUK AS","orgNo":"929911946","kind":"Endring av lokalitet for laks, ørret og regnbueørret i sjø.","status":"SUBMITTED","loknr":29096,"navn":"GRØTTØY","areaChanged":true}},{"type":"Feature","geometry":{"type":"Polygon","coordinates":[[[14.812517,68.44455],[14.812233,68.4449],[14.824133,68.44545],[14.82425,68.445083],[14.818917,68.44425],[14.812517,68.44455]]]},"properties":{"appNo":"SP-2023-000301","applicant":"NORDLAKS HAVBRUK AS","orgNo":"929911946","kind":"Endring av lokalitet for laks, ørret og regnbueørret i sjø.","status":"SUBMITTED","loknr":29096,"navn":"GRØTTØY","areaChanged":true}},{"type":"Feature","geometry":{"type":"Polygon","coordinates":[[[5.269167,60.748467],[5.27275,60.747317],[5.26935,60.744817],[5.265767,60.745983],[5.264683,60.74695],[5.264917,60.747133],[5.269167,60.748467]]]},"properties":{"appNo":"SP-2023-000310","applicant":"EIDE FJORDBRUK AS","orgNo":"866751242","kind":"Endring av lokalitet for laks, ørret og regnbueørret i sjø.","status":"SUBMITTED","loknr":19655,"navn":"OSPENESET"}},{"type":"Feature","geometry":{"type":"Polygon","coordinates":[[[5.269167,60.748467],[5.27275,60.747317],[5.26935,60.744817],[5.265767,60.745983],[5.264683,60.74695],[5.264917,60.747133],[5.269167,60.748467]]]},"properties":{"appNo":"SP-2023-000310","applicant":"EIDE FJORDBRUK AS","orgNo":"866751242","kind":"Endring av lokalitet for laks, ørret og regnbueørret i sjø.","status":"SUBMITTED","loknr":19655,"navn":"OSPENESET"}},{"type":"Feature","geometry":{"type":"Polygon","coordinates":[[[13.78605,68.1059],[13.793617,68.105117],[13.795383,68.104733],[13.79535,68.104483],[13.792683,68.104],[13.789017,68.103717],[13.787867,68.10385],[13.785033,68.104783],[13.78605,68.1059]]]},"properties":{"appNo":"SP-2023-000322","applicant":"ISQUEEN AS","orgNo":"952217860","kind":"Endring av lokalitet for laks, ørret og regnbueørret i sjø.","status":"SUBMITTED","loknr":30977,"navn":"ÆSØYA","areaChanged":true}},{"type":"Feature","geometry":{"type":"Polygon","coordinates":[[[13.785533,68.106],[13.794567,68.105017],[13.793617,68.1039],[13.784517,68.104883],[13.785533,68.106]]]},"properties":{"appNo":"SP-2023-000322","applicant":"ISQUEEN AS","orgNo":"952217860","kind":"Endring av lokalitet for laks, ørret og regnbueørret i sjø.","status":"SUBMITTED","loknr":30977,"navn":"ÆSØYA","areaChanged":true}},{"type":"Feature","geometry":{"type":"Polygon","coordinates":[[[20.697483,69.941317],[20.683267,69.943633],[20.685783,69.945417],[20.686933,69.945883],[20.68715,69.94615],[20.6862,69.946817],[20.686967,69.948783],[20.7026,69.948117],[20.701867,69.94615],[20.6879,69.946067],[20.687683,69.9458],[20.7,69.9431],[20.697483,69.941317]]]},"properties":{"appNo":"SP-2023-000323","applicant":"LERØY AURORA SJØ AS","orgNo":"930155179","kind":"Ny lokalitet for laks, ørret og regnbueørret i sjø.","status":"SUBMITTED","navn":"Bjørnvika","areaChanged":true}},{"type":"Feature","geometry":{"type":"Polygon","coordinates":[[[13.5618,66.71485],[13.565983,66.712067],[13.563083,66.71145],[13.5589,66.714233],[13.561733,66.715633],[13.563217,66.7154],[13.5618,66.71485]]]},"properties":{"appNo":"SP-2023-000359","applicant":"NOVA SEA HAVBRUK AS","orgNo":"827248312","kind":"Endring av lokalitet for laks, ørret og regnbueørret i sjø.","status":"SUBMITTED","loknr":11138,"navn":"SKÅLSVIKA","areaChanged":true}},{"type":"Feature","geometry":{"type":"Polygon","coordinates":[[[13.558233,66.719267],[13.5598,66.719133],[13.56285,66.715233],[13.565533,66.714167],[13.567083,66.714033],[13.56535,66.710967],[13.5638,66.7111],[13.557983,66.716067],[13.556433,66.7162],[13.558233,66.719267]]]},"properties":{"appNo":"SP-2023-000359","applicant":"NOVA SEA HAVBRUK AS","orgNo":"827248312","kind":"Endring av lokalitet for laks, ørret og regnbueørret i sjø.","status":"SUBMITTED","loknr":11138,"navn":"SKÅLSVIKA","areaChanged":true}},{"type":"Feature","geometry":{"type":"Polygon","coordinates":[[[13.2211,66.501267],[13.223317,66.50145],[13.226117,66.49615],[13.2239,66.495967],[13.220567,66.49875],[13.220433,66.499017],[13.2211,66.501267]]]},"properties":{"appNo":"SP-2023-000364","applicant":"MOWI SEAWATER NORWAY AS","orgNo":"921668236","kind":"Ny lokalitet for laks, ørret og regnbueørret i sjø.","status":"SUBMITTED","navn":"Langstranda","areaChanged":true}},{"type":"Feature","geometry":{"type":"Polygon","coordinates":[[[12.433667,65.3502],[12.4324,65.350883],[12.448533,65.356167],[12.449783,65.3555],[12.443917,65.3526],[12.4434,65.352433],[12.433667,65.3502]]]},"properties":{"appNo":"SP-2023-000365","applicant":"MOWI SEAWATER NORWAY AS","orgNo":"921668236","kind":"Endring av lokalitet for laks, ørret og regnbueørret i sjø.","status":"SUBMITTED","loknr":19755,"navn":"KLUBBEN","areaChanged":true}},{"type":"Feature","geometry":{"type":"Polygon","coordinates":[[[12.433667,65.3502],[12.4324,65.350883],[12.448533,65.356167],[12.449783,65.3555],[12.443917,65.3526],[12.4434,65.352433],[12.433667,65.3502]]]},"properties":{"appNo":"SP-2023-000365","applicant":"MOWI SEAWATER NORWAY AS","orgNo":"921668236","kind":"Endring av lokalitet for laks, ørret og regnbueørret i sjø.","status":"SUBMITTED","loknr":19755,"navn":"KLUBBEN","areaChanged":true}},{"type":"Feature","geometry":{"type":"Polygon","coordinates":[[[15.395783,67.2441],[15.396933,67.24465],[15.4028,67.241983],[15.401733,67.241483],[15.395783,67.2441]]]},"properties":{"appNo":"SP-2023-000465","applicant":"WENBERG FISKEOPPDRETT AS","orgNo":"937504446","kind":"Endring av lokalitet for laks, ørret og regnbueørret i sjø.","status":"RETURNED","loknr":11273,"navn":"SKYSSELVIKA V","areaChanged":true}},{"type":"Feature","geometry":{"type":"Polygon","coordinates":[[[15.395783,67.2441],[15.396933,67.24465],[15.4028,67.241983],[15.401733,67.241483],[15.395783,67.2441]]]},"properties":{"appNo":"SP-2023-000465","applicant":"WENBERG FISKEOPPDRETT AS","orgNo":"937504446","kind":"Endring av lokalitet for laks, ørret og regnbueørret i sjø.","status":"RETURNED","loknr":11273,"navn":"SKYSSELVIKA V","areaChanged":true}},{"type":"Feature","geometry":{"type":"Polygon","coordinates":[[[5.843433,59.096533],[5.853883,59.096233],[5.853683,59.094433],[5.843233,59.094733],[5.843433,59.096533]]]},"properties":{"appNo":"SP-2023-000647","applicant":"SEASHORE SJØ AS","orgNo":"836597702","kind":"Ny lokalitet for laks, ørret og regnbueørret i sjø.","status":"SUBMITTED","navn":"Langholmen","areaChanged":true}},{"type":"Feature","geometry":{"type":"Polygon","coordinates":[[[5.573667,60.253733],[5.575133,60.2493],[5.57155,60.248983],[5.5701,60.253433],[5.573667,60.253733]]]},"properties":{"appNo":"SP-2023-000649","applicant":"AS BOLAKS","orgNo":"930391328","kind":"Endring av lokalitet for laks, ørret og regnbueørret i sjø.","status":"SUBMITTED","loknr":12067,"navn":"ALDALEN","areaChanged":true}},{"type":"Feature","geometry":{"type":"Polygon","coordinates":[[[5.572283,60.248933],[5.570433,60.2492],[5.570217,60.249867],[5.570433,60.250167],[5.571633,60.251067],[5.573533,60.2508],[5.572283,60.248933]]]},"properties":{"appNo":"SP-2023-000649","applicant":"AS BOLAKS","orgNo":"930391328","kind":"Endring av lokalitet for laks, ørret og regnbueørret i sjø.","status":"SUBMITTED","loknr":12067,"navn":"ALDALEN","areaChanged":true}},{"type":"Feature","geometry":{"type":"Polygon","coordinates":[[[6.980983,62.316933],[6.9786,62.316017],[6.972367,62.319383],[6.974933,62.32035],[6.978533,62.319433],[6.978933,62.319217],[6.980983,62.316933]]]},"properties":{"appNo":"SP-2023-000688","applicant":"HOFSETH AQUA AS","orgNo":"828764292","kind":"Endring av lokalitet for laks, ørret og regnbueørret i sjø.","status":"RETURNED","loknr":45058,"navn":"URDANESET","areaChanged":true}},{"type":"Feature","geometry":{"type":"Polygon","coordinates":[[[6.980233,62.317433],[6.977683,62.316467],[6.972367,62.319383],[6.974933,62.32035],[6.978533,62.319433],[6.978933,62.319217],[6.980233,62.317433]]]},"properties":{"appNo":"SP-2023-000688","applicant":"HOFSETH AQUA AS","orgNo":"828764292","kind":"Endring av lokalitet for laks, ørret og regnbueørret i sjø.","status":"RETURNED","loknr":45058,"navn":"URDANESET","areaChanged":true}},{"type":"Feature","geometry":{"type":"Polygon","coordinates":[[[12.250467,65.919867],[12.251533,65.918217],[12.239367,65.916883],[12.238483,65.9163],[12.238267,65.91635],[12.238333,65.918533],[12.250467,65.919867]]]},"properties":{"appNo":"SP-2024-000695","applicant":"MOWI SEAWATER NORWAY AS","orgNo":"921668236","kind":"Endring av lokalitet for laks, ørret og regnbueørret i sjø.","status":"SUBMITTED","loknr":27976,"navn":"BUKKHOLMEN","areaChanged":true}},{"type":"Feature","geometry":{"type":"Polygon","coordinates":[[[12.241533,65.919033],[12.249983,65.91975],[12.250567,65.918583],[12.246067,65.917633],[12.242133,65.917883],[12.241533,65.919033]]]},"properties":{"appNo":"SP-2024-000695","applicant":"MOWI SEAWATER NORWAY AS","orgNo":"921668236","kind":"Endring av lokalitet for laks, ørret og regnbueørret i sjø.","status":"SUBMITTED","loknr":27976,"navn":"BUKKHOLMEN","areaChanged":true}},{"type":"Feature","geometry":{"type":"Polygon","coordinates":[[[12.46005,65.797833],[12.459233,65.797783],[12.457983,65.79805],[12.458733,65.7987],[12.459983,65.798433],[12.463283,65.800183],[12.464233,65.79995],[12.461017,65.7976],[12.46005,65.797833]]]},"properties":{"appNo":"SP-2024-000697","applicant":"AKVAFUTURE AS","orgNo":"996482537","kind":"Ny lokalitet for laks, ørret og regnbueørret i sjø.","status":"SUBMITTED","navn":"Mindland","areaChanged":true}},{"type":"Feature","geometry":{"type":"Polygon","coordinates":[[[12.132117,65.380333],[12.134567,65.37885],[12.1313,65.377033],[12.130783,65.376883],[12.127433,65.3768],[12.125,65.3783],[12.132117,65.380333]]]},"properties":{"appNo":"SP-2024-000739","applicant":"MOWI SEAWATER NORWAY AS","orgNo":"921668236","kind":"Ny lokalitet for laks, ørret og regnbueørret i sjø.","status":"SUBMITTED","navn":"Sømnesøya","areaChanged":true}},{"type":"Feature","geometry":{"type":"Polygon","coordinates":[[[20.503817,69.57805],[20.500317,69.579833],[20.511983,69.582667],[20.515483,69.580883],[20.511417,69.57885],[20.510767,69.578683],[20.503817,69.57805]]]},"properties":{"appNo":"SP-2024-000954","applicant":"LERØY AURORA SJØ AS","orgNo":"930155179","kind":"Endring av lokalitet for laks, ørret og regnbueørret i sjø.","status":"SUBMITTED","loknr":10734,"navn":"GOURTESJOUKA","areaChanged":true}},{"type":"Feature","geometry":{"type":"Polygon","coordinates":[[[20.510917,69.576417],[20.506983,69.576833],[20.5099,69.580267],[20.513833,69.57985],[20.5129,69.5774],[20.513417,69.577317],[20.513267,69.577217],[20.512733,69.577317],[20.510917,69.576417]]]},"properties":{"appNo":"SP-2024-000954","applicant":"LERØY AURORA SJØ AS","orgNo":"930155179","kind":"Endring av lokalitet for laks, ørret og regnbueørret i sjø.","status":"SUBMITTED","loknr":10734,"navn":"GOURTESJOUKA","areaChanged":true}},{"type":"Feature","geometry":{"type":"Polygon","coordinates":[[[16.1201,68.527717],[16.12355,68.527833],[16.124383,68.524083],[16.122917,68.523783],[16.121333,68.523983],[16.1201,68.527717]]]},"properties":{"appNo":"SP-2024-001063","applicant":"HOLMØY HAVBRUK AS","orgNo":"929535081","kind":"Endring av lokalitet for laks, ørret og regnbueørret i sjø.","status":"SUBMITTED","loknr":14796,"navn":"FISKEFJORDEN","areaChanged":true}},{"type":"Feature","geometry":{"type":"Polygon","coordinates":[[[16.122167,68.524],[16.123431,68.525613],[16.125,68.524],[16.122167,68.524]],[[16.123431,68.525613],[16.122,68.527083],[16.124583,68.527083],[16.123431,68.525613]]]},"properties":{"appNo":"SP-2024-001063","applicant":"HOLMØY HAVBRUK AS","orgNo":"929535081","kind":"Endring av lokalitet for laks, ørret og regnbueørret i sjø.","status":"SUBMITTED","loknr":14796,"navn":"FISKEFJORDEN","areaChanged":true}},{"type":"Feature","geometry":{"type":"Polygon","coordinates":[[[13.4947,66.848617],[13.494383,66.850267],[13.504883,66.850533],[13.505217,66.848883],[13.506133,66.848667],[13.506583,66.848467],[13.50635,66.8484],[13.505883,66.8486],[13.4947,66.848617]]]},"properties":{"appNo":"SP-2024-001069","applicant":"NOVA SEA HAVBRUK AS","orgNo":"827248312","kind":"Ny lokalitet for laks, ørret og regnbueørret i sjø.","status":"RETURNED","navn":"Tømmerhella","areaChanged":true}},{"type":"Feature","geometry":{"type":"Polygon","coordinates":[[[13.537867,68.060133],[13.537933,68.0604],[13.544567,68.060117],[13.5445,68.05985],[13.537867,68.060133]]]},"properties":{"appNo":"SP-2024-001160","applicant":"ISQUEEN AS","orgNo":"952217860","kind":"Endring av lokalitet for laks, ørret og regnbueørret i sjø.","status":"SUBMITTED","loknr":20096,"navn":"SANDHOLMAN","areaChanged":true}},{"type":"Feature","geometry":{"type":"Polygon","coordinates":[[[13.5422,68.059967],[13.5358,68.060333],[13.535783,68.060417],[13.543133,68.060133],[13.5422,68.059967]]]},"properties":{"appNo":"SP-2024-001160","applicant":"ISQUEEN AS","orgNo":"952217860","kind":"Endring av lokalitet for laks, ørret og regnbueørret i sjø.","status":"SUBMITTED","loknr":20096,"navn":"SANDHOLMAN","areaChanged":true}},{"type":"Feature","geometry":{"type":"Polygon","coordinates":[[[15.119567,67.653033],[15.115083,67.654017],[15.114917,67.656567],[15.11525,67.6569],[15.1242,67.660017],[15.1287,67.659017],[15.119567,67.653033]]]},"properties":{"appNo":"SP-2024-001280","applicant":"CERMAQ NORWAY SALMON AS","orgNo":"930152366","kind":"Endring av lokalitet for laks, ørret og regnbueørret i sjø.","status":"SUBMITTED","loknr":13931,"navn":"HJARTØY Ø"}},{"type":"Feature","geometry":{"type":"Polygon","coordinates":[[[15.119567,67.653033],[15.115083,67.654017],[15.114917,67.656567],[15.11525,67.6569],[15.1242,67.660017],[15.1287,67.659017],[15.119567,67.653033]]]},"properties":{"appNo":"SP-2024-001280","applicant":"CERMAQ NORWAY SALMON AS","orgNo":"930152366","kind":"Endring av lokalitet for laks, ørret og regnbueørret i sjø.","status":"SUBMITTED","loknr":13931,"navn":"HJARTØY Ø"}},{"type":"Feature","geometry":{"type":"Polygon","coordinates":[[[17.304333,68.727167],[17.30345,68.7286],[17.315,68.729617],[17.3159,68.7282],[17.304333,68.727167]]]},"properties":{"appNo":"SP-2024-001281","applicant":"SEACALX AS","orgNo":"998710227","kind":"Ny lokalitet for laks, ørret og regnbueørret i sjø.","status":"SUBMITTED","navn":"Ikke relevant da det søkes om forlengelse av FoU tillatelser","areaChanged":true}},{"type":"Feature","geometry":{"type":"Polygon","coordinates":[[[5.9808,59.83225],[5.981433,59.832067],[5.981467,59.832],[5.981783,59.831917],[5.98165,59.8318],[5.981333,59.831883],[5.98125,59.831917],[5.980617,59.832083],[5.9808,59.83235],[5.982167,59.833617],[5.984667,59.832917],[5.983983,59.832283],[5.985233,59.83195],[5.984567,59.8313],[5.9808,59.83225]]]},"properties":{"appNo":"SP-2024-001293","applicant":"MOWI SEAWATER NORWAY AS","orgNo":"921668236","kind":"Endring av lokalitet for laks, ørret og regnbueørret i sjø.","status":"SUBMITTED","loknr":28096,"navn":"SLÅTTENES","areaChanged":true}},{"type":"Feature","geometry":{"type":"Polygon","coordinates":[[[5.98065,59.83235],[5.980767,59.832733],[5.982,59.833833],[5.982867,59.8335],[5.981967,59.832183],[5.98065,59.83235]]]},"properties":{"appNo":"SP-2024-001293","applicant":"MOWI SEAWATER NORWAY AS","orgNo":"921668236","kind":"Endring av lokalitet for laks, ørret og regnbueørret i sjø.","status":"SUBMITTED","loknr":28096,"navn":"SLÅTTENES","areaChanged":true}},{"type":"Feature","geometry":{"type":"Polygon","coordinates":[[[20.483333,69.733333],[20.5,69.733333],[20.516667,69.716667],[20.483333,69.733333]]]},"properties":{"appNo":"SP-2024-001378","applicant":"LYNGEN SEAWEED AS","orgNo":"922997748","kind":"Ny lokalitet for laks, ørret og regnbueørret i sjø.","status":"RETURNED","navn":"Gambukta","areaChanged":true}},{"type":"Feature","geometry":{"type":"Polygon","coordinates":[[[23.3973,70.289017],[23.404733,70.287167],[23.405483,70.286817],[23.405617,70.28545],[23.400783,70.28305],[23.400467,70.2828],[23.399117,70.282983],[23.399417,70.283233],[23.401283,70.2843],[23.393033,70.2879],[23.3973,70.289017]]]},"properties":{"appNo":"SP-2024-001419","applicant":"CERMAQ NORWAY SALMON AS","orgNo":"930152366","kind":"Endring av lokalitet for laks, ørret og regnbueørret i sjø.","status":"SUBMITTED","loknr":10791,"navn":"NORDNES","areaChanged":true}},{"type":"Feature","geometry":{"type":"Polygon","coordinates":[[[23.4019,70.28435],[23.39425,70.2876],[23.398467,70.28835],[23.406033,70.2852],[23.400783,70.28305],[23.400467,70.2828],[23.399117,70.282983],[23.399417,70.283233],[23.4019,70.28435]]]},"properties":{"appNo":"SP-2024-001419","applicant":"CERMAQ NORWAY SALMON AS","orgNo":"930152366","kind":"Endring av lokalitet for laks, ørret og regnbueørret i sjø.","status":"SUBMITTED","loknr":10791,"navn":"NORDNES","areaChanged":true}},{"type":"Feature","geometry":{"type":"Polygon","coordinates":[[[13.1835,68.059917],[13.185017,68.0594],[13.178367,68.056317],[13.176817,68.056833],[13.179783,68.059333],[13.180333,68.059583],[13.1835,68.059917]]]},"properties":{"appNo":"SP-2024-001425","applicant":"ORGANIC SEAFARM AS","orgNo":"996198944","kind":"Ny tillatelse til andre fiskearter enn laks, ørret og regnbueørret.","status":"SUBMITTED","navn":"Veggen","areaChanged":true}},{"type":"Feature","geometry":{"type":"Polygon","coordinates":[[[6.655014,58.23842],[6.655068,58.238883],[6.656667,58.239027],[6.657033,58.238467],[6.655014,58.23842]]]},"properties":{"appNo":"SP-2024-001469","applicant":"NORSK OPPDRETTSSERVICE AS AVD FLEKKEFJORD","orgNo":"996504891","kind":"Fangstbasert akvakultur","status":"SUBMITTED","navn":"Abelsnes","areaChanged":true}},{"type":"Feature","geometry":{"type":"Polygon","coordinates":[[[29.461433,70.09005],[29.4684,70.08965],[29.469117,70.089533],[29.474533,70.0879],[29.471833,70.08595],[29.45875,70.088083],[29.461433,70.09005]]]},"properties":{"appNo":"SP-2024-001549","applicant":"LERØY AURORA SJØ AS","orgNo":"930155179","kind":"Ny lokalitet for laks, ørret og regnbueørret i sjø.","status":"SUBMITTED","navn":"Sandskjæret","areaChanged":true}},{"type":"Feature","geometry":{"type":"Polygon","coordinates":[[[13.018467,67.94955],[13.02665,67.9496],[13.0279,67.949317],[13.028617,67.949317],[13.028633,67.9488],[13.028733,67.948783],[13.028717,67.948633],[13.027867,67.948633],[13.027867,67.948783],[13.026683,67.94885],[13.0185,67.9488],[13.018467,67.94955]]]},"properties":{"appNo":"SP-2024-001553","applicant":"NORDLY INNOVATION AS","orgNo":"931198432","kind":"Ny lokalitet for laks, ørret og regnbueørret i sjø.","status":"SUBMITTED","navn":"Torshaugen","areaChanged":true}},{"type":"Feature","geometry":{"type":"Polygon","coordinates":[[[5.505833,59.088933],[5.5096,59.089317],[5.51105,59.085417],[5.507283,59.08505],[5.505833,59.088933]]]},"properties":{"appNo":"SP-2024-001554","applicant":"GRIEG SEAFOOD FINNMARK SJØ AS","orgNo":"930367435","kind":"Endring av lokalitet for laks, ørret og regnbueørret i sjø.","status":"SUBMITTED","loknr":34817,"navn":"EIME","areaChanged":true}},{"type":"Feature","geometry":{"type":"Polygon","coordinates":[[[5.507583,59.087933],[5.510617,59.088817],[5.513233,59.086467],[5.510183,59.0856],[5.507583,59.087933]]]},"properties":{"appNo":"SP-2024-001554","applicant":"GRIEG SEAFOOD FINNMARK SJØ AS","orgNo":"930367435","kind":"Endring av lokalitet for laks, ørret og regnbueørret i sjø.","status":"SUBMITTED","loknr":34817,"navn":"EIME","areaChanged":true}},{"type":"Feature","geometry":{"type":"Polygon","coordinates":[[[12.36965,65.3134],[12.3717,65.311817],[12.367767,65.30985],[12.367567,65.3098],[12.36225,65.30965],[12.360233,65.311217],[12.36965,65.3134]]]},"properties":{"appNo":"SP-2024-001632","applicant":"MOWI SEAWATER NORWAY AS","orgNo":"921668236","kind":"Endring av lokalitet for laks, ørret og regnbueørret i sjø.","status":"SUBMITTED","loknr":27876,"navn":"OLDERBAKKEN","areaChanged":true}},{"type":"Feature","geometry":{"type":"Polygon","coordinates":[[[12.366583,65.309683],[12.36825,65.312783],[12.37115,65.312433],[12.371683,65.31065],[12.3688,65.309333],[12.366583,65.309683]]]},"properties":{"appNo":"SP-2024-001632","applicant":"MOWI SEAWATER NORWAY AS","orgNo":"921668236","kind":"Endring av lokalitet for laks, ørret og regnbueørret i sjø.","status":"SUBMITTED","loknr":27876,"navn":"OLDERBAKKEN","areaChanged":true}},{"type":"Feature","geometry":{"type":"Polygon","coordinates":[[[5.445783,59.95465],[5.448683,59.95605],[5.452867,59.954917],[5.4535,59.954617],[5.456217,59.952217],[5.453567,59.95085],[5.445783,59.95465]]]},"properties":{"appNo":"SP-2024-001658","applicant":"SJØTROLL HAVBRUK SJØ AS","orgNo":"930181528","kind":"Endring av lokalitet for laks, ørret og regnbueørret i sjø.","status":"SUBMITTED","loknr":18015,"navn":"HESTABYNESET"}},{"type":"Feature","geometry":{"type":"Polygon","coordinates":[[[5.566517,60.437167],[5.5689,60.43375],[5.56545,60.43315],[5.563067,60.43655],[5.566517,60.437167]]]},"properties":{"appNo":"SP-2024-001671","applicant":"SJØTROLL HAVBRUK SJØ AS","orgNo":"930181528","kind":"Endring av lokalitet for laks, ørret og regnbueørret i sjø.","status":"SUBMITTED","loknr":12156,"navn":"BLOM","areaChanged":true}},{"type":"Feature","geometry":{"type":"Polygon","coordinates":[[[5.564633,60.4378],[5.566183,60.4358],[5.564583,60.4355],[5.563117,60.437517],[5.564633,60.4378]]]},"properties":{"appNo":"SP-2024-001671","applicant":"SJØTROLL HAVBRUK SJØ AS","orgNo":"930181528","kind":"Endring av lokalitet for laks, ørret og regnbueørret i sjø.","status":"SUBMITTED","loknr":12156,"navn":"BLOM","areaChanged":true}},{"type":"Feature","geometry":{"type":"Polygon","coordinates":[[[5.637183,60.459333],[5.6298,60.45535],[5.6271,60.456567],[5.634533,60.460567],[5.637183,60.459333]]]},"properties":{"appNo":"SP-2024-001672","applicant":"SJØTROLL HAVBRUK SJØ AS","orgNo":"930181528","kind":"Endring av lokalitet for laks, ørret og regnbueørret i sjø.","status":"SUBMITTED","loknr":18898,"navn":"SKAFTÅ","areaChanged":true}},{"type":"Feature","geometry":{"type":"Polygon","coordinates":[[[5.62725,60.456633],[5.6295,60.458783],[5.6303,60.459183],[5.633267,60.459933],[5.636133,60.458683],[5.63,60.455383],[5.62725,60.456633]]]},"properties":{"appNo":"SP-2024-001672","applicant":"SJØTROLL HAVBRUK SJØ AS","orgNo":"930181528","kind":"Endring av lokalitet for laks, ørret og regnbueørret i sjø.","status":"SUBMITTED","loknr":18898,"navn":"SKAFTÅ","areaChanged":true}},{"type":"Feature","geometry":{"type":"Polygon","coordinates":[[[6.865783,58.026967],[6.889217,58.026367],[6.894217,58.014717],[6.868383,58.01625],[6.865783,58.026967]]]},"properties":{"appNo":"SP-2024-001677","applicant":"AEGIR HAVBRUK AS","orgNo":"982949025","kind":"Havbeite","status":"SUBMITTED","navn":"Ydstesteinen","areaChanged":true}},{"type":"Feature","geometry":{"type":"Polygon","coordinates":[[[20.9523,70.0411],[20.947017,70.041117],[20.947017,70.046533],[20.952333,70.046533],[20.953933,70.044217],[20.953933,70.044],[20.9523,70.0411]]]},"properties":{"appNo":"SP-2024-001687","applicant":"ARNØY LAKS AS","orgNo":"994613405","kind":"Endring av lokalitet for laks, ørret og regnbueørret i sjø.","status":"SUBMITTED","loknr":33097,"navn":"SKJERVØY V","areaChanged":true}},{"type":"Feature","geometry":{"type":"Polygon","coordinates":[[[20.947033,70.041117],[20.947067,70.046533],[20.952333,70.046517],[20.953633,70.044217],[20.953917,70.044217],[20.953917,70.044],[20.95365,70.044],[20.952283,70.041117],[20.951133,70.040567],[20.951117,70.0403],[20.950867,70.0403],[20.950867,70.040567],[20.947033,70.041117]]]},"properties":{"appNo":"SP-2024-001687","applicant":"ARNØY LAKS AS","orgNo":"994613405","kind":"Endring av lokalitet for laks, ørret og regnbueørret i sjø.","status":"SUBMITTED","loknr":33097,"navn":"SKJERVØY V","areaChanged":true}},{"type":"Feature","geometry":{"type":"Polygon","coordinates":[[[5.184517,59.884067],[5.18435,59.8844],[5.184767,59.884567],[5.18535,59.8844],[5.187333,59.883133],[5.188183,59.883467],[5.192117,59.8809],[5.191267,59.880567],[5.189283,59.88185],[5.188433,59.881517],[5.184517,59.884067]]]},"properties":{"appNo":"SP-2024-001701","applicant":"TUBILAH AS","orgNo":"987560835","kind":"Ny tillatelse til andre fiskearter enn laks, ørret og regnbueørret.","status":"SUBMITTED","navn":"Natterøy","areaChanged":true}},{"type":"Feature","geometry":{"type":"Polygon","coordinates":[[[15.3941,67.242617],[15.394933,67.243033],[15.4017,67.24115],[15.400867,67.240717],[15.3941,67.242617]]]},"properties":{"appNo":"SP-2025-001711","applicant":"WENBERG FISKEOPPDRETT AS","orgNo":"937504446","kind":"Endring av lokalitet for laks, ørret og regnbueørret i sjø.","status":"SUBMITTED","loknr":11273,"navn":"SKYSSELVIKA V","areaChanged":true}},{"type":"Feature","geometry":{"type":"Polygon","coordinates":[[[15.395783,67.2441],[15.396933,67.24465],[15.4028,67.241983],[15.401733,67.241483],[15.395783,67.2441]]]},"properties":{"appNo":"SP-2025-001711","applicant":"WENBERG FISKEOPPDRETT AS","orgNo":"937504446","kind":"Endring av lokalitet for laks, ørret og regnbueørret i sjø.","status":"SUBMITTED","loknr":11273,"navn":"SKYSSELVIKA V","areaChanged":true}},{"type":"Feature","geometry":{"type":"Polygon","coordinates":[[[6.8865,62.379767],[6.895733,62.380367],[6.896167,62.378933],[6.886933,62.378333],[6.8865,62.379767]]]},"properties":{"appNo":"SP-2025-001714","applicant":"HOFSETH SEA FARMING AS","orgNo":"930773840","kind":"Endring av lokalitet for laks, ørret og regnbueørret i sjø.","status":"SUBMITTED","loknr":37797,"navn":"SKJORTNESET II","areaChanged":true}},{"type":"Feature","geometry":{"type":"Polygon","coordinates":[[[6.885017,62.379617],[6.89255,62.380133],[6.89295,62.3787],[6.8854,62.3782],[6.885017,62.379617]]]},"properties":{"appNo":"SP-2025-001714","applicant":"HOFSETH SEA FARMING AS","orgNo":"930773840","kind":"Endring av lokalitet for laks, ørret og regnbueørret i sjø.","status":"SUBMITTED","loknr":37797,"navn":"SKJORTNESET II","areaChanged":true}},{"type":"Feature","geometry":{"type":"Polygon","coordinates":[[[17.0187,68.742867],[17.031083,68.742567],[17.0307,68.740767],[17.0183,68.741083],[17.0187,68.742867]]]},"properties":{"appNo":"SP-2025-001718","applicant":"KIME AKVA AS","orgNo":"925155748","kind":"Ny tillatelse til andre fiskearter enn laks, ørret og regnbueørret.","status":"SUBMITTED","loknr":45098,"navn":"FORSÅ","areaChanged":true}},{"type":"Feature","geometry":{"type":"Polygon","coordinates":[[[17.0187,68.742867],[17.031083,68.742567],[17.0307,68.740767],[17.0183,68.741083],[17.017433,68.74165],[17.01545,68.7417],[17.015617,68.742417],[17.0176,68.742367],[17.0187,68.742867]]]},"properties":{"appNo":"SP-2025-001718","applicant":"KIME AKVA AS","orgNo":"925155748","kind":"Ny tillatelse til andre fiskearter enn laks, ørret og regnbueørret.","status":"SUBMITTED","loknr":45098,"navn":"FORSÅ","areaChanged":true}},{"type":"Feature","geometry":{"type":"Polygon","coordinates":[[[8.560217,63.206917],[8.5687,63.2088],[8.5706,63.20705],[8.567067,63.2056],[8.565167,63.205483],[8.562083,63.205183],[8.560217,63.206917]]]},"properties":{"appNo":"SP-2025-001787","applicant":"NORDIC HALIBUT AS","orgNo":"974526441","kind":"Ny tillatelse til andre fiskearter enn laks, ørret og regnbueørret.","status":"SUBMITTED","navn":"Storvika","areaChanged":true}},{"type":"Feature","geometry":{"type":"Polygon","coordinates":[[[6.03075,59.160883],[6.029367,59.160767],[6.028967,59.161],[6.028133,59.162317],[6.033533,59.1651],[6.036183,59.163733],[6.03075,59.160883]]]},"properties":{"appNo":"SP-2025-001824","applicant":"STERLING WHITE HALIBUT AS","orgNo":"983356494","kind":"Ny tillatelse til andre fiskearter enn laks, ørret og regnbueørret.","status":"SUBMITTED","navn":"Sigmundstadneset","areaChanged":true}},{"type":"Feature","geometry":{"type":"Polygon","coordinates":[[[6.09525,59.213433],[6.094267,59.213683],[6.097133,59.21595],[6.097633,59.216183],[6.0982,59.21605],[6.097967,59.215717],[6.09525,59.213433]]]},"properties":{"appNo":"SP-2025-001826","applicant":"STERLING WHITE HALIBUT AS","orgNo":"983356494","kind":"Ny tillatelse til andre fiskearter enn laks, ørret og regnbueørret.","status":"SUBMITTED","loknr":10126,"navn":"VASSVIK","areaChanged":true}},{"type":"Feature","geometry":{"type":"Polygon","coordinates":[[[6.098133,59.2166],[6.099567,59.216017],[6.097,59.214317],[6.095533,59.21485],[6.098133,59.2166]]]},"properties":{"appNo":"SP-2025-001826","applicant":"STERLING WHITE HALIBUT AS","orgNo":"983356494","kind":"Ny tillatelse til andre fiskearter enn laks, ørret og regnbueørret.","status":"SUBMITTED","loknr":10126,"navn":"VASSVIK","areaChanged":true}},{"type":"Feature","geometry":{"type":"Polygon","coordinates":[[[5.290733,60.008367],[5.291617,60.0083],[5.286833,60.00225],[5.28595,60.001183],[5.28545,60.000717],[5.284433,59.999817],[5.283667,59.9993],[5.28235,59.999733],[5.2841,60.003167],[5.2859,60.003],[5.290733,60.008367]]]},"properties":{"appNo":"SP-2025-001849","applicant":"ELSKA AUSTEVOLL AS","orgNo":"915278043","kind":"Ny tillatelse til andre fiskearter enn laks, ørret og regnbueørret.","status":"SUBMITTED","navn":"Apalvika-Vinnes","areaChanged":true}},{"type":"Feature","geometry":{"type":"Polygon","coordinates":[[[10.116717,64.095533],[10.120917,64.09415],[10.11835,64.0917],[10.118217,64.0916],[10.114717,64.090467],[10.1105,64.091833],[10.116717,64.095533]]]},"properties":{"appNo":"SP-2025-001862","applicant":"SALMAR FARMING AS","orgNo":"966840528","kind":"Søknad om samlokalisering","status":"SUBMITTED","loknr":10398,"navn":"SEISKJÆRA"}},{"type":"Feature","geometry":{"type":"Polygon","coordinates":[[[10.2998,64.3219],[10.300367,64.322017],[10.307283,64.322733],[10.309083,64.3211],[10.29585,64.318517],[10.29405,64.320117],[10.2998,64.3219]]]},"properties":{"appNo":"SP-2025-001865","applicant":"ODE AS","orgNo":"925795488","kind":"Ny tillatelse til andre fiskearter enn laks, ørret og regnbueørret.","status":"SUBMITTED","navn":"Buarøya","areaChanged":true}},{"type":"Feature","geometry":{"type":"Polygon","coordinates":[[[5.47785,59.199083],[5.481317,59.198867],[5.479383,59.19085],[5.47765,59.190967],[5.477533,59.195083],[5.477417,59.1973],[5.47785,59.199083]]]},"properties":{"appNo":"SP-2025-001873","applicant":"GRIEG SEAFOOD NORWAY AS","orgNo":"930367435","kind":"Endring av lokalitet for laks, ørret og regnbueørret i sjø.","status":"SUBMITTED","loknr":38957,"navn":"LÅDERSKJERA"}},{"type":"Feature","geometry":{"type":"Polygon","coordinates":[[[28.236733,71.001667],[28.237417,70.998317],[28.23845,70.998317],[28.238383,70.997883],[28.237333,70.997883],[28.235567,70.995717],[28.22935,70.995867],[28.230633,71.0018],[28.236733,71.001667]]]},"properties":{"appNo":"SP-2025-001890","applicant":"CERMAQ NORWAY SALMON AS","orgNo":"930152366","kind":"Ny lokalitet for laks, ørret og regnbueørret i sjø.","status":"SUBMITTED","navn":"Koiøya","areaChanged":true}},{"type":"Feature","geometry":{"type":"Polygon","coordinates":[[[19.428667,69.878583],[19.427017,69.8803],[19.43255,69.881983],[19.433083,69.8823],[19.43605,69.883433],[19.434417,69.885133],[19.441867,69.885983],[19.4435,69.884283],[19.433417,69.882233],[19.432883,69.881917],[19.43445,69.881167],[19.4361,69.87945],[19.428667,69.878583]]]},"properties":{"appNo":"SP-2025-001893","applicant":"LERØY AURORA SJØ AS","orgNo":"930155179","kind":"Endring av lokalitet for laks, ørret og regnbueørret i sjø.","status":"SUBMITTED","loknr":10753,"navn":"STRANDMO","areaChanged":true}},{"type":"Feature","geometry":{"type":"Polygon","coordinates":[[[19.436067,69.883767],[19.439633,69.883017],[19.43425,69.879933],[19.430683,69.880683],[19.432417,69.882117],[19.432183,69.882167],[19.432567,69.8824],[19.432817,69.882333],[19.436067,69.883767]]]},"properties":{"appNo":"SP-2025-001893","applicant":"LERØY AURORA SJØ AS","orgNo":"930155179","kind":"Endring av lokalitet for laks, ørret og regnbueørret i sjø.","status":"SUBMITTED","loknr":10753,"navn":"STRANDMO","areaChanged":true}},{"type":"Feature","geometry":{"type":"Polygon","coordinates":[[[5.294,59.998917],[5.293,59.997183],[5.282633,59.998717],[5.28365,60.00045],[5.294,59.998917]]]},"properties":{"appNo":"SP-2025-001897","applicant":"SJØTROLL HAVBRUK SJØ AS","orgNo":"930181528","kind":"Ny lokalitet for laks, ørret og regnbueørret i sjø.","status":"SUBMITTED","navn":"Apalvik","areaChanged":true}},{"type":"Feature","geometry":{"type":"Polygon","coordinates":[[[12.266283,65.8265],[12.268117,65.8264],[12.265217,65.818833],[12.263383,65.81895],[12.262867,65.822167],[12.26305,65.822683],[12.266283,65.8265]]]},"properties":{"appNo":"SP-2025-001898","applicant":"HELGELAND LAKS AS","orgNo":"931064649","kind":"Ny lokalitet for laks, ørret og regnbueørret i sjø.","status":"RETURNED","navn":"Buøya Øst","areaChanged":true}},{"type":"Feature","geometry":{"type":"Polygon","coordinates":[[[15.058917,68.88745],[15.0585,68.8891],[15.059,68.88955],[15.0617,68.889967],[15.0652,68.88945],[15.062383,68.88695],[15.058917,68.88745]]]},"properties":{"appNo":"SP-2025-001899","applicant":"VESTERÅLEN HAVBRUK AS","orgNo":"998030919","kind":"Ny tillatelse til andre fiskearter enn laks, ørret og regnbueørret.","status":"SUBMITTED","navn":"Oppmyrbogen","areaChanged":true}},{"type":"Feature","geometry":{"type":"Polygon","coordinates":[[[12.381737,66.162212],[12.376978,66.163937],[12.377257,66.164655],[12.386947,66.167478],[12.38465,66.168105],[12.391515,66.171023],[12.390223,66.176703],[12.378092,66.17474],[12.389212,66.180818],[12.397593,66.178157],[12.403028,66.16756],[12.381737,66.162212]]]},"properties":{"appNo":"SP-2025-001900","applicant":"NORDIC SCALLOPS AS","orgNo":"934244796","kind":"Havbeite","status":"SUBMITTED","navn":"Havstein Nordøst","areaChanged":true}},{"type":"Feature","geometry":{"type":"Polygon","coordinates":[[[12.390868,66.11681],[12.396102,66.127492],[12.409983,66.13048],[12.411453,66.12528],[12.401053,66.119213],[12.390868,66.11681]]]},"properties":{"appNo":"SP-2025-001901","applicant":"NORDIC SCALLOPS AS","orgNo":"934244796","kind":"Havbeite","status":"SUBMITTED","navn":"Ramnøya vest","areaChanged":true}},{"type":"Feature","geometry":{"type":"Polygon","coordinates":[[[18.137033,69.834117],[18.142683,69.830517],[18.118217,69.825883],[18.111183,69.82915],[18.137033,69.834117]]]},"properties":{"appNo":"SP-2025-001908","applicant":"ASTAFJORD OCEAN SALMON AS","orgNo":"919881941","kind":"Ny lokalitet for laks, ørret og regnbueørret i sjø.","status":"RETURNED","navn":"Lokalitet Røssholmen","areaChanged":true}},{"type":"Feature","geometry":{"type":"Polygon","coordinates":[[[15.27675,67.2006],[15.273733,67.200583],[15.273417,67.20525],[15.276433,67.205267],[15.277933,67.2025],[15.27795,67.202267],[15.27675,67.2006]]]},"properties":{"appNo":"SP-2025-001922","applicant":"WENBERG FISKEOPPDRETT AS","orgNo":"937504446","kind":"Endring av lokalitet for laks, ørret og regnbueørret i sjø.","status":"SUBMITTED","loknr":32397,"navn":"STORVIKA I SKJERSTADFJORDEN"}},{"type":"Feature","geometry":{"type":"Polygon","coordinates":[[[23.748967,70.4459],[23.759033,70.44885],[23.762633,70.447517],[23.752567,70.444567],[23.748967,70.4459]]]},"properties":{"appNo":"SP-2025-001924","applicant":"KIME AKVA AS","orgNo":"925155748","kind":"Ny tillatelse til andre fiskearter enn laks, ørret og regnbueørret.","status":"SUBMITTED","navn":"Segelnes","areaChanged":true}},{"type":"Feature","geometry":{"type":"Polygon","coordinates":[[[12.289467,65.854467],[12.293083,65.8536],[12.286683,65.849183],[12.283083,65.85005],[12.28415,65.852133],[12.284433,65.852333],[12.289467,65.854467]]]},"properties":{"appNo":"SP-2025-001930","applicant":"MOWI SEAWATER NORWAY AS","orgNo":"921668236","kind":"Endring av flåte eller forankring","status":"SUBMITTED","loknr":10447,"navn":"MEFALDSKJÆRET","areaChanged":true}},{"type":"Feature","geometry":{"type":"Polygon","coordinates":[[[12.289467,65.854467],[12.293083,65.8536],[12.286683,65.849183],[12.283083,65.85005],[12.28415,65.852133],[12.284433,65.852333],[12.289467,65.854467]]]},"properties":{"appNo":"SP-2025-001930","applicant":"MOWI SEAWATER NORWAY AS","orgNo":"921668236","kind":"Endring av flåte eller forankring","status":"SUBMITTED","loknr":10447,"navn":"MEFALDSKJÆRET","areaChanged":true}},{"type":"Feature","geometry":{"type":"Polygon","coordinates":[[[7.098917,62.645467],[7.104583,62.6502],[7.109783,62.6489],[7.1041,62.644183],[7.1009,62.644067],[7.10035,62.6442],[7.098917,62.645467]]]},"properties":{"appNo":"SP-2025-001968","applicant":"SALMAR OPPDRETT AS","orgNo":"928957489","kind":"Endring av lokalitet for laks, ørret og regnbueørret i sjø.","status":"SUBMITTED","loknr":13669,"navn":"FURNESET","areaChanged":true}},{"type":"Feature","geometry":{"type":"Polygon","coordinates":[[[7.09565,62.64545],[7.09575,62.6469],[7.106683,62.646733],[7.106633,62.6453],[7.09565,62.64545]],[[7.10055,62.645167],[7.101583,62.64515],[7.101567,62.644717],[7.100517,62.644717],[7.10055,62.645167]]]},"properties":{"appNo":"SP-2025-001968","applicant":"SALMAR OPPDRETT AS","orgNo":"928957489","kind":"Endring av lokalitet for laks, ørret og regnbueørret i sjø.","status":"SUBMITTED","loknr":13669,"navn":"FURNESET","areaChanged":true}},{"type":"Feature","geometry":{"type":"Polygon","coordinates":[[[12.332067,65.549433],[12.332467,65.549417],[12.332383,65.549083],[12.331983,65.5491],[12.332067,65.549433]]]},"properties":{"appNo":"SP-2025-001970","applicant":"CODFARM AS","orgNo":"919228288","kind":"Ny tillatelse til andre fiskearter enn laks, ørret og regnbueørret.","status":"RETURNED","navn":"Storhestvika","areaChanged":true}},{"type":"Feature","geometry":{"type":"Polygon","coordinates":[[[12.68615,65.45255],[12.682267,65.45175],[12.68235,65.451633],[12.681633,65.45155],[12.68155,65.451667],[12.677233,65.451583],[12.676317,65.453067],[12.685233,65.454033],[12.68615,65.45255]]]},"properties":{"appNo":"SP-2025-001973","applicant":"CODFARM AS","orgNo":"919228288","kind":"Ny tillatelse til andre fiskearter enn laks, ørret og regnbueørret.","status":"SUBMITTED","navn":"Ramnbergvika","areaChanged":true}},{"type":"Feature","geometry":{"type":"Polygon","coordinates":[[[12.087867,65.50165],[12.094667,65.504917],[12.098617,65.5035],[12.09745,65.501967],[12.097017,65.501767],[12.0918,65.500233],[12.087867,65.50165]]]},"properties":{"appNo":"SP-2025-001981","applicant":"MOWI SEAWATER NORWAY AS","orgNo":"921668236","kind":"Ny lokalitet for laks, ørret og regnbueørret i sjø.","status":"SUBMITTED","navn":"Stortorgnes","areaChanged":true}},{"type":"Feature","geometry":{"type":"Polygon","coordinates":[[[17.551667,69.0375],[17.5675,69.0375],[17.556383,69.035283],[17.551667,69.0375]]]},"properties":{"appNo":"SP-2025-001982","applicant":"SKÅNOR AS","orgNo":"935028000","kind":"Ny tillatelse til andre arter enn fisk","status":"RETURNED","navn":"Skjæret Nord - Dyrøy kommune 5420 VA 07","areaChanged":true}},{"type":"Feature","geometry":{"type":"Polygon","coordinates":[[[12.314867,65.118333],[12.32765,65.1188],[12.328017,65.117],[12.322983,65.116367],[12.315217,65.116533],[12.314867,65.118333]]]},"properties":{"appNo":"SP-2025-001983","applicant":"SINKABERG HAVBRUK AS","orgNo":"926968955","kind":"Endring av lokalitet for laks, ørret og regnbueørret i sjø.","status":"SUBMITTED","loknr":10862,"navn":"BÅSEN"}},{"type":"Feature","geometry":{"type":"Polygon","coordinates":[[[5.188333,59.734983],[5.189,59.735033],[5.191317,59.735033],[5.191333,59.734217],[5.189,59.734217],[5.188333,59.734267],[5.188333,59.734983]]]},"properties":{"appNo":"SP-2025-001984","applicant":"HARDINGSMOLT AS","orgNo":"989867202","kind":"Ny lokalitet for laks, ørret og regnbueørret i sjø.","status":"SUBMITTED","navn":"Selvågneset","areaChanged":true}},{"type":"Feature","geometry":{"type":"Polygon","coordinates":[[[13.097683,67.95835],[13.09985,67.958267],[13.103467,67.958933],[13.10435,67.956667],[13.1024,67.9563],[13.0975,67.957333],[13.096317,67.957667],[13.097683,67.95835]]]},"properties":{"appNo":"SP-2025-002023","applicant":"MULTIGEN GADUS AS","orgNo":"935067081","kind":"Ny tillatelse til andre fiskearter enn laks, ørret og regnbueørret.","status":"SUBMITTED","navn":"Vorfjorden","areaChanged":true}},{"type":"Feature","geometry":{"type":"Polygon","coordinates":[[[11.989833,67.499617],[11.989567,67.496733],[11.98195,67.49665],[11.982167,67.499667],[11.989833,67.499617]]]},"properties":{"appNo":"SP-2025-002036","applicant":"BACASSA SEAWEED AS","orgNo":"927116758","kind":"Ny tillatelse til andre arter enn fisk","status":"SUBMITTED","navn":"Småskjæran","areaChanged":true}},{"type":"Feature","geometry":{"type":"Polygon","coordinates":[[[16.312867,68.215917],[16.302517,68.2138],[16.3,68.21515],[16.31095,68.217267],[16.312867,68.215917]]]},"properties":{"appNo":"SP-2025-002039","applicant":"GRATANGLAKS AS","orgNo":"988365777","kind":"Ny lokalitet for laks, ørret og regnbueørret i sjø.","status":"RETURNED","navn":"Skjellnes","areaChanged":true}},{"type":"Feature","geometry":{"type":"Polygon","coordinates":[[[12.55705,65.44755],[12.559883,65.448783],[12.568883,65.445267],[12.56775,65.443967],[12.567317,65.443767],[12.56605,65.444033],[12.55705,65.44755]]]},"properties":{"appNo":"SP-2025-002044","applicant":"MOWI SEAWATER NORWAY AS","orgNo":"921668236","kind":"Endring av flåte eller forankring","status":"SUBMITTED","loknr":10876,"navn":"ISTERVIKA","areaChanged":true}},{"type":"Feature","geometry":{"type":"Polygon","coordinates":[[[12.55705,65.44755],[12.559883,65.448783],[12.568883,65.445267],[12.56605,65.444033],[12.562033,65.445217],[12.561567,65.4454],[12.55705,65.44755]]]},"properties":{"appNo":"SP-2025-002044","applicant":"MOWI SEAWATER NORWAY AS","orgNo":"921668236","kind":"Endring av flåte eller forankring","status":"SUBMITTED","loknr":10876,"navn":"ISTERVIKA","areaChanged":true}},{"type":"Feature","geometry":{"type":"Polygon","coordinates":[[[10.30585,64.3239],[10.308917,64.323333],[10.309133,64.32325],[10.308833,64.32265],[10.301483,64.319483],[10.3,64.3201],[10.298533,64.31945],[10.297017,64.320083],[10.30585,64.3239]]]},"properties":{"appNo":"SP-2025-002057","applicant":"MÅSØVAL LISENS AS","orgNo":"994300474","kind":"Ny lokalitet for laks, ørret og regnbueørret i sjø.","status":"SUBMITTED","navn":"Levringen","areaChanged":true}},{"type":"Feature","geometry":{"type":"Polygon","coordinates":[[[5.859667,59.146117],[5.864317,59.1448],[5.863617,59.14405],[5.85885,59.1452],[5.859667,59.146117]]]},"properties":{"appNo":"SP-2025-002063","applicant":"MOWI SEAWATER NORWAY AS","orgNo":"921668236","kind":"Endring av lokalitet for laks, ørret og regnbueørret i sjø.","status":"SUBMITTED","loknr":10110,"navn":"DJUPEVIK","areaChanged":true}},{"type":"Feature","geometry":{"type":"Polygon","coordinates":[[[5.862667,59.149383],[5.8632,59.1499],[5.86375,59.149933],[5.8673,59.148083],[5.864317,59.1448],[5.859667,59.146117],[5.862667,59.149383]]]},"properties":{"appNo":"SP-2025-002063","applicant":"MOWI SEAWATER NORWAY AS","orgNo":"921668236","kind":"Endring av lokalitet for laks, ørret og regnbueørret i sjø.","status":"SUBMITTED","loknr":10110,"navn":"DJUPEVIK","areaChanged":true}},{"type":"Feature","geometry":{"type":"Polygon","coordinates":[[[5.831333,62.2044],[5.8339,62.202833],[5.829833,62.20035],[5.829583,62.20025],[5.824433,62.199733],[5.821833,62.2013],[5.831333,62.2044]]]},"properties":{"appNo":"SP-2025-002071","applicant":"NORDIC HALIBUT AS","orgNo":"974526441","kind":"Ny tillatelse til andre fiskearter enn laks, ørret og regnbueørret.","status":"SUBMITTED","navn":"Korsfura","areaChanged":true}},{"type":"Feature","geometry":{"type":"Polygon","coordinates":[[[5.721833,61.876133],[5.720883,61.87685],[5.723867,61.877817],[5.72485,61.8771],[5.721833,61.876133]]]},"properties":{"appNo":"SP-2025-002073","applicant":"EIDE FJORDBRUK AS","orgNo":"866751242","kind":"Endring av lokalitet for laks, ørret og regnbueørret i sjø.","status":"SUBMITTED","loknr":12224,"navn":"ISANE"}},{"type":"Feature","geometry":{"type":"Polygon","coordinates":[[[12.0436,65.494467],[12.048767,65.4936],[12.04915,65.493633],[12.049317,65.49335],[12.04895,65.493317],[12.047117,65.493383],[12.0406,65.489717],[12.037083,65.490783],[12.0436,65.494467]]]},"properties":{"appNo":"SP-2025-002074","applicant":"TORGHATTEN FARMING AS","orgNo":"918462511","kind":"Ny lokalitet for laks, ørret og regnbueørret i sjø.","status":"SUBMITTED","navn":"Bolværet","areaChanged":true}},{"type":"Feature","geometry":{"type":"Polygon","coordinates":[[[10.767333,59.8755],[10.768083,59.875983],[10.768633,59.875817],[10.76845,59.875417],[10.767333,59.8755]]]},"properties":{"appNo":"SP-2025-002077","applicant":"MARINREPARATØRENE","orgNo":"914725747","kind":"Ny tillatelse til andre arter enn fisk","status":"SUBMITTED","navn":"Sørfonden Slipp - Padda","areaChanged":true}},{"type":"Feature","geometry":{"type":"Polygon","coordinates":[[[15.308933,67.978567],[15.313717,67.978683],[15.314867,67.973317],[15.310083,67.973183],[15.306417,67.97335],[15.306333,67.973667],[15.307633,67.977383],[15.308933,67.978567]]]},"properties":{"appNo":"SP-2025-002079","applicant":"CERMAQ NORWAY SALMON AS","orgNo":"930152366","kind":"Endring av lokalitet for laks, ørret og regnbueørret i sjø.","status":"SUBMITTED","loknr":11320,"navn":"OKSØY","areaChanged":true}},{"type":"Feature","geometry":{"type":"Polygon","coordinates":[[[15.309267,67.9727],[15.3085,67.9769],[15.31205,67.976967],[15.312667,67.9728],[15.309267,67.9727]]]},"properties":{"appNo":"SP-2025-002079","applicant":"CERMAQ NORWAY SALMON AS","orgNo":"930152366","kind":"Endring av lokalitet for laks, ørret og regnbueørret i sjø.","status":"SUBMITTED","loknr":11320,"navn":"OKSØY","areaChanged":true}},{"type":"Feature","geometry":{"type":"Polygon","coordinates":[[[22.665467,70.512833],[22.6717,70.513417],[22.67535,70.511083],[22.675733,70.511133],[22.67595,70.510867],[22.675567,70.510833],[22.676067,70.508217],[22.669833,70.507633],[22.665467,70.512833]]]},"properties":{"appNo":"SP-2025-002080","applicant":"MOWI SEAWATER NORWAY AS","orgNo":"921668236","kind":"Ny lokalitet for laks, ørret og regnbueørret i sjø.","status":"SUBMITTED","navn":"Øyfjorden","areaChanged":true}},{"type":"Feature","geometry":{"type":"Polygon","coordinates":[[[11.120183,59.059267],[11.137617,59.059667],[11.1378,59.055267],[11.1205,59.054867],[11.120183,59.059267]]]},"properties":{"appNo":"SP-2025-002082","applicant":"PRONOFA ASA","orgNo":"926501836","kind":"Ny tillatelse til andre arter enn fisk","status":"SUBMITTED","navn":"Rødskjær N","areaChanged":true}},{"type":"Feature","geometry":{"type":"Polygon","coordinates":[[[15.316283,68.944733],[15.32285,68.943867],[15.3171,68.9383],[15.310517,68.939167],[15.30995,68.941683],[15.3103,68.942017],[15.316283,68.944733]]]},"properties":{"appNo":"SP-2025-002090","applicant":"CERMAQ NORWAY SALMON AS","orgNo":"930152366","kind":"Endring av lokalitet for laks, ørret og regnbueørret i sjø.","status":"SUBMITTED","loknr":20897,"navn":"GISLØY S","areaChanged":true}},{"type":"Feature","geometry":{"type":"Polygon","coordinates":[[[15.303283,68.94185],[15.308967,68.943967],[15.311067,68.94355],[15.310983,68.943483],[15.312867,68.9431],[15.3059,68.938933],[15.304133,68.9393],[15.30365,68.939],[15.301467,68.939467],[15.302083,68.939833],[15.303283,68.94185]]]},"properties":{"appNo":"SP-2025-002090","applicant":"CERMAQ NORWAY SALMON AS","orgNo":"930152366","kind":"Endring av lokalitet for laks, ørret og regnbueørret i sjø.","status":"SUBMITTED","loknr":20897,"navn":"GISLØY S","areaChanged":true}},{"type":"Feature","geometry":{"type":"Polygon","coordinates":[[[10.362217,64.288617],[10.362217,64.291117],[10.36805,64.291667],[10.374167,64.29195],[10.38055,64.28805],[10.384717,64.288883],[10.39,64.29195],[10.392217,64.29195],[10.401383,64.291117],[10.403617,64.288883],[10.401383,64.286117],[10.40555,64.283883],[10.402217,64.279717],[10.39055,64.279717],[10.3925,64.273617],[10.388883,64.275833],[10.3855,64.277783],[10.383333,64.281117],[10.37945,64.285833],[10.362217,64.288617]]]},"properties":{"appNo":"SP-2025-002099","applicant":"NORDIC SCALLOPS OSEN AS","orgNo":"936147224","kind":"Havbeite","status":"RETURNED","navn":"Jarnholmen","areaChanged":true}},{"type":"Feature","geometry":{"type":"Polygon","coordinates":[[[6.811117,62.802217],[6.81805,62.792783],[6.803883,62.784717],[6.776667,62.779167],[6.745,62.77555],[6.726383,62.792783],[6.759167,62.797217],[6.811117,62.802217]]]},"properties":{"appNo":"SP-2025-002101","applicant":"NORDIC SCALLOPS AUKRA AS","orgNo":"936147038","kind":"Havbeite","status":"RETURNED","navn":"Grunnefjorden Nord","areaChanged":true}},{"type":"Feature","geometry":{"type":"Polygon","coordinates":[[[12.2812,65.647117],[12.2842,65.645817],[12.285667,65.645933],[12.286033,65.64595],[12.286117,65.64565],[12.285717,65.64565],[12.276183,65.6427],[12.273183,65.644],[12.2812,65.647117]]]},"properties":{"appNo":"SP-2025-002103","applicant":"TORGHATTEN FARMING AS","orgNo":"918462511","kind":"Ny lokalitet for laks, ørret og regnbueørret i sjø.","status":"SUBMITTED","navn":"Esøya","areaChanged":true}},{"type":"Feature","geometry":{"type":"Polygon","coordinates":[[[6.039717,59.226117],[6.053567,59.2274],[6.053867,59.226517],[6.046733,59.225217],[6.046033,59.22515],[6.040033,59.225233],[6.039717,59.226117]]]},"properties":{"appNo":"SP-2025-002106","applicant":"MOWI SEAWATER NORWAY AS","orgNo":"921668236","kind":"Ny lokalitet for laks, ørret og regnbueørret i sjø.","status":"SUBMITTED","navn":"Breivik","areaChanged":true}},{"type":"Feature","geometry":{"type":"Polygon","coordinates":[[[15.01455,68.936167],[15.016433,68.93735],[15.020833,68.936967],[15.021483,68.936817],[15.024533,68.935633],[15.022633,68.934467],[15.01455,68.936167]]]},"properties":{"appNo":"SP-2025-002108","applicant":"ØYFISK AS","orgNo":"945095016","kind":"Endring av lokalitet for laks, ørret og regnbueørret i sjø.","status":"SUBMITTED","loknr":13784,"navn":"HØYDALSVIKA","areaChanged":true}},{"type":"Feature","geometry":{"type":"Polygon","coordinates":[[[15.023417,68.935367],[15.015883,68.936933],[15.018,68.937867],[15.0248,68.93645],[15.02515,68.9357],[15.023417,68.935367]]]},"properties":{"appNo":"SP-2025-002108","applicant":"ØYFISK AS","orgNo":"945095016","kind":"Endring av lokalitet for laks, ørret og regnbueørret i sjø.","status":"SUBMITTED","loknr":13784,"navn":"HØYDALSVIKA","areaChanged":true}},{"type":"Feature","geometry":{"type":"Polygon","coordinates":[[[13.598767,66.870117],[13.6061,66.867667],[13.604033,66.8667],[13.596683,66.869167],[13.595667,66.869067],[13.599,66.870667],[13.598767,66.870117]]]},"properties":{"appNo":"SP-2025-002141","applicant":"MOWI SEAWATER NORWAY AS","orgNo":"921668236","kind":"Søknad om samlokalisering","status":"SUBMITTED","loknr":29776,"navn":"TEKSMONA"}},{"type":"Feature","geometry":{"type":"Polygon","coordinates":[[[7.5152,63.05765],[7.51595,63.057417],[7.514967,63.056917],[7.514367,63.05725],[7.5152,63.05765]]]},"properties":{"appNo":"SP-2025-002143","applicant":"PURE NORWEGIAN SEAFOOD AS","orgNo":"995292971","kind":"Ny tillatelse til andre fiskearter enn laks, ørret og regnbueørret.","status":"SUBMITTED","loknr":27376,"navn":"HENDNESET"}},{"type":"Feature","geometry":{"type":"Polygon","coordinates":[[[6.730767,62.453083],[6.74325,62.451133],[6.742717,62.450417],[6.73025,62.452367],[6.730767,62.453083]]]},"properties":{"appNo":"SP-2025-002145","applicant":"HOFSETH SEA FARMING AS","orgNo":"930773840","kind":"Ny lokalitet for laks, ørret og regnbueørret i sjø.","status":"SUBMITTED","navn":"45128 Røneset","areaChanged":true}},{"type":"Feature","geometry":{"type":"Polygon","coordinates":[[[12.886433,66.204217],[12.890083,66.20325],[12.885117,66.19995],[12.881467,66.20095],[12.886433,66.204217]]]},"properties":{"appNo":"SP-2025-002150","applicant":"NORCOD AS","orgNo":"821489962","kind":"Ny tillatelse til andre fiskearter enn laks, ørret og regnbueørret.","status":"SUBMITTED","navn":"Båthella","areaChanged":true}},{"type":"Feature","geometry":{"type":"Polygon","coordinates":[[[12.80495,66.393167],[12.79435,66.393717],[12.794633,66.394567],[12.805217,66.394017],[12.806483,66.393533],[12.807017,66.393483],[12.806967,66.393367],[12.80495,66.393167]]]},"properties":{"appNo":"SP-2025-002155","applicant":"NOVA SEA HAVBRUK AS","orgNo":"827248312","kind":"Endring av lokalitet for laks, ørret og regnbueørret i sjø.","status":"SUBMITTED","loknr":15118,"navn":"KALVØYA","areaChanged":true}},{"type":"Feature","geometry":{"type":"Polygon","coordinates":[[[12.804883,66.393117],[12.7942,66.393717],[12.79435,66.39425],[12.805033,66.393667],[12.80615,66.39335],[12.804883,66.393117]]]},"properties":{"appNo":"SP-2025-002155","applicant":"NOVA SEA HAVBRUK AS","orgNo":"827248312","kind":"Endring av lokalitet for laks, ørret og regnbueørret i sjø.","status":"SUBMITTED","loknr":15118,"navn":"KALVØYA","areaChanged":true}},{"type":"Feature","geometry":{"type":"Polygon","coordinates":[[[23.744367,70.444183],[23.754467,70.44715],[23.756267,70.446483],[23.752617,70.444667],[23.752883,70.444567],[23.752283,70.444383],[23.752,70.444483],[23.74615,70.4435],[23.744367,70.444183]]]},"properties":{"appNo":"SP-2025-002160","applicant":"MOWI SEAWATER NORWAY AS","orgNo":"921668236","kind":"Ny lokalitet for laks, ørret og regnbueørret i sjø.","status":"RETURNED","navn":"Segelnes","areaChanged":true}},{"type":"Feature","geometry":{"type":"Polygon","coordinates":[[[14.39445,67.18615],[14.38505,67.1835],[14.38235,67.184983],[14.39175,67.187617],[14.394633,67.187583],[14.394633,67.187767],[14.3949,67.187767],[14.3949,67.187583],[14.39445,67.18615]]]},"properties":{"appNo":"SP-2025-002205","applicant":"SALTEN FOU AS","orgNo":"916917031","kind":"Søknad om samlokalisering","status":"SUBMITTED","loknr":35817,"navn":"STOREVIKA"}},{"type":"Feature","geometry":{"type":"Polygon","coordinates":[[[14.713558,67.440889],[14.706217,67.442533],[14.7258,67.441733],[14.72565,67.4411],[14.715867,67.440583],[14.713558,67.440889]],[[14.70605,67.441883],[14.713558,67.440889],[14.7147,67.440633],[14.70605,67.441883]]]},"properties":{"appNo":"SP-2025-002206","applicant":"SALTEN FOU AS","orgNo":"916917031","kind":"Søknad om samlokalisering","status":"SUBMITTED","loknr":36737,"navn":"HALLSTEINHAMN I"}},{"type":"Feature","geometry":{"type":"Polygon","coordinates":[[[13.963667,67.033583],[13.963417,67.03765],[13.967367,67.04065],[13.971883,67.040283],[13.96815,67.033233],[13.963667,67.033583]]]},"properties":{"appNo":"SP-2025-002207","applicant":"SALTEN FOU AS","orgNo":"916917031","kind":"Søknad om samlokalisering","status":"SUBMITTED","loknr":21397,"navn":"MIDT FEMRIS"}},{"type":"Feature","geometry":{"type":"Polygon","coordinates":[[[13.9467,67.075],[13.94925,67.074933],[13.94845,67.070983],[13.947067,67.070517],[13.945917,67.071067],[13.9467,67.075]]]},"properties":{"appNo":"SP-2025-002208","applicant":"SALTEN FOU AS","orgNo":"916917031","kind":"Søknad om samlokalisering","status":"SUBMITTED","loknr":11122,"navn":"RØSSØYA N"}},{"type":"Feature","geometry":{"type":"Polygon","coordinates":[[[14.12385,67.02615],[14.123033,67.030467],[14.126717,67.030567],[14.127517,67.026267],[14.125083,67.025633],[14.12515,67.025367],[14.123883,67.025333],[14.123833,67.0256],[14.12385,67.02615]]]},"properties":{"appNo":"SP-2025-002209","applicant":"SALTEN FOU AS","orgNo":"916917031","kind":"Søknad om samlokalisering","status":"SUBMITTED","loknr":30857,"navn":"LEIRVIK"}},{"type":"Feature","geometry":{"type":"Polygon","coordinates":[[[14.078783,67.0702],[14.0803,67.069417],[14.074317,67.0677],[14.0728,67.068483],[14.0732,67.069117],[14.07285,67.0693],[14.0736,67.069517],[14.073933,67.069333],[14.078783,67.0702]]]},"properties":{"appNo":"SP-2025-002210","applicant":"SALTEN FOU AS","orgNo":"916917031","kind":"Søknad om samlokalisering","status":"SUBMITTED","loknr":13290,"navn":"STIGVIKA"}},{"type":"Feature","geometry":{"type":"Polygon","coordinates":[[[15.236633,68.490017],[15.23065,68.492767],[15.231533,68.492967],[15.237467,68.4902],[15.236633,68.490017]]]},"properties":{"appNo":"SP-2025-002213","applicant":"NORDLAKS HAVBRUK AS","orgNo":"929911946","kind":"Endring av lokalitet for laks, ørret og regnbueørret i sjø.","status":"SUBMITTED","loknr":13782,"navn":"HELGENESHAMN"}},{"type":"Feature","geometry":{"type":"Polygon","coordinates":[[[5.824133,59.747533],[5.830533,59.749567],[5.832467,59.74795],[5.8262,59.74595],[5.824133,59.747533]]]},"properties":{"appNo":"SP-2025-002255","applicant":"STERLING WHITE HALIBUT AS","orgNo":"983356494","kind":"Ny tillatelse til andre fiskearter enn laks, ørret og regnbueørret.","status":"RETURNED","navn":"Toftekalven","areaChanged":true}},{"type":"Feature","geometry":{"type":"Polygon","coordinates":[[[12.136117,65.4726],[12.137433,65.471767],[12.133317,65.47065],[12.132517,65.471117],[12.133717,65.47155],[12.133983,65.471617],[12.134117,65.472067],[12.136117,65.4726]]]},"properties":{"appNo":"SP-2025-002291","applicant":"CODFARM AS","orgNo":"919228288","kind":"Ny tillatelse til andre fiskearter enn laks, ørret og regnbueørret.","status":"SUBMITTED","loknr":10898,"navn":"LAMHOLMEN"}},{"type":"Feature","geometry":{"type":"Polygon","coordinates":[[[5.103983,59.895967],[5.105367,59.896117],[5.105583,59.89565],[5.104183,59.895483],[5.103033,59.895417],[5.1028,59.8957],[5.103983,59.895967]]]},"properties":{"appNo":"SP-2025-002296","applicant":"EIDE BRANDASUND AS","orgNo":"933312550","kind":"Endring av lokalitet for laks, ørret og regnbueørret i sjø.","status":"SUBMITTED","loknr":16281,"navn":"KASTEVIKA"}},{"type":"Feature","geometry":{"type":"Polygon","coordinates":[[[10.42685,64.40855],[10.427617,64.408633],[10.4278,64.408733],[10.428333,64.4086],[10.428167,64.408483],[10.4301,64.407683],[10.424767,64.4043],[10.421533,64.405167],[10.42685,64.40855]]]},"properties":{"appNo":"SP-2025-002298","applicant":"NORCOD AS","orgNo":"821489962","kind":"Ny tillatelse til andre fiskearter enn laks, ørret og regnbueørret.","status":"SUBMITTED","navn":"Sandholmtaren","areaChanged":true}},{"type":"Feature","geometry":{"type":"Polygon","coordinates":[[[25.005517,70.918467],[25.01155,70.9181],[25.007417,70.91125],[25.00135,70.9116],[25.001683,70.914783],[25.000583,70.91485],[25.000883,70.915417],[25.002067,70.915383],[25.005517,70.918467]]]},"properties":{"appNo":"SP-2025-002333","applicant":"CERMAQ NORWAY SALMON AS","orgNo":"930152366","kind":"Endring av lokalitet for laks, ørret og regnbueørret i sjø.","status":"SUBMITTED","loknr":32797,"navn":"ELVEVIKA","areaChanged":true}},{"type":"Feature","geometry":{"type":"Polygon","coordinates":[[[25.008483,70.91935],[25.011083,70.918417],[25.004017,70.916267],[25.001433,70.9172],[25.009167,70.919817],[25.00865,70.919967],[25.009433,70.920217],[25.00995,70.920083],[25.008483,70.91935]]]},"properties":{"appNo":"SP-2025-002333","applicant":"CERMAQ NORWAY SALMON AS","orgNo":"930152366","kind":"Endring av lokalitet for laks, ørret og regnbueørret i sjø.","status":"SUBMITTED","loknr":32797,"navn":"ELVEVIKA","areaChanged":true}},{"type":"Feature","geometry":{"type":"Polygon","coordinates":[[[5.798743,61.194057],[5.803733,61.194],[5.803733,61.19315],[5.798667,61.193167],[5.79875,61.194017],[5.798743,61.194057]],[[5.798667,61.1945],[5.798743,61.194057],[5.797883,61.194067],[5.798167,61.1945],[5.798667,61.1945]]]},"properties":{"appNo":"SP-2025-002337","applicant":"AUSTEVOLL MELAKS AS","orgNo":"959473706","kind":"Søknad om samlokalisering","status":"RETURNED","loknr":21335,"navn":"FLOTENESET"}},{"type":"Feature","geometry":{"type":"Polygon","coordinates":[[[17.005917,69.148567],[17.0221,69.1488],[17.022233,69.147367],[17.0134,69.1465],[17.012867,69.1465],[17.006067,69.147133],[17.005917,69.148567]]]},"properties":{"appNo":"SP-2025-002345","applicant":"FLAKSTADVÅG LAKS AS","orgNo":"858000742","kind":"Endring av lokalitet for laks, ørret og regnbueørret i sjø.","status":"RETURNED","loknr":11357,"navn":"SKARVBERGET","areaChanged":true}},{"type":"Feature","geometry":{"type":"Polygon","coordinates":[[[17.003483,69.147417],[17.0052,69.148417],[17.0164,69.145967],[17.014683,69.144967],[17.0091,69.1455],[17.008933,69.145433],[17.00845,69.145583],[17.0086,69.145633],[17.003483,69.147417]]]},"properties":{"appNo":"SP-2025-002345","applicant":"FLAKSTADVÅG LAKS AS","orgNo":"858000742","kind":"Endring av lokalitet for laks, ørret og regnbueørret i sjø.","status":"RETURNED","loknr":11357,"navn":"SKARVBERGET","areaChanged":true}},{"type":"Feature","geometry":{"type":"Polygon","coordinates":[[[13.256283,66.76105],[13.265683,66.763583],[13.268317,66.7621],[13.265617,66.760683],[13.26505,66.760533],[13.2589,66.759567],[13.256283,66.76105]]]},"properties":{"appNo":"SP-2025-002347","applicant":"NORCOD AS","orgNo":"821489962","kind":"Ny tillatelse til andre fiskearter enn laks, ørret og regnbueørret.","status":"SUBMITTED","loknr":45073,"navn":"FROSVIKA","areaChanged":true}},{"type":"Feature","geometry":{"type":"Polygon","coordinates":[[[13.26075,66.760067],[13.258183,66.76155],[13.2657,66.763583],[13.268317,66.762117],[13.265633,66.7607],[13.26505,66.760533],[13.26075,66.760067]]]},"properties":{"appNo":"SP-2025-002347","applicant":"NORCOD AS","orgNo":"821489962","kind":"Ny tillatelse til andre fiskearter enn laks, ørret og regnbueørret.","status":"SUBMITTED","loknr":45073,"navn":"FROSVIKA","areaChanged":true}},{"type":"Feature","geometry":{"type":"Polygon","coordinates":[[[29.609567,69.9208],[29.60835,69.92255],[29.616017,69.923167],[29.617233,69.921417],[29.61445,69.92035],[29.613417,69.920267],[29.609567,69.9208]]]},"properties":{"appNo":"SP-2026-002349","applicant":"LERØY AURORA SJØ AS","orgNo":"930155179","kind":"Ny lokalitet for laks, ørret og regnbueørret i sjø.","status":"RETURNED","navn":"Kasterholmen","areaChanged":true}},{"type":"Feature","geometry":{"type":"Polygon","coordinates":[[[29.420833,70.01505],[29.420317,70.016683],[29.420683,70.016917],[29.4275,70.01945],[29.433117,70.01845],[29.426433,70.014067],[29.420833,70.01505]]]},"properties":{"appNo":"SP-2026-002350","applicant":"LERØY AURORA SJØ AS","orgNo":"930155179","kind":"Ny lokalitet for laks, ørret og regnbueørret i sjø.","status":"RETURNED","navn":"Mattisnes","areaChanged":true}},{"type":"Feature","geometry":{"type":"Polygon","coordinates":[[[29.570217,69.992333],[29.565933,69.992967],[29.565367,69.993267],[29.562517,69.996533],[29.5678,69.9977],[29.5755,69.993517],[29.570217,69.992333]]]},"properties":{"appNo":"SP-2026-002351","applicant":"LERØY AURORA SJØ AS","orgNo":"930155179","kind":"Ny lokalitet for laks, ørret og regnbueørret i sjø.","status":"SUBMITTED","navn":"Smørvika","areaChanged":true}},{"type":"Feature","geometry":{"type":"Polygon","coordinates":[[[5.798743,61.194057],[5.803733,61.194],[5.803733,61.19315],[5.798667,61.193167],[5.79875,61.194017],[5.798743,61.194057]],[[5.798667,61.1945],[5.798743,61.194057],[5.797883,61.194067],[5.798167,61.1945],[5.798667,61.1945]]]},"properties":{"appNo":"SP-2026-002386","applicant":"AUSTEVOLL MELAKS AS","orgNo":"959473706","kind":"Endring av lokalitet for laks, ørret og regnbueørret i sjø.","status":"SUBMITTED","loknr":21335,"navn":"FLOTENESET"}},{"type":"Feature","geometry":{"type":"Polygon","coordinates":[[[15.394933,68.822133],[15.396267,68.824467],[15.400817,68.826217],[15.405383,68.825367],[15.399467,68.821317],[15.394933,68.822133]]]},"properties":{"appNo":"SP-2026-002390","applicant":"HOLMØY HAVBRUK AS","orgNo":"929535081","kind":"Søknad om samlokalisering","status":"SUBMITTED","loknr":36118,"navn":"BREMNESØYA"}},{"type":"Feature","geometry":{"type":"Polygon","coordinates":[[[10.690717,64.41695],[10.691183,64.41715],[10.691433,64.417717],[10.699483,64.4211],[10.702117,64.41995],[10.694067,64.41655],[10.69145,64.417033],[10.690983,64.41685],[10.690717,64.41695]]]},"properties":{"appNo":"SP-2026-002392","applicant":"MOWI SEAWATER NORWAY AS","orgNo":"921668236","kind":"Endring av lokalitet for laks, ørret og regnbueørret i sjø.","status":"SUBMITTED","loknr":26795,"navn":"AUSTVIKA","areaChanged":true}},{"type":"Feature","geometry":{"type":"Polygon","coordinates":[[[10.69785,64.420667],[10.701067,64.41925],[10.694367,64.416433],[10.691167,64.417833],[10.69785,64.420667]]]},"properties":{"appNo":"SP-2026-002392","applicant":"MOWI SEAWATER NORWAY AS","orgNo":"921668236","kind":"Endring av lokalitet for laks, ørret og regnbueørret i sjø.","status":"SUBMITTED","loknr":26795,"navn":"AUSTVIKA","areaChanged":true}},{"type":"Feature","geometry":{"type":"Polygon","coordinates":[[[5.7994,61.193833],[5.803883,61.193617],[5.803733,61.192917],[5.79925,61.193117],[5.79845,61.194183],[5.798733,61.194417],[5.7989,61.194367],[5.798617,61.194133],[5.7994,61.193833]]]},"properties":{"appNo":"SP-2026-002393","applicant":"OSLAND SEAFOOD AS","orgNo":"920002218","kind":"Ny lokalitet for laks, ørret og regnbueørret i sjø.","status":"SUBMITTED","navn":"Floteneset","areaChanged":true}},{"type":"Feature","geometry":{"type":"Polygon","coordinates":[[[17.005917,69.148567],[17.0221,69.1488],[17.022233,69.147367],[17.0134,69.1465],[17.012867,69.1465],[17.006067,69.147133],[17.005917,69.148567]]]},"properties":{"appNo":"SP-2026-002400","applicant":"FLAKSTADVÅG LAKS AS","orgNo":"858000742","kind":"Endring av lokalitet for laks, ørret og regnbueørret i sjø.","status":"SUBMITTED","loknr":11357,"navn":"SKARVBERGET","areaChanged":true}},{"type":"Feature","geometry":{"type":"Polygon","coordinates":[[[17.003483,69.147417],[17.0052,69.148417],[17.0164,69.145967],[17.014683,69.144967],[17.0091,69.1455],[17.008933,69.145433],[17.00845,69.145583],[17.0086,69.145633],[17.003483,69.147417]]]},"properties":{"appNo":"SP-2026-002400","applicant":"FLAKSTADVÅG LAKS AS","orgNo":"858000742","kind":"Endring av lokalitet for laks, ørret og regnbueørret i sjø.","status":"SUBMITTED","loknr":11357,"navn":"SKARVBERGET","areaChanged":true}},{"type":"Feature","geometry":{"type":"Polygon","coordinates":[[[10.50725,59.780167],[10.5086,59.7785],[10.507017,59.778117],[10.50565,59.779767],[10.50725,59.780167]]]},"properties":{"appNo":"SP-2026-002403","applicant":"MILJØSTIFTELSEN BELLONA","orgNo":"948778599","kind":"Ny tillatelse til andre arter enn fisk","status":"SUBMITTED","navn":"Slemmestad","areaChanged":true}},{"type":"Feature","geometry":{"type":"Polygon","coordinates":[[[16.312867,68.215917],[16.302517,68.2138],[16.3,68.21515],[16.302333,68.2171],[16.3041,68.217433],[16.31095,68.217267],[16.312867,68.215917]]]},"properties":{"appNo":"SP-2026-002404","applicant":"GRATANGLAKS AS","orgNo":"988365777","kind":"Ny lokalitet for laks, ørret og regnbueørret i sjø.","status":"SUBMITTED","navn":"Skjellnes","areaChanged":true}},{"type":"Feature","geometry":{"type":"Polygon","coordinates":[[[15.374283,68.611483],[15.374383,68.611233],[15.3729,68.609367],[15.367983,68.609167],[15.36645,68.61295],[15.371367,68.61315],[15.374283,68.611483]]]},"properties":{"appNo":"SP-2026-002405","applicant":"NORDLAKS HAVBRUK AS","orgNo":"929911946","kind":"Endring av lokalitet for laks, ørret og regnbueørret i sjø.","status":"SUBMITTED","loknr":11410,"navn":"LITLEØYA","areaChanged":true}},{"type":"Feature","geometry":{"type":"Polygon","coordinates":[[[15.382367,68.614167],[15.384233,68.613933],[15.381117,68.6094],[15.379767,68.609167],[15.3779,68.6094],[15.382367,68.614167]]]},"properties":{"appNo":"SP-2026-002405","applicant":"NORDLAKS HAVBRUK AS","orgNo":"929911946","kind":"Endring av lokalitet for laks, ørret og regnbueørret i sjø.","status":"SUBMITTED","loknr":11410,"navn":"LITLEØYA","areaChanged":true}},{"type":"Feature","geometry":{"type":"Polygon","coordinates":[[[5.444683,59.060767],[5.44815,59.060583],[5.44705,59.055233],[5.443583,59.0554],[5.443183,59.058117],[5.444683,59.060767]]]},"properties":{"appNo":"SP-2026-002407","applicant":"GRIEG SEAFOOD FARMING AS","orgNo":"935496578","kind":"Endring av lokalitet for laks, ørret og regnbueørret i sjø.","status":"SUBMITTED","loknr":14136,"navn":"HESTHOLMEN Ø"}},{"type":"Feature","geometry":{"type":"Polygon","coordinates":[[[10.505333,59.522617],[10.505133,59.5234],[10.5069,59.523567],[10.5072,59.5228],[10.505333,59.522617]]]},"properties":{"appNo":"SP-2026-002408","applicant":"HAVSPIRE AS","orgNo":"935080355","kind":"Ny tillatelse til andre arter enn fisk","status":"SUBMITTED","navn":"Sandbukta Asker","areaChanged":true}},{"type":"Feature","geometry":{"type":"Polygon","coordinates":[[[15.3455,68.607567],[15.347583,68.607667],[15.350933,68.604517],[15.351083,68.604233],[15.35025,68.601633],[15.348167,68.601517],[15.3455,68.607567]]]},"properties":{"appNo":"SP-2026-002443","applicant":"NORDLAKS HAVBRUK AS","orgNo":"929911946","kind":"Endring av lokalitet for laks, ørret og regnbueørret i sjø.","status":"SUBMITTED","loknr":33117,"navn":"DJUPVIK","areaChanged":true}},{"type":"Feature","geometry":{"type":"Polygon","coordinates":[[[15.3482,68.602367],[15.34685,68.604867],[15.348067,68.60495],[15.34945,68.60245],[15.347583,68.601783],[15.347667,68.601517],[15.346933,68.601483],[15.34685,68.60175],[15.3482,68.602367]]]},"properties":{"appNo":"SP-2026-002443","applicant":"NORDLAKS HAVBRUK AS","orgNo":"929911946","kind":"Endring av lokalitet for laks, ørret og regnbueørret i sjø.","status":"SUBMITTED","loknr":33117,"navn":"DJUPVIK","areaChanged":true}},{"type":"Feature","geometry":{"type":"Polygon","coordinates":[[[12.88795,66.5306],[12.884633,66.5312],[12.88635,66.533483],[12.88595,66.53355],[12.886217,66.5338],[12.886617,66.533733],[12.888917,66.535133],[12.892233,66.53455],[12.88795,66.5306]]]},"properties":{"appNo":"SP-2026-002444","applicant":"KVARØY FISKEOPPDRETT A/S","orgNo":"947672134","kind":"Endring av lokalitet for laks, ørret og regnbueørret i sjø.","status":"SUBMITTED","loknr":33657,"navn":"MOVIKODDEN N"}},{"type":"Feature","geometry":{"type":"Polygon","coordinates":[[[14.418933,67.397683],[14.415933,67.3976],[14.415633,67.39725],[14.414767,67.397383],[14.41505,67.397717],[14.414817,67.398233],[14.418167,67.4021],[14.4223,67.401617],[14.418933,67.397683]]]},"properties":{"appNo":"SP-2026-002446","applicant":"LOFOTEN SJØPRODUKTER AS","orgNo":"943609551","kind":"Ny lokalitet for laks, ørret og regnbueørret i sjø.","status":"SUBMITTED","navn":"Kalvøya Midt","areaChanged":true}},{"type":"Feature","geometry":{"type":"Polygon","coordinates":[[[5.42235,62.117867],[5.423517,62.115233],[5.412233,62.114033],[5.411083,62.116667],[5.42235,62.117867]]]},"properties":{"appNo":"SP-2026-002450","applicant":"MOWI SEAWATER NORWAY AS","orgNo":"921668236","kind":"Endring av lokalitet for laks, ørret og regnbueørret i sjø.","status":"SUBMITTED","loknr":12237,"navn":"BRUDEVIKA","areaChanged":true}},{"type":"Feature","geometry":{"type":"Polygon","coordinates":[[[5.4257,62.117167],[5.417783,62.114683],[5.415983,62.115917],[5.4239,62.1184],[5.4257,62.117167]]]},"properties":{"appNo":"SP-2026-002450","applicant":"MOWI SEAWATER NORWAY AS","orgNo":"921668236","kind":"Endring av lokalitet for laks, ørret og regnbueørret i sjø.","status":"SUBMITTED","loknr":12237,"navn":"BRUDEVIKA","areaChanged":true}},{"type":"Feature","geometry":{"type":"Polygon","coordinates":[[[12.192433,65.8345],[12.193417,65.83435],[12.19205,65.832883],[12.192883,65.83275],[12.19255,65.832417],[12.191733,65.83255],[12.190367,65.8311],[12.189683,65.831217],[12.189167,65.830667],[12.188333,65.8308],[12.188517,65.830967],[12.189017,65.830883],[12.189383,65.83125],[12.192433,65.8345]]]},"properties":{"appNo":"SP-2026-002451","applicant":"AKVAFUTURE AS","orgNo":"996482537","kind":"Ny lokalitet for laks, ørret og regnbueørret i sjø.","status":"SUBMITTED","navn":"Kalvøya","areaChanged":true}},{"type":"Feature","geometry":{"type":"Polygon","coordinates":[[[12.40365,66.400333],[12.419483,66.401633],[12.421983,66.40155],[12.422033,66.401467],[12.419783,66.40105],[12.403933,66.39975],[12.40365,66.400333]]]},"properties":{"appNo":"SP-2026-002453","applicant":"LOVUNDLAKS SJØ AS","orgNo":"929601610","kind":"Endring av lokalitet for laks, ørret og regnbueørret i sjø.","status":"SUBMITTED","loknr":10974,"navn":"STORE BUKKØY N","areaChanged":true}},{"type":"Feature","geometry":{"type":"Polygon","coordinates":[[[12.4037,66.400233],[12.419783,66.401517],[12.421517,66.4016],[12.419917,66.401267],[12.403867,66.3999],[12.4037,66.400233]]]},"properties":{"appNo":"SP-2026-002453","applicant":"LOVUNDLAKS SJØ AS","orgNo":"929601610","kind":"Endring av lokalitet for laks, ørret og regnbueørret i sjø.","status":"SUBMITTED","loknr":10974,"navn":"STORE BUKKØY N","areaChanged":true}},{"type":"Feature","geometry":{"type":"Polygon","coordinates":[[[13.019683,66.423583],[13.022733,66.423017],[13.021283,66.419683],[13.020867,66.419267],[13.016933,66.418133],[13.01385,66.4187],[13.019683,66.423583]]]},"properties":{"appNo":"SP-2026-002454","applicant":"KVARØY FISKEOPPDRETT A/S","orgNo":"947672134","kind":"Endring av lokalitet for laks, ørret og regnbueørret i sjø.","status":"SUBMITTED","loknr":17235,"navn":"ØRNES"}},{"type":"Feature","geometry":{"type":"Polygon","coordinates":[[[13.11455,66.6314],[13.11045,66.6274],[13.11065,66.627183],[13.114367,66.62655],[13.11585,66.626533],[13.115833,66.62595],[13.114367,66.625967],[13.110433,66.62715],[13.11025,66.62735],[13.1083,66.627533],[13.104383,66.6285],[13.110667,66.632367],[13.11455,66.6314]]]},"properties":{"appNo":"SP-2026-002455","applicant":"NOVA SEA HAVBRUK AS","orgNo":"827248312","kind":"Endring av flåte eller forankring","status":"SUBMITTED","loknr":45140,"navn":"NORDSKAFTET","areaChanged":true}},{"type":"Feature","geometry":{"type":"Polygon","coordinates":[[[13.11455,66.6314],[13.11075,66.627167],[13.110383,66.627117],[13.1083,66.627533],[13.104383,66.6285],[13.110667,66.632367],[13.11455,66.6314]]]},"properties":{"appNo":"SP-2026-002455","applicant":"NOVA SEA HAVBRUK AS","orgNo":"827248312","kind":"Endring av flåte eller forankring","status":"SUBMITTED","loknr":45140,"navn":"NORDSKAFTET","areaChanged":true}},{"type":"Feature","geometry":{"type":"Polygon","coordinates":[[[12.03165,65.246967],[12.0327,65.247],[12.03315,65.243533],[12.0325,65.243167],[12.031633,65.243167],[12.031633,65.243333],[12.0321,65.2435],[12.031017,65.245067],[12.031017,65.245417],[12.03165,65.246967]]]},"properties":{"appNo":"SP-2026-002458","applicant":"AKVAFUTURE AS","orgNo":"996482537","kind":"Ny lokalitet for laks, ørret og regnbueørret i sjø.","status":"SUBMITTED","navn":"Rossvika","areaChanged":true}},{"type":"Feature","geometry":{"type":"Polygon","coordinates":[[[12.937833,66.465017],[12.94665,66.463633],[12.9455,66.462467],[12.941583,66.462433],[12.94095,66.462517],[12.936683,66.46385],[12.937833,66.465017]]]},"properties":{"appNo":"SP-2026-002460","applicant":"KVARØY FISKEOPPDRETT A/S","orgNo":"947672134","kind":"Endring av lokalitet for laks, ørret og regnbueørret i sjø.","status":"RETURNED","loknr":13765,"navn":"BREIVIKEN","areaChanged":true}},{"type":"Feature","geometry":{"type":"Polygon","coordinates":[[[12.955667,66.461017],[12.9543,66.46145],[12.955683,66.4623],[12.960417,66.462267],[12.960383,66.461017],[12.955667,66.461017]]]},"properties":{"appNo":"SP-2026-002460","applicant":"KVARØY FISKEOPPDRETT A/S","orgNo":"947672134","kind":"Endring av lokalitet for laks, ørret og regnbueørret i sjø.","status":"RETURNED","loknr":13765,"navn":"BREIVIKEN","areaChanged":true}},{"type":"Feature","geometry":{"type":"Polygon","coordinates":[[[12.85,66.587333],[12.846533,66.589133],[12.846283,66.591483],[12.849283,66.5919],[12.852983,66.58775],[12.85,66.587333]]]},"properties":{"appNo":"SP-2026-002462","applicant":"SELSØYVIK HAVBRUK AS","orgNo":"996236625","kind":"Endring av lokalitet for laks, ørret og regnbueørret i sjø.","status":"SUBMITTED","loknr":36517,"navn":"SELSØYVÆR"}},{"type":"Feature","geometry":{"type":"Polygon","coordinates":[[[12.735567,66.73225],[12.73975,66.732133],[12.743217,66.73165],[12.746467,66.730867],[12.749133,66.729633],[12.750417,66.728733],[12.751533,66.72735],[12.75175,66.725683],[12.750633,66.723883],[12.747467,66.721983],[12.743217,66.720767],[12.73705,66.72015],[12.731467,66.720483],[12.727317,66.721367],[12.724333,66.722533],[12.722467,66.723783],[12.721417,66.725167],[12.721417,66.72725],[12.722467,66.728633],[12.726483,66.730783],[12.730483,66.731783],[12.735567,66.73225]]]},"properties":{"appNo":"SP-2026-002463","applicant":"VIEWPOINT SPIDERCAGE AS","orgNo":"920936482","kind":"Ny lokalitet for laks, ørret og regnbueørret i sjø.","status":"SUBMITTED","navn":"Gannflesa","areaChanged":true}},{"type":"Feature","geometry":{"type":"Polygon","coordinates":[[[14.873933,68.814983],[14.876333,68.81475],[14.875967,68.811717],[14.875733,68.811367],[14.871983,68.80865],[14.869567,68.808883],[14.873933,68.814983]]]},"properties":{"appNo":"SP-2026-002464","applicant":"CERMAQ NORWAY SALMON AS","orgNo":"930152366","kind":"Ny lokalitet for laks, ørret og regnbueørret i sjø.","status":"SUBMITTED","navn":"Langøy","areaChanged":true}},{"type":"Feature","geometry":{"type":"Polygon","coordinates":[[[14.85465,68.8464],[14.859633,68.846317],[14.859083,68.840917],[14.854117,68.841],[14.85265,68.844],[14.8527,68.844367],[14.85465,68.8464]]]},"properties":{"appNo":"SP-2026-002465","applicant":"CERMAQ NORWAY SALMON AS","orgNo":"930152366","kind":"Endring av lokalitet for laks, ørret og regnbueørret i sjø.","status":"SUBMITTED","loknr":20876,"navn":"BØRØYA","areaChanged":true}},{"type":"Feature","geometry":{"type":"Polygon","coordinates":[[[14.85305,68.8427],[14.851483,68.843783],[14.851567,68.844233],[14.85375,68.8461],[14.856233,68.846033],[14.85555,68.842633],[14.85475,68.842017],[14.853517,68.84205],[14.85305,68.8427]]]},"properties":{"appNo":"SP-2026-002465","applicant":"CERMAQ NORWAY SALMON AS","orgNo":"930152366","kind":"Endring av lokalitet for laks, ørret og regnbueørret i sjø.","status":"SUBMITTED","loknr":20876,"navn":"BØRØYA","areaChanged":true}},{"type":"Feature","geometry":{"type":"Polygon","coordinates":[[[12.515533,66.582583],[12.522133,66.58625],[12.52505,66.586083],[12.525767,66.585867],[12.525783,66.585183],[12.519183,66.581517],[12.515533,66.582583]]]},"properties":{"appNo":"SP-2026-002471","applicant":"KIME AKVA AS","orgNo":"925155748","kind":"Ny tillatelse til andre fiskearter enn laks, ørret og regnbueørret.","status":"SUBMITTED","navn":"Flatskjæret","areaChanged":true}},{"type":"Feature","geometry":{"type":"Polygon","coordinates":[[[5.63595,61.893917],[5.630717,61.8939],[5.629683,61.894383],[5.63,61.897433],[5.634533,61.899083],[5.640483,61.895567],[5.63595,61.893917]]]},"properties":{"appNo":"SP-2026-002473","applicant":"MOWI SEAWATER NORWAY AS","orgNo":"921668236","kind":"Endring av lokalitet for laks, ørret og regnbueørret i sjø.","status":"SUBMITTED","loknr":13242,"navn":"JUVIKA B","areaChanged":true}},{"type":"Feature","geometry":{"type":"Polygon","coordinates":[[[5.631667,61.8975],[5.63805,61.895],[5.635833,61.893617],[5.62945,61.896117],[5.631667,61.8975]]]},"properties":{"appNo":"SP-2026-002473","applicant":"MOWI SEAWATER NORWAY AS","orgNo":"921668236","kind":"Endring av lokalitet for laks, ørret og regnbueørret i sjø.","status":"SUBMITTED","loknr":13242,"navn":"JUVIKA B","areaChanged":true}},{"type":"Feature","geometry":{"type":"Polygon","coordinates":[[[10.701517,59.90965],[10.701933,59.9098],[10.70265,59.909283],[10.70225,59.909133],[10.701517,59.90965]]]},"properties":{"appNo":"SP-2026-002474","applicant":"MARINREPARATØRENE","orgNo":"914725747","kind":"Ny tillatelse til andre arter enn fisk","status":"SUBMITTED","navn":"Christiania Roklub","areaChanged":true}},{"type":"Feature","geometry":{"type":"Polygon","coordinates":[[[5.094217,61.911167],[5.090283,61.91055],[5.0905,61.912417],[5.09225,61.9136],[5.095983,61.912333],[5.094217,61.911167]]]},"properties":{"appNo":"SP-2026-002480","applicant":"LANGØYLAKS AS","orgNo":"829512572","kind":"Endring av lokalitet for laks, ørret og regnbueørret i sjø.","status":"SUBMITTED","loknr":45072,"navn":"BLEKET"}},{"type":"Feature","geometry":{"type":"Polygon","coordinates":[[[6.923383,62.7812],[6.92065,62.78205],[6.920417,62.782317],[6.921,62.783667],[6.931783,62.785883],[6.93415,62.783417],[6.923383,62.7812]]]},"properties":{"appNo":"SP-2026-002482","applicant":"MOWI SEAWATER NORWAY AS","orgNo":"921668236","kind":"Endring av lokalitet for laks, ørret og regnbueørret i sjø.","status":"SUBMITTED","loknr":12988,"navn":"AUKRASANDEN","areaChanged":true}},{"type":"Feature","geometry":{"type":"Polygon","coordinates":[[[6.921883,62.783317],[6.9291,62.7848],[6.930317,62.783483],[6.923083,62.782017],[6.921883,62.783317]],[[6.921317,62.782883],[6.921567,62.782633],[6.921383,62.782583],[6.921117,62.782833],[6.921317,62.782883]]]},"properties":{"appNo":"SP-2026-002482","applicant":"MOWI SEAWATER NORWAY AS","orgNo":"921668236","kind":"Endring av lokalitet for laks, ørret og regnbueørret i sjø.","status":"SUBMITTED","loknr":12988,"navn":"AUKRASANDEN","areaChanged":true}},{"type":"Feature","geometry":{"type":"Polygon","coordinates":[[[13.000483,66.552133],[12.9908,66.5509],[12.989583,66.552433],[12.993633,66.553567],[12.994267,66.553633],[12.999267,66.553683],[13.000483,66.552133]]]},"properties":{"appNo":"SP-2026-002484","applicant":"KVARØY FISKEOPPDRETT A/S","orgNo":"947672134","kind":"Ny lokalitet for laks, ørret og regnbueørret i sjø.","status":"SUBMITTED","navn":"Lille Bjørnøya","areaChanged":true}},{"type":"Feature","geometry":{"type":"Polygon","coordinates":[[[15.3505,67.528367],[15.352067,67.529983],[15.359883,67.52945],[15.368883,67.527633],[15.3673,67.526033],[15.3505,67.528367]]]},"properties":{"appNo":"SP-2026-002485","applicant":"MOWI SEAWATER NORWAY AS","orgNo":"921668236","kind":"Søknad om samlokalisering","status":"SUBMITTED","loknr":36117,"navn":"MATVIKA"}},{"type":"Feature","geometry":{"type":"Polygon","coordinates":[[[5.460617,60.059417],[5.460583,60.058433],[5.446717,60.058433],[5.446733,60.059433],[5.453683,60.060167],[5.454233,60.060167],[5.460617,60.059417]]]},"properties":{"appNo":"SP-2026-002487","applicant":"LERØY VEST SJØ AS","orgNo":"930185698","kind":"Endring av lokalitet for laks, ørret og regnbueørret i sjø.","status":"SUBMITTED","loknr":14799,"navn":"DJUPESTALLEN","areaChanged":true}},{"type":"Feature","geometry":{"type":"Polygon","coordinates":[[[5.4474,60.05945],[5.452083,60.0602],[5.4526,60.060167],[5.460467,60.059567],[5.46035,60.058433],[5.4471,60.058333],[5.4474,60.05945]]]},"properties":{"appNo":"SP-2026-002487","applicant":"LERØY VEST SJØ AS","orgNo":"930185698","kind":"Endring av lokalitet for laks, ørret og regnbueørret i sjø.","status":"SUBMITTED","loknr":14799,"navn":"DJUPESTALLEN","areaChanged":true}},{"type":"Feature","geometry":{"type":"Polygon","coordinates":[[[4.890683,60.752483],[4.889067,60.750667],[4.886333,60.7502],[4.8832,60.751017],[4.878617,60.752867],[4.880317,60.754767],[4.890683,60.752483]]]},"properties":{"appNo":"SP-2026-002490","applicant":"LINGALAKS AS","orgNo":"960900626","kind":"Endring av flåte eller forankring","status":"SUBMITTED","loknr":11665,"navn":"JIBBERSHOLMANE","areaChanged":true}},{"type":"Feature","geometry":{"type":"Polygon","coordinates":[[[4.890683,60.752483],[4.889067,60.750667],[4.8842,60.7508],[4.8832,60.751017],[4.878617,60.752867],[4.880317,60.754767],[4.890683,60.752483]]]},"properties":{"appNo":"SP-2026-002490","applicant":"LINGALAKS AS","orgNo":"960900626","kind":"Endring av flåte eller forankring","status":"SUBMITTED","loknr":11665,"navn":"JIBBERSHOLMANE","areaChanged":true}},{"type":"Feature","geometry":{"type":"Polygon","coordinates":[[[11.905783,65.143167],[11.91465,65.146417],[11.91775,65.144917],[11.914283,65.143183],[11.9146,65.143033],[11.913833,65.14275],[11.913517,65.1429],[11.908883,65.141667],[11.905783,65.143167]]]},"properties":{"appNo":"SP-2026-002492","applicant":"BJØRØYA AS","orgNo":"932186497","kind":"Ny lokalitet for laks, ørret og regnbueørret i sjø.","status":"SUBMITTED","navn":"Hestvika","areaChanged":true}},{"type":"Feature","geometry":{"type":"Polygon","coordinates":[[[12.244033,65.7751],[12.248167,65.7749],[12.249033,65.77265],[12.248967,65.77235],[12.246783,65.7699],[12.242667,65.770083],[12.244033,65.7751]]]},"properties":{"appNo":"SP-2026-002494","applicant":"BIOMAR A.S.","orgNo":"937843860","kind":"Endring av lokalitet for laks, ørret og regnbueørret i sjø.","status":"SUBMITTED","loknr":45003,"navn":"Ystøya","areaChanged":true}},{"type":"Feature","geometry":{"type":"Polygon","coordinates":[[[12.242883,65.7708],[12.243833,65.774383],[12.246883,65.77505],[12.2471,65.775033],[12.247533,65.7742],[12.246567,65.770633],[12.242883,65.7708]]]},"properties":{"appNo":"SP-2026-002494","applicant":"BIOMAR A.S.","orgNo":"937843860","kind":"Endring av lokalitet for laks, ørret og regnbueørret i sjø.","status":"SUBMITTED","loknr":45003,"navn":"Ystøya","areaChanged":true}},{"type":"Feature","geometry":{"type":"Polygon","coordinates":[[[16.23555,68.760683],[16.238633,68.760083],[16.238183,68.759617],[16.235033,68.760283],[16.23555,68.760683]]]},"properties":{"appNo":"SP-2026-002495","applicant":"ARCTIC LOBSTER FARM AS","orgNo":"936222064","kind":"Ny tillatelse til andre arter enn fisk","status":"SUBMITTED","navn":"Gårasjyen","areaChanged":true}},{"type":"Feature","geometry":{"type":"Polygon","coordinates":[[[22.651133,70.085483],[22.65435,70.08625],[22.6543,70.086617],[22.6556,70.08665],[22.6557,70.086283],[22.666867,70.085867],[22.667083,70.084967],[22.6513,70.0846],[22.651133,70.085483]]]},"properties":{"appNo":"SP-2026-002496","applicant":"CERMAQ NORWAY SALMON AS","orgNo":"930152366","kind":"Endring av lokalitet for laks, ørret og regnbueørret i sjø.","status":"SUBMITTED","loknr":10822,"navn":"RIVARBUKT","areaChanged":true}},{"type":"Feature","geometry":{"type":"Polygon","coordinates":[[[22.6647,70.087],[22.66615,70.08575],[22.658833,70.084767],[22.657283,70.086017],[22.65565,70.086267],[22.654333,70.08625],[22.654283,70.086617],[22.6556,70.086633],[22.6647,70.087]]]},"properties":{"appNo":"SP-2026-002496","applicant":"CERMAQ NORWAY SALMON AS","orgNo":"930152366","kind":"Endring av lokalitet for laks, ørret og regnbueørret i sjø.","status":"SUBMITTED","loknr":10822,"navn":"RIVARBUKT","areaChanged":true}},{"type":"Feature","geometry":{"type":"Polygon","coordinates":[[[19.938533,69.989767],[19.9417,69.9883],[19.924683,69.984067],[19.921533,69.985517],[19.9276,69.987817],[19.92745,69.9879],[19.928083,69.98805],[19.928233,69.987983],[19.938533,69.989767]]]},"properties":{"appNo":"SP-2026-002498","applicant":"SALMAR OPPDRETT AS","orgNo":"928957489","kind":"Melding om samlokalisering","status":"SUBMITTED","loknr":36797,"navn":"KORSNES"}},{"type":"Feature","geometry":{"type":"Polygon","coordinates":[[[22.888917,70.142133],[22.888533,70.14245],[22.889517,70.142583],[22.8899,70.142267],[22.9022,70.143467],[22.9044,70.141617],[22.890817,70.139733],[22.888633,70.141583],[22.888917,70.142133]]]},"properties":{"appNo":"SP-2026-002499","applicant":"CERMAQ NORWAY SALMON AS","orgNo":"930152366","kind":"Endring av lokalitet for laks, ørret og regnbueørret i sjø.","status":"SUBMITTED","loknr":32617,"navn":"YTRE KOVEN","areaChanged":true}},{"type":"Feature","geometry":{"type":"Polygon","coordinates":[[[22.887233,70.141317],[22.895633,70.143817],[22.89805,70.142867],[22.88975,70.14035],[22.887233,70.141317]],[[22.885833,70.14205],[22.887233,70.141317],[22.885017,70.14175],[22.885517,70.1417],[22.885333,70.142083],[22.885833,70.14205]]]},"properties":{"appNo":"SP-2026-002499","applicant":"CERMAQ NORWAY SALMON AS","orgNo":"930152366","kind":"Endring av lokalitet for laks, ørret og regnbueørret i sjø.","status":"SUBMITTED","loknr":32617,"navn":"YTRE KOVEN","areaChanged":true}},{"type":"Feature","geometry":{"type":"Polygon","coordinates":[[[5.295617,60.80975],[5.297917,60.8092],[5.295567,60.80685],[5.293767,60.80625],[5.292483,60.80585],[5.291517,60.806133],[5.2917,60.806833],[5.295617,60.80975]]]},"properties":{"appNo":"SP-2026-002500","applicant":"ENGESUND FISKEOPPDRETT AS","orgNo":"923070591","kind":"Endring av flåte eller forankring","status":"SUBMITTED","loknr":11644,"navn":"DUESUND","areaChanged":true}},{"type":"Feature","geometry":{"type":"Polygon","coordinates":[[[5.295617,60.80975],[5.297917,60.8092],[5.295567,60.80685],[5.293767,60.80625],[5.2917,60.806833],[5.295617,60.80975]]]},"properties":{"appNo":"SP-2026-002500","applicant":"ENGESUND FISKEOPPDRETT AS","orgNo":"923070591","kind":"Endring av flåte eller forankring","status":"SUBMITTED","loknr":11644,"navn":"DUESUND","areaChanged":true}},{"type":"Feature","geometry":{"type":"Polygon","coordinates":[[[5.027833,60.878067],[5.030483,60.874917],[5.0289,60.8746],[5.0262,60.87775],[5.026583,60.878433],[5.027833,60.878067]]]},"properties":{"appNo":"SP-2026-002503","applicant":"BLOM FISKEOPPDRETT AS","orgNo":"840215512","kind":"Søknad om samlokalisering","status":"SUBMITTED","loknr":11700,"navn":"STORENESET"}},{"type":"Feature","geometry":{"type":"Polygon","coordinates":[[[16.699317,68.9324],[16.704317,68.932317],[16.7034,68.925117],[16.698233,68.925183],[16.697133,68.929033],[16.696633,68.929033],[16.696633,68.929383],[16.697133,68.929383],[16.698233,68.92985],[16.695983,68.929833],[16.696,68.9305],[16.698267,68.930517],[16.699317,68.9324]]]},"properties":{"appNo":"SP-2026-002506","applicant":"SALMAR OPPDRETT AS","orgNo":"928957489","kind":"Endring av flåte eller forankring","status":"SUBMITTED","loknr":31397,"navn":"OTERNESET","areaChanged":true}},{"type":"Feature","geometry":{"type":"Polygon","coordinates":[[[16.699317,68.9324],[16.704317,68.932317],[16.7034,68.925117],[16.698233,68.925183],[16.698233,68.92985],[16.695983,68.929833],[16.696,68.9305],[16.698267,68.930517],[16.699317,68.9324]]]},"properties":{"appNo":"SP-2026-002506","applicant":"SALMAR OPPDRETT AS","orgNo":"928957489","kind":"Endring av flåte eller forankring","status":"SUBMITTED","loknr":31397,"navn":"OTERNESET","areaChanged":true}},{"type":"Feature","geometry":{"type":"Polygon","coordinates":[[[10.725567,59.7366],[10.727567,59.730833],[10.726933,59.73175],[10.7261,59.732633],[10.725717,59.733617],[10.725533,59.734617],[10.7256,59.735617],[10.725567,59.7366]]]},"properties":{"appNo":"SP-2026-002510","applicant":"MARINREPARATØRENE","orgNo":"914725747","kind":"Ny tillatelse til andre arter enn fisk","status":"SUBMITTED","navn":"Breivoll","areaChanged":true}},{"type":"Feature","geometry":{"type":"Polygon","coordinates":[[[5.611417,60.212367],[5.614917,60.212817],[5.617617,60.207583],[5.615867,60.20735],[5.616317,60.206483],[5.614567,60.206267],[5.611417,60.212367]]]},"properties":{"appNo":"SP-2026-002511","applicant":"BOLAKS SJØ AS","orgNo":"929068300","kind":"Endring av lokalitet for laks, ørret og regnbueørret i sjø.","status":"SUBMITTED","loknr":13058,"navn":"FUSAVIKA","areaChanged":true}},{"type":"Feature","geometry":{"type":"Polygon","coordinates":[[[5.61255,60.207],[5.613717,60.2086],[5.6146,60.208433],[5.613433,60.20685],[5.61255,60.207]]]},"properties":{"appNo":"SP-2026-002511","applicant":"BOLAKS SJØ AS","orgNo":"929068300","kind":"Endring av lokalitet for laks, ørret og regnbueørret i sjø.","status":"SUBMITTED","loknr":13058,"navn":"FUSAVIKA","areaChanged":true}},{"type":"Feature","geometry":{"type":"Polygon","coordinates":[[[25.088783,70.495117],[25.0931,70.49405],[25.0899,70.492617],[25.085583,70.493683],[25.088783,70.495117]]]},"properties":{"appNo":"SP-2026-002512","applicant":"HAVFORSKNINGSINSTITUTTET","orgNo":"971349077","kind":"Ny tillatelse til andre arter enn fisk","status":"SUBMITTED","navn":"Olderfjorden","areaChanged":true}},{"type":"Feature","geometry":{"type":"Polygon","coordinates":[[[12.293617,66.2408],[12.291367,66.2405],[12.291267,66.2404],[12.29055,66.240517],[12.29065,66.240617],[12.289717,66.241467],[12.294717,66.246183],[12.298617,66.245517],[12.293617,66.2408]]]},"properties":{"appNo":"SP-2026-002513","applicant":"MOWI SEAWATER NORWAY AS","orgNo":"921668236","kind":"Endring av flåte eller forankring","status":"SUBMITTED","loknr":45029,"navn":"Ramnøya N","areaChanged":true}},{"type":"Feature","geometry":{"type":"Polygon","coordinates":[[[12.289717,66.241467],[12.294717,66.246183],[12.298617,66.245517],[12.293617,66.2408],[12.290967,66.2405],[12.289717,66.241467]]]},"properties":{"appNo":"SP-2026-002513","applicant":"MOWI SEAWATER NORWAY AS","orgNo":"921668236","kind":"Endring av flåte eller forankring","status":"SUBMITTED","loknr":45029,"navn":"Ramnøya N","areaChanged":true}},{"type":"Feature","geometry":{"type":"Polygon","coordinates":[[[12.187788,65.627759],[12.183718,65.628403],[12.183258,65.62953],[12.183626,65.629953],[12.188489,65.633718],[12.192564,65.633079],[12.187788,65.627759]]]},"properties":{"appNo":"SP-2026-002516","applicant":"SINKABERG HAVBRUK AS","orgNo":"926968955","kind":"Ny lokalitet for laks, ørret og regnbueørret i sjø.","status":"SUBMITTED","navn":"Rokneset","areaChanged":true}},{"type":"Feature","geometry":{"type":"Polygon","coordinates":[[[11.28835,64.731367],[11.287617,64.733233],[11.29585,64.734917],[11.296983,64.735017],[11.304033,64.734667],[11.30485,64.732817],[11.28835,64.731367]]]},"properties":{"appNo":"SP-2026-002517","applicant":"SINKABERG HAVBRUK AS","orgNo":"926968955","kind":"Ny lokalitet for laks, ørret og regnbueørret i sjø.","status":"RETURNED","navn":"Rakvikodden","areaChanged":true}},{"type":"Feature","geometry":{"type":"Polygon","coordinates":[[[5.668456,62.168405],[5.672617,62.168741],[5.675121,62.166006],[5.675181,62.165829],[5.674573,62.163435],[5.670413,62.1631],[5.668456,62.168405]]]},"properties":{"appNo":"SP-2026-002519","applicant":"NORDIC HALIBUT AS","orgNo":"974526441","kind":"Ny tillatelse til andre fiskearter enn laks, ørret og regnbueørret.","status":"SUBMITTED","navn":"Litlebø","areaChanged":true}},{"type":"Feature","geometry":{"type":"Polygon","coordinates":[[[21.731017,69.884],[21.725517,69.885133],[21.72535,69.885067],[21.7248,69.885267],[21.724983,69.885333],[21.719983,69.887883],[21.723767,69.889117],[21.73475,69.885283],[21.731017,69.884]]]},"properties":{"appNo":"SP-2026-002521","applicant":"MOWI SEAWATER NORWAY AS","orgNo":"921668236","kind":"Endring av lokalitet for laks, ørret og regnbueørret i sjø.","status":"SUBMITTED","loknr":10806,"navn":"RAKKENES","areaChanged":true}},{"type":"Feature","geometry":{"type":"Polygon","coordinates":[[[21.723933,69.885483],[21.725483,69.886533],[21.736033,69.884667],[21.7345,69.883633],[21.729133,69.884217],[21.728783,69.883967],[21.728067,69.884083],[21.728417,69.884317],[21.723933,69.885483]]]},"properties":{"appNo":"SP-2026-002521","applicant":"MOWI SEAWATER NORWAY AS","orgNo":"921668236","kind":"Endring av lokalitet for laks, ørret og regnbueørret i sjø.","status":"SUBMITTED","loknr":10806,"navn":"RAKKENES","areaChanged":true}},{"type":"Feature","geometry":{"type":"Polygon","coordinates":[[[15.491183,67.450283],[15.491517,67.449067],[15.491883,67.449033],[15.491733,67.448783],[15.491367,67.448817],[15.4891,67.44695],[15.484733,67.447333],[15.486833,67.450667],[15.491183,67.450283]]]},"properties":{"appNo":"SP-2026-002522","applicant":"MOWI SEAWATER NORWAY AS","orgNo":"921668236","kind":"Endring av flåte eller forankring","status":"SUBMITTED","loknr":13297,"navn":"KINES","areaChanged":true}},{"type":"Feature","geometry":{"type":"Polygon","coordinates":[[[15.484733,67.447333],[15.486833,67.450667],[15.491033,67.450367],[15.491567,67.44875],[15.48885,67.446983],[15.484733,67.447333]]]},"properties":{"appNo":"SP-2026-002522","applicant":"MOWI SEAWATER NORWAY AS","orgNo":"921668236","kind":"Endring av flåte eller forankring","status":"SUBMITTED","loknr":13297,"navn":"KINES","areaChanged":true}},{"type":"Feature","geometry":{"type":"Polygon","coordinates":[[[12.779767,66.434717],[12.776667,66.4345],[12.7754,66.435267],[12.775133,66.43525],[12.775033,66.43545],[12.7753,66.435467],[12.775917,66.436383],[12.779017,66.4366],[12.779767,66.434717]]]},"properties":{"appNo":"SP-2026-002523","applicant":"MORHUA AS","orgNo":"929027043","kind":"Ny tillatelse til andre fiskearter enn laks, ørret og regnbueørret.","status":"SUBMITTED","navn":"Sørvær","areaChanged":true}},{"type":"Feature","geometry":{"type":"Polygon","coordinates":[[[10.6227,64.498033],[10.62745,64.497317],[10.627933,64.494483],[10.627667,64.4942],[10.62135,64.490217],[10.6166,64.490933],[10.6227,64.498033]]]},"properties":{"appNo":"SP-2026-002525","applicant":"ODE AS","orgNo":"925795488","kind":"Ny tillatelse til andre fiskearter enn laks, ørret og regnbueørret.","status":"SUBMITTED","navn":"Fauskan","areaChanged":true}},{"type":"Feature","geometry":{"type":"Polygon","coordinates":[[[12.217983,65.908567],[12.2223,65.913367],[12.226233,65.912767],[12.221917,65.907967],[12.218733,65.907967],[12.2185,65.907717],[12.218117,65.907783],[12.21835,65.908017],[12.217983,65.908567]]]},"properties":{"appNo":"SP-2026-002528","applicant":"MOWI SEAWATER NORWAY AS","orgNo":"921668236","kind":"Endring av lokalitet for laks, ørret og regnbueørret i sjø.","status":"SUBMITTED","loknr":11015,"navn":"BRATTHOLMEN","areaChanged":true}},{"type":"Feature","geometry":{"type":"Polygon","coordinates":[[[12.217417,65.904983],[12.21645,65.90775],[12.21675,65.908417],[12.219917,65.91],[12.224033,65.9097],[12.22155,65.904667],[12.217417,65.904983]]]},"properties":{"appNo":"SP-2026-002528","applicant":"MOWI SEAWATER NORWAY AS","orgNo":"921668236","kind":"Endring av lokalitet for laks, ørret og regnbueørret i sjø.","status":"SUBMITTED","loknr":11015,"navn":"BRATTHOLMEN","areaChanged":true}},{"type":"Feature","geometry":{"type":"Polygon","coordinates":[[[5.333483,62.013167],[5.33265,62.00715],[5.326983,62.007283],[5.327883,62.013333],[5.333483,62.013167]]]},"properties":{"appNo":"SP-2026-002532","applicant":"MOWI SEAWATER NORWAY AS","orgNo":"921668236","kind":"Endring av lokalitet for laks, ørret og regnbueørret i sjø.","status":"SUBMITTED","loknr":13612,"navn":"RUNDREIMSTRANDA","areaChanged":true}},{"type":"Feature","geometry":{"type":"Polygon","coordinates":[[[5.332183,62.007383],[5.327483,62.007517],[5.328367,62.013317],[5.333017,62.013167],[5.332183,62.007383]]]},"properties":{"appNo":"SP-2026-002532","applicant":"MOWI SEAWATER NORWAY AS","orgNo":"921668236","kind":"Endring av lokalitet for laks, ørret og regnbueørret i sjø.","status":"SUBMITTED","loknr":13612,"navn":"RUNDREIMSTRANDA","areaChanged":true}},{"type":"Feature","geometry":{"type":"Polygon","coordinates":[[[6.640817,62.857133],[6.6526,62.8546],[6.649817,62.852017],[6.646583,62.851583],[6.64575,62.85175],[6.638033,62.85455],[6.640817,62.857133]]]},"properties":{"appNo":"SP-2026-002534","applicant":"ODE AS","orgNo":"925795488","kind":"Ny tillatelse til andre fiskearter enn laks, ørret og regnbueørret.","status":"RETURNED","loknr":45155,"navn":"HOLMSKALLEN","areaChanged":true}},{"type":"Feature","geometry":{"type":"Polygon","coordinates":[[[6.640817,62.857133],[6.6526,62.8546],[6.649817,62.852017],[6.644567,62.85235],[6.644,62.85245],[6.638033,62.85455],[6.640817,62.857133]]]},"properties":{"appNo":"SP-2026-002534","applicant":"ODE AS","orgNo":"925795488","kind":"Ny tillatelse til andre fiskearter enn laks, ørret og regnbueørret.","status":"RETURNED","loknr":45155,"navn":"HOLMSKALLEN","areaChanged":true}},{"type":"Feature","geometry":{"type":"Polygon","coordinates":[[[5.009533,61.29295],[5.014117,61.294917],[5.019667,61.292383],[5.01415,61.290483],[5.009533,61.29295]]]},"properties":{"appNo":"SP-2026-002536","applicant":"FLOKENES FISKEFARM AS","orgNo":"931887750","kind":"Søknad om samlokalisering","status":"SUBMITTED","loknr":33597,"navn":"GRYTØYRAHOLMEN"}},{"type":"Feature","geometry":{"type":"Polygon","coordinates":[[[10.943833,64.807933],[10.952633,64.810117],[10.953617,64.810283],[10.957533,64.810317],[10.959233,64.808483],[10.9455,64.8061],[10.943833,64.807933]]]},"properties":{"appNo":"SP-2026-002538","applicant":"SALMAR OPPDRETT AS","orgNo":"928957489","kind":"Ny lokalitet for laks, ørret og regnbueørret i sjø.","status":"SUBMITTED","navn":"Vardholmen","areaChanged":true}},{"type":"Feature","geometry":{"type":"Polygon","coordinates":[[[6.1164,62.082983],[6.1191,62.081583],[6.11725,62.080217],[6.116817,62.080033],[6.113717,62.079283],[6.111017,62.080683],[6.1164,62.082983]]]},"properties":{"appNo":"SP-2026-002571","applicant":"NORDIC HALIBUT AS","orgNo":"974526441","kind":"Ny tillatelse til andre fiskearter enn laks, ørret og regnbueørret.","status":"SUBMITTED","navn":"Skardsteinane","areaChanged":true}},{"type":"Feature","geometry":{"type":"Polygon","coordinates":[[[6.694833,62.664],[6.6944,62.664333],[6.699133,62.6658],[6.699617,62.665333],[6.694833,62.664]]]},"properties":{"appNo":"SP-2026-002573","applicant":"NORSK EDELFISK HAVBRUK AS","orgNo":"921709218","kind":"Søknad om samlokalisering","status":"SUBMITTED","loknr":12260,"navn":"JUVIKA"}},{"type":"Feature","geometry":{"type":"Polygon","coordinates":[[[13.205683,66.584533],[13.210883,66.581083],[13.211383,66.5812],[13.2115,66.581133],[13.210983,66.581017],[13.210883,66.58055],[13.2071,66.579767],[13.20185,66.583767],[13.205683,66.584533]]]},"properties":{"appNo":"SP-2026-002577","applicant":"MOWI SEAWATER NORWAY AS","orgNo":"921668236","kind":"Endring av lokalitet for laks, ørret og regnbueørret i sjø.","status":"SUBMITTED","loknr":45080,"navn":"HESTVIK","areaChanged":true}},{"type":"Feature","geometry":{"type":"Polygon","coordinates":[[[13.207083,66.579783],[13.202983,66.582983],[13.206733,66.58375],[13.211417,66.58135],[13.211717,66.5811],[13.210883,66.58055],[13.207083,66.579783]]]},"properties":{"appNo":"SP-2026-002577","applicant":"MOWI SEAWATER NORWAY AS","orgNo":"921668236","kind":"Endring av lokalitet for laks, ørret og regnbueørret i sjø.","status":"SUBMITTED","loknr":45080,"navn":"HESTVIK","areaChanged":true}},{"type":"Feature","geometry":{"type":"Polygon","coordinates":[[[8.40485,63.822283],[8.409183,63.822817],[8.413067,63.81885],[8.413233,63.8186],[8.412767,63.817067],[8.408417,63.816567],[8.40485,63.822283]]]},"properties":{"appNo":"SP-2026-002579","applicant":"MOWI SEAWATER NORWAY AS","orgNo":"921668236","kind":"Endring av flåte eller forankring","status":"SUBMITTED","loknr":36877,"navn":"MUNKSKJÆRA","areaChanged":true}},{"type":"Feature","geometry":{"type":"Polygon","coordinates":[[[8.40485,63.822283],[8.409183,63.822817],[8.412767,63.817067],[8.408417,63.81655],[8.40485,63.822283]]]},"properties":{"appNo":"SP-2026-002579","applicant":"MOWI SEAWATER NORWAY AS","orgNo":"921668236","kind":"Endring av flåte eller forankring","status":"SUBMITTED","loknr":36877,"navn":"MUNKSKJÆRA","areaChanged":true}},{"type":"Feature","geometry":{"type":"Polygon","coordinates":[[[14.286567,67.175267],[14.292833,67.175917],[14.293667,67.1747],[14.287383,67.17405],[14.286567,67.175267]]]},"properties":{"appNo":"SP-2026-002582","applicant":"ORGANIC SEAFARM AS","orgNo":"996198944","kind":"Endring av lokalitet for laks, ørret og regnbueørret i sjø.","status":"SUBMITTED","loknr":45037,"navn":"Kjølvika I"}},{"type":"Feature","geometry":{"type":"Polygon","coordinates":[[[5.636217,60.22355],[5.6414,60.221033],[5.640067,60.220417],[5.638767,60.22105],[5.637433,60.220433],[5.63355,60.222333],[5.636217,60.22355]]]},"properties":{"appNo":"SP-2026-002583","applicant":"BOLAKS SJØ AS","orgNo":"929068300","kind":"Endring av lokalitet for laks, ørret og regnbueørret i sjø.","status":"SUBMITTED","loknr":10324,"navn":"GJERDEVIKSFLUA","areaChanged":true}},{"type":"Feature","geometry":{"type":"Polygon","coordinates":[[[5.642033,60.22315],[5.641317,60.2228],[5.639933,60.22345],[5.640567,60.223783],[5.642033,60.22315]]]},"properties":{"appNo":"SP-2026-002583","applicant":"BOLAKS SJØ AS","orgNo":"929068300","kind":"Endring av lokalitet for laks, ørret og regnbueørret i sjø.","status":"SUBMITTED","loknr":10324,"navn":"GJERDEVIKSFLUA","areaChanged":true}},{"type":"Feature","geometry":{"type":"Polygon","coordinates":[[[6.354317,60.408267],[6.35655,60.408483],[6.357067,60.40835],[6.3604,60.4068],[6.358633,60.404967],[6.352533,60.406417],[6.354317,60.408267]]]},"properties":{"appNo":"SP-2026-002618","applicant":"LINGALAKS AS","orgNo":"960900626","kind":"Søknad om samlokalisering","status":"SUBMITTED","loknr":10338,"navn":"DJUPEVIK"}},{"type":"Feature","geometry":{"type":"Polygon","coordinates":[[[6.69475,62.6639],[6.696333,62.66415],[6.6958,62.664867],[6.69895,62.66535],[6.699483,62.664617],[6.70105,62.664867],[6.701567,62.664133],[6.695267,62.663183],[6.693833,62.6633],[6.693733,62.66335],[6.693767,62.663417],[6.69475,62.6639]]]},"properties":{"appNo":"SP-2026-002619","applicant":"PROPHYLAXIA AS","orgNo":"994829750","kind":"Endring av lokalitet for laks, ørret og regnbueørret i sjø.","status":"SUBMITTED","loknr":12260,"navn":"JUVIKA","areaChanged":true}},{"type":"Feature","geometry":{"type":"Polygon","coordinates":[[[6.694833,62.664],[6.6944,62.664333],[6.699133,62.6658],[6.699617,62.665333],[6.694833,62.664]]]},"properties":{"appNo":"SP-2026-002619","applicant":"PROPHYLAXIA AS","orgNo":"994829750","kind":"Endring av lokalitet for laks, ørret og regnbueørret i sjø.","status":"SUBMITTED","loknr":12260,"navn":"JUVIKA","areaChanged":true}},{"type":"Feature","geometry":{"type":"Polygon","coordinates":[[[6.400483,60.415767],[6.406433,60.413733],[6.405367,60.412983],[6.401233,60.411683],[6.396717,60.413217],[6.397533,60.414517],[6.398167,60.41485],[6.400483,60.415767]]]},"properties":{"appNo":"SP-2026-002620","applicant":"LINGALAKS AS","orgNo":"960900626","kind":"Søknad om samlokalisering","status":"SUBMITTED","loknr":30717,"navn":"TVEITNES"}},{"type":"Feature","geometry":{"type":"Polygon","coordinates":[[[6.400483,60.415767],[6.406433,60.413733],[6.405367,60.412983],[6.401233,60.411683],[6.396717,60.413217],[6.397533,60.414517],[6.398167,60.41485],[6.400483,60.415767]]]},"properties":{"appNo":"SP-2026-002621","applicant":"LINGALAKS AS","orgNo":"960900626","kind":"Søknad om samlokalisering","status":"SUBMITTED","loknr":30717,"navn":"TVEITNES"}},{"type":"Feature","geometry":{"type":"Polygon","coordinates":[[[6.354317,60.408267],[6.35655,60.408483],[6.357067,60.40835],[6.3604,60.4068],[6.358633,60.404967],[6.352533,60.406417],[6.354317,60.408267]]]},"properties":{"appNo":"SP-2026-002622","applicant":"LINGALAKS AS","orgNo":"960900626","kind":"Søknad om samlokalisering","status":"SUBMITTED","loknr":10338,"navn":"DJUPEVIK"}},{"type":"Feature","geometry":{"type":"Polygon","coordinates":[[[8.526383,63.8282],[8.530783,63.828183],[8.530283,63.8219],[8.525917,63.82195],[8.524017,63.821433],[8.52365,63.821433],[8.523683,63.8217],[8.524033,63.8217],[8.526383,63.8282]]]},"properties":{"appNo":"SP-2026-002623","applicant":"MOWI SEAWATER NORWAY AS","orgNo":"921668236","kind":"Endring av flåte eller forankring","status":"SUBMITTED","loknr":45244,"navn":"HINGSSKJÆRET","areaChanged":true}},{"type":"Feature","geometry":{"type":"Polygon","coordinates":[[[8.526383,63.8282],[8.530783,63.828183],[8.531983,63.824267],[8.53195,63.824],[8.530283,63.8219],[8.525917,63.82195],[8.526383,63.8282]]]},"properties":{"appNo":"SP-2026-002623","applicant":"MOWI SEAWATER NORWAY AS","orgNo":"921668236","kind":"Endring av flåte eller forankring","status":"SUBMITTED","loknr":45244,"navn":"HINGSSKJÆRET","areaChanged":true}},{"type":"Feature","geometry":{"type":"Polygon","coordinates":[[[12.741167,66.6157],[12.741467,66.61695],[12.746217,66.616783],[12.7459,66.615517],[12.743717,66.615267],[12.743183,66.615283],[12.741167,66.6157]]]},"properties":{"appNo":"SP-2026-002624","applicant":"MORHUA AS","orgNo":"929027043","kind":"Ny tillatelse til andre fiskearter enn laks, ørret og regnbueørret.","status":"RETURNED","navn":"Risøya","areaChanged":true}},{"type":"Feature","geometry":{"type":"Polygon","coordinates":[[[10.789233,64.4327],[10.797017,64.433983],[10.798517,64.4323],[10.790717,64.431],[10.789233,64.4327]]]},"properties":{"appNo":"SP-2026-002626","applicant":"SEAWEED NORWAY AS","orgNo":"918529861","kind":"Ny tillatelse til andre arter enn fisk","status":"RETURNED","navn":"Vedvika","areaChanged":true}},{"type":"Feature","geometry":{"type":"Polygon","coordinates":[[[12.809067,65.248083],[12.81935,65.251917],[12.8216,65.250817],[12.818217,65.248617],[12.811283,65.246983],[12.809067,65.248083]]]},"properties":{"appNo":"SP-2026-002627","applicant":"BENCHMARK GENETICS NORWAY AS","orgNo":"983506925","kind":"Søknad om samlokalisering","status":"SUBMITTED","loknr":34917,"navn":"TOSEN"}},{"type":"Feature","geometry":{"type":"Polygon","coordinates":[[[12.074617,65.12975],[12.077517,65.128617],[12.073117,65.126267],[12.06685,65.12355],[12.065117,65.124133],[12.066483,65.125967],[12.074617,65.12975]]]},"properties":{"appNo":"SP-2026-002628","applicant":"BENCHMARK GENETICS NORWAY AS","orgNo":"983506925","kind":"Søknad om samlokalisering","status":"SUBMITTED","loknr":10425,"navn":"HEGGVIKA"}},{"type":"Feature","geometry":{"type":"Polygon","coordinates":[[[8.442383,63.66405],[8.442667,63.663983],[8.4442,63.664367],[8.453533,63.662383],[8.45205,63.661],[8.442733,63.662983],[8.4424,63.66375],[8.442117,63.6638],[8.442383,63.66405]]]},"properties":{"appNo":"SP-2026-002629","applicant":"MÅSØVAL LISENS AS","orgNo":"994300474","kind":"Endring av lokalitet for laks, ørret og regnbueørret i sjø.","status":"SUBMITTED","loknr":38997,"navn":"ILSØYA 2"}},{"type":"Feature","geometry":{"type":"Polygon","coordinates":[[[10.5336,64.45975],[10.526667,64.462083],[10.526317,64.4623],[10.523817,64.466],[10.527983,64.467217],[10.537783,64.461],[10.5336,64.45975]]]},"properties":{"appNo":"SP-2026-002635","applicant":"ODE AS","orgNo":"925795488","kind":"Ny tillatelse til andre fiskearter enn laks, ørret og regnbueørret.","status":"SUBMITTED","navn":"Hasvåg","areaChanged":true}},{"type":"Feature","geometry":{"type":"Polygon","coordinates":[[[8.3741,63.549733],[8.377083,63.550267],[8.3803,63.546217],[8.3773,63.545667],[8.3741,63.549733]]]},"properties":{"appNo":"SP-2026-002636","applicant":"AMAR SEAFOOD AS","orgNo":"921211570","kind":"Ny tillatelse til andre fiskearter enn laks, ørret og regnbueørret.","status":"SUBMITTED","loknr":45287,"navn":"HELSØYA II","areaChanged":true}},{"type":"Feature","geometry":{"type":"Polygon","coordinates":[[[8.3741,63.549733],[8.375583,63.55],[8.378783,63.54595],[8.3773,63.545667],[8.3741,63.549733]]]},"properties":{"appNo":"SP-2026-002636","applicant":"AMAR SEAFOOD AS","orgNo":"921211570","kind":"Ny tillatelse til andre fiskearter enn laks, ørret og regnbueørret.","status":"SUBMITTED","loknr":45287,"navn":"HELSØYA II","areaChanged":true}},{"type":"Feature","geometry":{"type":"Polygon","coordinates":[[[7.574083,62.928867],[7.58425,62.929417],[7.584533,62.928267],[7.5804,62.927567],[7.5798,62.92755],[7.57435,62.9277],[7.574083,62.928867]]]},"properties":{"appNo":"SP-2026-002637","applicant":"NORDIC HALIBUT AS","orgNo":"974526441","kind":"Ny tillatelse til andre fiskearter enn laks, ørret og regnbueørret.","status":"SUBMITTED","loknr":28776,"navn":"KREKVIKBOGEN","areaChanged":true}},{"type":"Feature","geometry":{"type":"Polygon","coordinates":[[[7.57725,62.927717],[7.576833,62.928767],[7.58385,62.92935],[7.584267,62.928283],[7.57725,62.927717]]]},"properties":{"appNo":"SP-2026-002637","applicant":"NORDIC HALIBUT AS","orgNo":"974526441","kind":"Ny tillatelse til andre fiskearter enn laks, ørret og regnbueørret.","status":"SUBMITTED","loknr":28776,"navn":"KREKVIKBOGEN","areaChanged":true}},{"type":"Feature","geometry":{"type":"Polygon","coordinates":[[[12.473283,66.353767],[12.475317,66.353317],[12.46665,66.34685],[12.463983,66.347333],[12.4669,66.350317],[12.467583,66.350767],[12.473283,66.353767]]]},"properties":{"appNo":"SP-2026-002638","applicant":"LOVUNDLAKS SJØ AS","orgNo":"929601610","kind":"Søknad om samlokalisering","status":"SUBMITTED","loknr":36337,"navn":"VARDSKJÆRET S"}},{"type":"Feature","geometry":{"type":"Polygon","coordinates":[[[12.666433,66.321633],[12.671767,66.32135],[12.67095,66.318017],[12.672067,66.316833],[12.669733,66.31525],[12.667567,66.31535],[12.66645,66.311967],[12.663267,66.312167],[12.666433,66.321633]]]},"properties":{"appNo":"SP-2026-002639","applicant":"LOVUNDLAKS SJØ AS","orgNo":"929601610","kind":"Søknad om samlokalisering","status":"SUBMITTED","loknr":45241,"navn":"MANGVARDAN"}},{"type":"Feature","geometry":{"type":"Polygon","coordinates":[[[12.77095,66.350067],[12.78475,66.349667],[12.785967,66.348333],[12.785917,66.34825],[12.7843,66.347683],[12.770367,66.34805],[12.77095,66.350067]]]},"properties":{"appNo":"SP-2026-002640","applicant":"LOVUNDLAKS SJØ AS","orgNo":"929601610","kind":"Søknad om samlokalisering","status":"SUBMITTED","loknr":32037,"navn":"GRASHOLMAN"}},{"type":"Feature","geometry":{"type":"Polygon","coordinates":[[[12.685383,66.58175],[12.696283,66.58185],[12.6968,66.575433],[12.685417,66.575317],[12.683533,66.5784],[12.685383,66.58175]]]},"properties":{"appNo":"SP-2026-002641","applicant":"LOVUNDLAKS SJØ AS","orgNo":"929601610","kind":"Søknad om samlokalisering","status":"SUBMITTED","loknr":45002,"navn":"Korsvika"}},{"type":"Feature","geometry":{"type":"Polygon","coordinates":[[[12.5674,66.55075],[12.567967,66.552967],[12.568417,66.552933],[12.583067,66.551683],[12.583717,66.549917],[12.568067,66.54895],[12.5674,66.55075]]]},"properties":{"appNo":"SP-2026-002642","applicant":"LOVUNDLAKS SJØ AS","orgNo":"929601610","kind":"Søknad om samlokalisering","status":"SUBMITTED","loknr":45231,"navn":"SLØNGA"}},{"type":"Feature","geometry":{"type":"Polygon","coordinates":[[[15.15625,67.533733],[15.154783,67.535017],[15.154133,67.535],[15.154117,67.53515],[15.154783,67.53515],[15.1562,67.535517],[15.167983,67.535617],[15.168017,67.533783],[15.15625,67.533733]]]},"properties":{"appNo":"SP-2026-002644","applicant":"MOWI SEAWATER NORWAY AS","orgNo":"921668236","kind":"Endring av lokalitet for laks, ørret og regnbueørret i sjø.","status":"RETURNED","loknr":19235,"navn":"VINDVIKA","areaChanged":true}},{"type":"Feature","geometry":{"type":"Polygon","coordinates":[[[15.1562,67.535517],[15.167983,67.535617],[15.168,67.534717],[15.156217,67.534633],[15.15415,67.535],[15.154117,67.53515],[15.1562,67.535517]]]},"properties":{"appNo":"SP-2026-002644","applicant":"MOWI SEAWATER NORWAY AS","orgNo":"921668236","kind":"Endring av lokalitet for laks, ørret og regnbueørret i sjø.","status":"RETURNED","loknr":19235,"navn":"VINDVIKA","areaChanged":true}},{"type":"Feature","geometry":{"type":"Polygon","coordinates":[[[13.529267,66.55875],[13.5307,66.55835],[13.531483,66.5584],[13.531517,66.5583],[13.530733,66.55825],[13.530067,66.556967],[13.51895,66.556183],[13.518133,66.55795],[13.529267,66.55875]]]},"properties":{"appNo":"SP-2026-002645","applicant":"MOWI SEAWATER NORWAY AS","orgNo":"921668236","kind":"Endring av lokalitet for laks, ørret og regnbueørret i sjø.","status":"SUBMITTED","loknr":35977,"navn":"LIAN","areaChanged":true}},{"type":"Feature","geometry":{"type":"Polygon","coordinates":[[[13.522083,66.556933],[13.519133,66.557883],[13.519083,66.557967],[13.521283,66.558167],[13.529283,66.55875],[13.529983,66.55755],[13.522083,66.556933]]]},"properties":{"appNo":"SP-2026-002645","applicant":"MOWI SEAWATER NORWAY AS","orgNo":"921668236","kind":"Endring av lokalitet for laks, ørret og regnbueørret i sjø.","status":"SUBMITTED","loknr":35977,"navn":"LIAN","areaChanged":true}},{"type":"Feature","geometry":{"type":"Polygon","coordinates":[[[12.5674,66.55075],[12.567967,66.552967],[12.568417,66.552933],[12.583067,66.551683],[12.583717,66.549917],[12.568067,66.54895],[12.5674,66.55075]]]},"properties":{"appNo":"SP-2026-002647","applicant":"HELGELAND LAKS AS","orgNo":"931064649","kind":"Søknad om samlokalisering","status":"RETURNED","loknr":45231,"navn":"SLØNGA"}},{"type":"Feature","geometry":{"type":"Polygon","coordinates":[[[12.734567,66.48025],[12.740467,66.479883],[12.737683,66.472333],[12.731283,66.472817],[12.730867,66.476667],[12.734567,66.48025]]]},"properties":{"appNo":"SP-2026-002648","applicant":"HELGELAND LAKS AS","orgNo":"931064649","kind":"Søknad om samlokalisering","status":"SUBMITTED","loknr":38517,"navn":"MÅVÆR"}},{"type":"Feature","geometry":{"type":"Polygon","coordinates":[[[12.77095,66.350067],[12.78475,66.349667],[12.785967,66.348333],[12.785917,66.34825],[12.7843,66.347683],[12.770367,66.34805],[12.77095,66.350067]]]},"properties":{"appNo":"SP-2026-002649","applicant":"HELGELAND LAKS AS","orgNo":"931064649","kind":"Søknad om samlokalisering","status":"SUBMITTED","loknr":32037,"navn":"GRASHOLMAN"}},{"type":"Feature","geometry":{"type":"Polygon","coordinates":[[[6.694833,62.664],[6.6944,62.664333],[6.699133,62.6658],[6.699617,62.665333],[6.694833,62.664]]]},"properties":{"appNo":"SP-2026-002651","applicant":"PROPHYLAXIA AS","orgNo":"994829750","kind":"Søknad om samlokalisering","status":"SUBMITTED","loknr":12260,"navn":"JUVIKA"}},{"type":"Feature","geometry":{"type":"Polygon","coordinates":[[[21.836017,69.853617],[21.830917,69.851033],[21.831483,69.85085],[21.831233,69.85075],[21.83065,69.850933],[21.82725,69.850283],[21.823383,69.851483],[21.832133,69.854817],[21.836017,69.853617]]]},"properties":{"appNo":"SP-2026-002684","applicant":"MOWI SEAWATER NORWAY AS","orgNo":"921668236","kind":"Endring av lokalitet for laks, ørret og regnbueørret i sjø.","status":"SUBMITTED","loknr":10804,"navn":"KARVIKA","areaChanged":true}},{"type":"Feature","geometry":{"type":"Polygon","coordinates":[[[21.827217,69.8503],[21.824233,69.851183],[21.830833,69.8537],[21.83375,69.852817],[21.832267,69.851183],[21.83245,69.851117],[21.8319,69.850917],[21.831683,69.850983],[21.827217,69.8503]]]},"properties":{"appNo":"SP-2026-002684","applicant":"MOWI SEAWATER NORWAY AS","orgNo":"921668236","kind":"Endring av lokalitet for laks, ørret og regnbueørret i sjø.","status":"SUBMITTED","loknr":10804,"navn":"KARVIKA","areaChanged":true}},{"type":"Feature","geometry":{"type":"Polygon","coordinates":[[[12.780417,66.558617],[12.77985,66.5568],[12.7796,66.556533],[12.7771,66.555],[12.773467,66.55555],[12.77675,66.559183],[12.780417,66.558617]]]},"properties":{"appNo":"SP-2026-002717","applicant":"NORCOD AS","orgNo":"821489962","kind":"Endring av flåte eller forankring","status":"SUBMITTED","loknr":45225,"navn":"SELSØY","areaChanged":true}},{"type":"Feature","geometry":{"type":"Polygon","coordinates":[[[12.780417,66.558617],[12.77985,66.5568],[12.7796,66.556533],[12.7771,66.555],[12.773467,66.55555],[12.77675,66.559183],[12.780417,66.558617]]]},"properties":{"appNo":"SP-2026-002717","applicant":"NORCOD AS","orgNo":"821489962","kind":"Endring av flåte eller forankring","status":"SUBMITTED","loknr":45225,"navn":"SELSØY","areaChanged":true}},{"type":"Feature","geometry":{"type":"Polygon","coordinates":[[[17.438467,69.004433],[17.4425,69.00445],[17.44265,69.00085],[17.438633,69.000833],[17.437383,69.002],[17.435883,69.002],[17.435883,69.002533],[17.437383,69.00255],[17.438467,69.004433]]]},"properties":{"appNo":"SP-2026-002718","applicant":"NORDLAKS HAVBRUK AS","orgNo":"929911946","kind":"Endring av lokalitet for laks, ørret og regnbueørret i sjø.","status":"SUBMITTED","loknr":35317,"navn":"LITJEVIKA"}},{"type":"Feature","geometry":{"type":"Polygon","coordinates":[[[10.4253,64.35875],[10.4287,64.358067],[10.427667,64.356217],[10.42745,64.356017],[10.42465,64.354417],[10.421267,64.355117],[10.4253,64.35875]]]},"properties":{"appNo":"SP-2026-002719","applicant":"BJØRØYA AS","orgNo":"932186497","kind":"Endring av lokalitet for laks, ørret og regnbueørret i sjø.","status":"SUBMITTED","loknr":38277,"navn":"NORDRE SKOKKELØY"}},{"type":"Feature","geometry":{"type":"Polygon","coordinates":[[[12.388417,65.952717],[12.3795,65.9545],[12.3812,65.955833],[12.390017,65.954083],[12.3904,65.953383],[12.389917,65.953],[12.388417,65.952717]]]},"properties":{"appNo":"SP-2026-002720","applicant":"KOBBVÅGLAKS AS","orgNo":"937875312","kind":"Ny lokalitet for laks, ørret og regnbueørret i sjø.","status":"SUBMITTED","navn":"Valløya","areaChanged":true}},{"type":"Feature","geometry":{"type":"Polygon","coordinates":[[[5.386983,59.2534],[5.3945,59.251483],[5.395017,59.250967],[5.39325,59.250183],[5.38575,59.252117],[5.386983,59.2534]]]},"properties":{"appNo":"SP-2026-002722","applicant":"GRIEG SEAFOOD FARMING AS","orgNo":"935496578","kind":"Endring av lokalitet for laks, ørret og regnbueørret i sjø.","status":"SUBMITTED","loknr":17575,"navn":"TOLLAKSHOLMEN","areaChanged":true}},{"type":"Feature","geometry":{"type":"Polygon","coordinates":[[[5.387017,59.253433],[5.394517,59.251483],[5.393867,59.250833],[5.390733,59.25085],[5.38575,59.25215],[5.387017,59.253433]]]},"properties":{"appNo":"SP-2026-002722","applicant":"GRIEG SEAFOOD FARMING AS","orgNo":"935496578","kind":"Endring av lokalitet for laks, ørret og regnbueørret i sjø.","status":"SUBMITTED","loknr":17575,"navn":"TOLLAKSHOLMEN","areaChanged":true}},{"type":"Feature","geometry":{"type":"Polygon","coordinates":[[[12.153767,66.098917],[12.159517,66.103033],[12.160933,66.102683],[12.155217,66.098583],[12.152983,66.0983],[12.153767,66.098917]]]},"properties":{"appNo":"SP-2026-002723","applicant":"KOBBVÅGLAKS AS","orgNo":"937875312","kind":"Søknad om samlokalisering","status":"SUBMITTED","loknr":35777,"navn":"KVITSKJÆRET"}},{"type":"Feature","geometry":{"type":"Polygon","coordinates":[[[12.198967,66.079667],[12.196817,66.079383],[12.19635,66.0806],[12.20215,66.083217],[12.20475,66.082333],[12.198967,66.079667]]]},"properties":{"appNo":"SP-2026-002724","applicant":"KOBBVÅGLAKS AS","orgNo":"937875312","kind":"Søknad om samlokalisering","status":"SUBMITTED","loknr":31637,"navn":"MELKØYA"}},{"type":"Feature","geometry":{"type":"Polygon","coordinates":[[[14.691833,68.636383],[14.686733,68.640033],[14.684283,68.6402],[14.684433,68.640467],[14.689667,68.6405],[14.69475,68.636883],[14.691833,68.636383]]]},"properties":{"appNo":"SP-2026-002726","applicant":"EGIL KRISTOFFERSEN & SØNNER AS","orgNo":"913601963","kind":"Ny lokalitet for laks, ørret og regnbueørret i sjø.","status":"SUBMITTED","navn":"Flagskallen","areaChanged":true}},{"type":"Feature","geometry":{"type":"Polygon","coordinates":[[[4.806717,60.798383],[4.809383,60.798717],[4.810067,60.797433],[4.810017,60.79705],[4.808733,60.7969],[4.807417,60.797067],[4.806717,60.798383]]]},"properties":{"appNo":"SP-2026-002727","applicant":"ODE AS","orgNo":"925795488","kind":"Endring av flåte eller forankring","status":"SUBMITTED","loknr":37637,"navn":"TRØVIKA","areaChanged":true}},{"type":"Feature","geometry":{"type":"Polygon","coordinates":[[[4.807633,60.798483],[4.809383,60.798717],[4.810067,60.797433],[4.809933,60.797183],[4.808667,60.797033],[4.8083,60.7972],[4.807633,60.798483]]]},"properties":{"appNo":"SP-2026-002727","applicant":"ODE AS","orgNo":"925795488","kind":"Endring av flåte eller forankring","status":"SUBMITTED","loknr":37637,"navn":"TRØVIKA","areaChanged":true}},{"type":"Feature","geometry":{"type":"Polygon","coordinates":[[[12.1366,65.68815],[12.140567,65.688417],[12.141733,65.684317],[12.137733,65.684033],[12.135983,65.68605],[12.1366,65.68815]]]},"properties":{"appNo":"SP-2026-002728","applicant":"NOVA SEA HAVBRUK AS","orgNo":"827248312","kind":"Søknad om samlokalisering","status":"SUBMITTED","loknr":18936,"navn":"IGERØY Ø"}},{"type":"Feature","geometry":{"type":"Polygon","coordinates":[[[5.961067,62.2875],[5.964533,62.286367],[5.95785,62.281967],[5.954397,62.283111],[5.956483,62.28555],[5.956833,62.2858],[5.961067,62.2875]]]},"properties":{"appNo":"SP-2026-002729","applicant":"NORDIC HALIBUT AS","orgNo":"974526441","kind":"Ny tillatelse til andre fiskearter enn laks, ørret og regnbueørret.","status":"RETURNED","navn":"Laupsneset","areaChanged":true}},{"type":"Feature","geometry":{"type":"Polygon","coordinates":[[[5.584467,59.724233],[5.58805,59.724233],[5.588033,59.71975],[5.587517,59.7193],[5.586167,59.7193],[5.584467,59.71975],[5.584467,59.724233]]]},"properties":{"appNo":"SP-2026-002731","applicant":"NORDSJØ FJORDBRUK AS","orgNo":"914725739","kind":"Endring av lokalitet for laks, ørret og regnbueørret i sjø.","status":"SUBMITTED","loknr":27095,"navn":"IHLHOLMEN","areaChanged":true}},{"type":"Feature","geometry":{"type":"Polygon","coordinates":[[[5.585,59.723517],[5.58825,59.72345],[5.588367,59.7198],[5.58735,59.7194],[5.586167,59.7194],[5.584983,59.71985],[5.585,59.723517]]]},"properties":{"appNo":"SP-2026-002731","applicant":"NORDSJØ FJORDBRUK AS","orgNo":"914725739","kind":"Endring av lokalitet for laks, ørret og regnbueørret i sjø.","status":"SUBMITTED","loknr":27095,"navn":"IHLHOLMEN","areaChanged":true}},{"type":"Feature","geometry":{"type":"Polygon","coordinates":[[[22.50155,70.498233],[22.5064,70.498317],[22.507317,70.493467],[22.502483,70.493367],[22.500033,70.498617],[22.498883,70.498567],[22.4987,70.49905],[22.4998,70.4991],[22.50155,70.498233]]]},"properties":{"appNo":"SP-2026-002732","applicant":"CERMAQ NORWAY AS","orgNo":"961922976","kind":"Søknad om samlokalisering","status":"SUBMITTED","loknr":45168,"navn":"KIPPARFJORD"}},{"type":"Feature","geometry":{"type":"Polygon","coordinates":[[[15.986633,68.702116],[15.988216,68.70155],[15.972283,68.6959],[15.970683,68.696466],[15.977033,68.699066],[15.976516,68.69925],[15.9771,68.699466],[15.977616,68.699266],[15.986633,68.702116]]]},"properties":{"appNo":"SP-2026-002733","applicant":"NORDLAKS HAVBRUK AS","orgNo":"929911946","kind":"Endring av lokalitet for laks, ørret og regnbueørret i sjø.","status":"SUBMITTED","loknr":17176,"navn":"HOLANDSELV"}},{"type":"Feature","geometry":{"type":"Polygon","coordinates":[[[8.993133,63.616817],[8.99085,63.61675],[8.99055,63.616817],[8.989617,63.617717],[8.994683,63.621617],[8.998183,63.620717],[8.993133,63.616817]]]},"properties":{"appNo":"SP-2026-002734","applicant":"MOWI SEAWATER NORWAY AS","orgNo":"921668236","kind":"Endring av lokalitet for laks, ørret og regnbueørret i sjø.","status":"SUBMITTED","loknr":12348,"navn":"KÅHOLMEN","areaChanged":true}},{"type":"Feature","geometry":{"type":"Polygon","coordinates":[[[8.992093,63.616491],[8.992,63.6165],[8.992283,63.616817],[8.9916,63.617167],[8.995933,63.618717],[8.996633,63.618367],[8.992128,63.616552],[8.992093,63.616491]],[[8.9917,63.615817],[8.992093,63.616491],[8.993517,63.61635],[8.99325,63.615683],[8.9917,63.615817]]]},"properties":{"appNo":"SP-2026-002734","applicant":"MOWI SEAWATER NORWAY AS","orgNo":"921668236","kind":"Endring av lokalitet for laks, ørret og regnbueørret i sjø.","status":"SUBMITTED","loknr":12348,"navn":"KÅHOLMEN","areaChanged":true}},{"type":"Feature","geometry":{"type":"Polygon","coordinates":[[[14.613383,68.7841],[14.615467,68.78475],[14.618483,68.783733],[14.61635,68.78235],[14.613383,68.7841]]]},"properties":{"appNo":"SP-2026-002737","applicant":"EGIL KRISTOFFERSEN & SØNNER AS","orgNo":"913601963","kind":"Endring av lokalitet for laks, ørret og regnbueørret i sjø.","status":"SUBMITTED","loknr":10504,"navn":"VEDVIKA","areaChanged":true}},{"type":"Feature","geometry":{"type":"Polygon","coordinates":[[[14.614867,68.781033],[14.614,68.78175],[14.6151,68.7826],[14.615733,68.782583],[14.615467,68.781],[14.614867,68.781033]]]},"properties":{"appNo":"SP-2026-002737","applicant":"EGIL KRISTOFFERSEN & SØNNER AS","orgNo":"913601963","kind":"Endring av lokalitet for laks, ørret og regnbueørret i sjø.","status":"SUBMITTED","loknr":10504,"navn":"VEDVIKA","areaChanged":true}},{"type":"Feature","geometry":{"type":"Polygon","coordinates":[[[11.0698,64.5708],[11.07845,64.572483],[11.080117,64.571],[11.07145,64.569317],[11.0698,64.5708]]]},"properties":{"appNo":"SP-2026-002770","applicant":"NORCOD AS","orgNo":"821489962","kind":"Ny tillatelse til andre fiskearter enn laks, ørret og regnbueørret.","status":"SUBMITTED","navn":"Tamtodden","areaChanged":true}},{"type":"Feature","geometry":{"type":"Polygon","coordinates":[[[15.0153,68.7029],[15.014433,68.7031],[15.019267,68.705933],[15.02035,68.705717],[15.0153,68.7029]]]},"properties":{"appNo":"SP-2026-002772","applicant":"HOLMØY HAVBRUK AS","orgNo":"929535081","kind":"Endring av flåte eller forankring","status":"SUBMITTED","loknr":13594,"navn":"TROLLØYA SV","areaChanged":true}},{"type":"Feature","geometry":{"type":"Polygon","coordinates":[[[15.0153,68.7029],[15.014433,68.7031],[15.01805,68.705133],[15.0189,68.70495],[15.0153,68.7029]]]},"properties":{"appNo":"SP-2026-002772","applicant":"HOLMØY HAVBRUK AS","orgNo":"929535081","kind":"Endring av flåte eller forankring","status":"SUBMITTED","loknr":13594,"navn":"TROLLØYA SV","areaChanged":true}},{"type":"Feature","geometry":{"type":"Polygon","coordinates":[[[5.564767,60.16995],[5.56005,60.171617],[5.5618,60.172917],[5.569117,60.172017],[5.56935,60.1716],[5.566533,60.171283],[5.564767,60.16995]]]},"properties":{"appNo":"SP-2026-002773","applicant":"TOMBRE FISKEANLEGG AS","orgNo":"941541240","kind":"Søknad om samlokalisering","status":"SUBMITTED","loknr":34117,"navn":"SKÅTHOLMEN"}},{"type":"Feature","geometry":{"type":"Polygon","coordinates":[[[12.479117,66.409317],[12.483233,66.408217],[12.474183,66.4035],[12.47005,66.404617],[12.470783,66.407617],[12.471383,66.407883],[12.479117,66.409317]]]},"properties":{"appNo":"SP-2026-002780","applicant":"LOVUNDLAKS SJØ AS","orgNo":"929601610","kind":"Ny lokalitet for laks, ørret og regnbueørret i sjø.","status":"SUBMITTED","navn":"Seiongultaren","areaChanged":true}}]}