{"type":"FeatureCollection","features":[{"type":"Feature","geometry":{"type":"Point","coordinates":[12.26196,65.811418]},"properties":{"appNo":"SP-2023-000002","applicant":"SALMO INNOVATION AS","orgNo":"915021352","type":"NEW_SITE","kind":"Ny lokalitet for laks, ørret og regnbueørret i sjø.","status":"RETURNED","submitted":"2023-02-16","navn":"Segløygrunna","kommune":"Alstahaug","fylke":"Nordland","areaChanged":true,"biomass":3599,"plannedProd":4600,"feed":5200,"cycleMonths":20,"netDepth":3000,"netType":"Det vil sannsynligvis bli brukt sylinderposer med glidelodd eller bunnring.","netTreatment":"Usikkert om det vil benyttes og i så fall hvilken coating.","species":"Laks, Ørret, Regnbueørret","licences":"N-DA-0078,N-DA-0079","url":"https://www.fiskeridir.no/akvakultur/akvakultursoknader/sp-2023-000002","apiStatus":"RETURNED","typeCode":"NEW_SITE","createdAt":"2023-02-16","result":null,"evaluationFinishedAt":null,"evaluation":[{"org":"Nordland fylkeskommune","responsible":true,"decisions":[],"statements":[]}]}},{"type":"Feature","geometry":{"type":"Point","coordinates":[12.127967,65.546517]},"properties":{"appNo":"SP-2023-000036","applicant":"SINKABERGHANSEN AS","orgNo":"976543718","type":"CHANGE_SITE","kind":"Endring av lokalitet for laks, ørret og regnbueørret i sjø.","status":"SUBMITTED","submitted":"2023-02-24","loknr":36317,"navn":"VARHOLMEN","kommune":"Brønnøy","fylke":"Nordland","biomass":7020,"plannedProd":8400,"feed":9500,"cycleMonths":17,"netDepth":3000,"netType":"Sylinderpose","netTreatment":"AquaNet Protect","species":"Laks, Ørret, Regnbueørret","prodArea":"Helgeland til Bodø","url":"https://www.fiskeridir.no/akvakultur/akvakultursoknader/sp-2023-000036","apiStatus":"SUBMITTED","typeCode":"CHANGE_SITE","createdAt":"2023-02-24","result":null,"evaluationFinishedAt":null,"evaluation":[{"org":"Kystverket","responsible":false,"decisions":[{"result":"GRANTED","at":"2023-07-14"}],"statements":[]},{"org":"Mattilsynet","responsible":false,"decisions":[{"result":"GRANTED","at":"2025-02-21"}],"statements":[]},{"org":"Brønnøy kommune","responsible":false,"decisions":[],"statements":[{"at":"2023-07-25"}]},{"org":"Statsforvalteren i Nordland","responsible":false,"decisions":[],"statements":[]},{"org":"Fiskeridirektoratet","responsible":false,"decisions":[],"statements":[{"at":"2023-11-09"}]},{"org":"Nordland fylkeskommune","responsible":true,"decisions":[],"statements":[]},{"org":"Statsforvalteren i Møre og Romsdal","responsible":false,"decisions":[{"result":"GRANTED","at":"2025-12-05"}],"statements":[]}]}},{"type":"Feature","geometry":{"type":"Point","coordinates":[15.121204,67.265336]},"properties":{"appNo":"SP-2023-000041","applicant":"WENBERG FISKEOPPDRETT AS","orgNo":"937504446","type":"CHANGE_SITE","kind":"Endring av lokalitet for laks, ørret og regnbueørret i sjø.","status":"SUBMITTED","submitted":"2023-03-23","loknr":27856,"navn":"HUNDHOLMEN","kommune":"Fauske","fylke":"Nordland","areaChanged":true,"biomass":3120,"plannedProd":2807,"feed":3032,"cycleMonths":13,"netDepth":3200,"netType":"Sylindernot","netTreatment":"De er behandlet med coating.  Kobber brukes ikke.","species":"Laks, Ørret, Regnbueørret","prodArea":"Helgeland til Bodø","url":"https://www.fiskeridir.no/akvakultur/akvakultursoknader/sp-2023-000041","apiStatus":"SUBMITTED","typeCode":"CHANGE_SITE","createdAt":"2023-03-23","result":null,"evaluationFinishedAt":null,"evaluation":[{"org":"Fauske kommune","responsible":false,"decisions":[],"statements":[{"at":"2023-07-25"}]},{"org":"Kystverket","responsible":false,"decisions":[{"result":"GRANTED","at":"2023-08-29"}],"statements":[]},{"org":"Mattilsynet","responsible":false,"decisions":[],"statements":[]},{"org":"Nordland fylkeskommune","responsible":true,"decisions":[],"statements":[]},{"org":"Fiskeridirektoratet","responsible":false,"decisions":[],"statements":[{"at":"2024-03-20"}]},{"org":"Statsforvalteren i Nordland","responsible":false,"decisions":[{"result":"GRANTED","at":"2025-01-27"}],"statements":[]}]}},{"type":"Feature","geometry":{"type":"Point","coordinates":[5.171167,61.490817]},"properties":{"appNo":"SP-2023-000124","applicant":"SVANØY HAVBRUK AS","orgNo":"988718181","type":"CHANGE_SITE","kind":"Endring av lokalitet for laks, ørret og regnbueørret i sjø.","status":"RETURNED","submitted":"2023-06-13","loknr":11800,"navn":"AUSTNESTÅA","kommune":"Kinn","fylke":"Vestland","biomass":3120,"plannedProd":4000,"feed":5200,"cycleMonths":18,"netDepth":4300,"netType":"Spissnøter","netTreatment":"Impregnert (NI3)","species":"Laks, Ørret, Regnbueørret","prodArea":"Nordhordland til Stadt","licences":"VL-KI-0007,VL-KI-0008","url":"https://www.fiskeridir.no/akvakultur/akvakultursoknader/sp-2023-000124","apiStatus":"RETURNED","typeCode":"CHANGE_SITE","createdAt":"2023-06-13","result":null,"evaluationFinishedAt":null,"evaluation":[{"org":"Vestland fylkeskommune","responsible":true,"decisions":[],"statements":[]}]}},{"type":"Feature","geometry":{"type":"Point","coordinates":[12.241345,66.111337]},"properties":{"appNo":"SP-2023-000163","applicant":"MOWI SEAWATER NORWAY AS","orgNo":"921668236","type":"NEW_SITE","kind":"Ny lokalitet for laks, ørret og regnbueørret i sjø.","status":"SUBMITTED","submitted":"2023-06-22","navn":"Lammøya","kommune":"Dønna","fylke":"Nordland","areaChanged":true,"biomass":3120,"plannedProd":4000,"feed":4600,"cycleMonths":18,"netDepth":3500,"netType":"Nottype: 160/15/30 160/20/35m storbeintnot i nylon. Alle nøter er ENCA. (kommer med i anleggssertifikatet)","netTreatment":"Kobberfri impregnering","species":"Laks, Ørret, Regnbueørret","licences":"N-DA-0003,N-DA-0004,N-DA-0005,N-DA-0024","url":"https://www.fiskeridir.no/akvakultur/akvakultursoknader/sp-2023-000163","apiStatus":"SUBMITTED","typeCode":"NEW_SITE","createdAt":"2023-06-22","result":null,"evaluationFinishedAt":null,"evaluation":[{"org":"Dønna kommune","responsible":false,"decisions":[],"statements":[{"at":"2023-10-12"}]},{"org":"Kystverket","responsible":false,"decisions":[{"result":"GRANTED","at":"2024-12-06"}],"statements":[]},{"org":"Mattilsynet","responsible":false,"decisions":[{"result":"DENIED","at":"2025-03-19"}],"statements":[]},{"org":"Nordland fylkeskommune","responsible":true,"decisions":[],"statements":[]},{"org":"Fiskeridirektoratet","responsible":false,"decisions":[],"statements":[{"at":"2023-12-04"}]},{"org":"Statsforvalteren i Nordland","responsible":false,"decisions":[],"statements":[]}]}},{"type":"Feature","geometry":{"type":"Point","coordinates":[13.137459,66.603591]},"properties":{"appNo":"SP-2023-000199","applicant":"MOWI SEAWATER NORWAY AS","orgNo":"921668236","type":"NEW_SITE","kind":"Ny lokalitet for laks, ørret og regnbueørret i sjø.","status":"SUBMITTED","submitted":"2023-06-30","navn":"Prestvika","kommune":"Rødøy","fylke":"Nordland","areaChanged":true,"biomass":2340,"plannedProd":3000,"feed":3450,"cycleMonths":18,"netDepth":3500,"netType":"Nottype: 160/15/30 160/20/35m storbeintnot i nylon. Alle nøter er ENCA. (kommer med i anleggssertifikatet)","netTreatment":"Kobberfri impregnering","species":"Laks, Ørret, Regnbueørret","licences":"N-BR-0002,N-BR-0003,N-HR-0002,N-HR-0003","url":"https://www.fiskeridir.no/akvakultur/akvakultursoknader/sp-2023-000199","apiStatus":"SUBMITTED","typeCode":"NEW_SITE","createdAt":"2023-06-30","result":null,"evaluationFinishedAt":null,"evaluation":[{"org":"Kystverket","responsible":false,"decisions":[{"result":"GRANTED","at":"2024-11-25"}],"statements":[]},{"org":"Mattilsynet","responsible":false,"decisions":[],"statements":[]},{"org":"Fiskeridirektoratet","responsible":false,"decisions":[],"statements":[{"at":"2025-02-12"}]},{"org":"Statsforvalteren i Nordland","responsible":false,"decisions":[{"result":"DENIED","at":"2025-08-29"}],"statements":[]},{"org":"Rødøy kommune","responsible":false,"decisions":[],"statements":[]},{"org":"Nordland fylkeskommune","responsible":true,"decisions":[],"statements":[]}]}},{"type":"Feature","geometry":{"type":"Point","coordinates":[14.819836,68.443927]},"properties":{"appNo":"SP-2023-000301","applicant":"NORDLAKS HAVBRUK AS","orgNo":"929911946","type":"CHANGE_SITE","kind":"Endring av lokalitet for laks, ørret og regnbueørret i sjø.","status":"SUBMITTED","submitted":"2023-07-10","loknr":29096,"navn":"GRØTTØY","kommune":"Hadsel","fylke":"Nordland","areaChanged":true,"biomass":4700,"plannedProd":5500,"feed":6500,"cycleMonths":17,"netDepth":4000,"netType":"Primært vil det bli brukt spissposer på lokaliteten (100m omkrets og 40m dyp), men i prinsippet kan det også brukes sylinderposer.","netTreatment":"Trad. impreg.middel (NS Standard el. NI3 Netwax), eller alt. produkter (AquaNet Prtect, E2 etc).","species":"Laks, Ørret, Regnbueørret","prodArea":"Vestfjorden og Vesterålen","url":"https://www.fiskeridir.no/akvakultur/akvakultursoknader/sp-2023-000301","apiStatus":"SUBMITTED","typeCode":"CHANGE_SITE","createdAt":"2023-07-10","result":null,"evaluationFinishedAt":null,"evaluation":[{"org":"Kystverket","responsible":false,"decisions":[{"result":"GRANTED","at":"2023-09-06"}],"statements":[]},{"org":"Mattilsynet","responsible":false,"decisions":[{"result":"GRANTED","at":"2025-05-26"}],"statements":[]},{"org":"Hadsel kommune","responsible":false,"decisions":[],"statements":[{"at":"2023-08-29"}]},{"org":"Nordland fylkeskommune","responsible":true,"decisions":[],"statements":[]},{"org":"Fiskeridirektoratet","responsible":false,"decisions":[],"statements":[]},{"org":"Statsforvalteren i Nordland","responsible":false,"decisions":[],"statements":[]},{"org":"Statsforvalteren i Møre og Romsdal","responsible":false,"decisions":[{"result":"GRANTED","at":"2025-06-16"}],"statements":[]}]}},{"type":"Feature","geometry":{"type":"Point","coordinates":[5.268483,60.746867]},"properties":{"appNo":"SP-2023-000310","applicant":"EIDE FJORDBRUK AS","orgNo":"866751242","type":"CHANGE_SITE","kind":"Endring av lokalitet for laks, ørret og regnbueørret i sjø.","status":"SUBMITTED","submitted":"2023-07-17","loknr":19655,"navn":"OSPENESET","kommune":"Alver","fylke":"Vestland","biomass":6720,"plannedProd":7000,"feed":8400,"cycleMonths":21,"netDepth":4500,"netType":"Sylinderpose type spisspose i 160 metringer. Max. dybde i senter 45 meter.\nSemilukka merd av type Ecomerden R30. Max. dybde i merdpose er 36 meter. Vanninntak og avløp i Ecomerd er dypere enn merdposens 36 meter.","netTreatment":"Eide Fjordbruk brukar ikkje koparimpregnering på nøter. Brukar coating mot UV-stråling frå sollys.","species":"Laks, Ørret, Regnbueørret","prodArea":"Nordhordland til Stadt","url":"https://www.fiskeridir.no/akvakultur/akvakultursoknader/sp-2023-000310","apiStatus":"SUBMITTED","typeCode":"CHANGE_SITE","createdAt":"2023-07-17","result":null,"evaluationFinishedAt":null,"evaluation":[{"org":"Mattilsynet","responsible":false,"decisions":[],"statements":[]},{"org":"Alver kommune","responsible":false,"decisions":[],"statements":[{"at":"2024-01-04"}]},{"org":"Fiskeridirektoratet","responsible":false,"decisions":[],"statements":[{"at":"2024-01-23"}]},{"org":"Vestland fylkeskommune","responsible":true,"decisions":[],"statements":[]},{"org":"Statsforvalteren i Vestland","responsible":false,"decisions":[],"statements":[]}]}},{"type":"Feature","geometry":{"type":"Point","coordinates":[13.789721,68.104742]},"properties":{"appNo":"SP-2023-000322","applicant":"ISQUEEN AS","orgNo":"952217860","type":"CHANGE_SITE","kind":"Endring av lokalitet for laks, ørret og regnbueørret i sjø.","status":"SUBMITTED","submitted":"2023-08-31","loknr":30977,"navn":"ÆSØYA","kommune":"Vestvågøy","fylke":"Nordland","areaChanged":true,"biomass":3120,"plannedProd":3120,"feed":3432,"cycleMonths":15,"netDepth":2000,"netType":"Sylinderposer med bunnring.","netTreatment":"Brynsløkken Notorius 3","species":"Laks, Ørret, Regnbueørret","prodArea":"Vestfjorden og Vesterålen","url":"https://www.fiskeridir.no/akvakultur/akvakultursoknader/sp-2023-000322","apiStatus":"SUBMITTED","typeCode":"CHANGE_SITE","createdAt":"2023-08-24","result":null,"evaluationFinishedAt":null,"evaluation":[{"org":"Kystverket","responsible":false,"decisions":[{"result":"GRANTED","at":"2023-12-06"}],"statements":[]},{"org":"Mattilsynet","responsible":false,"decisions":[{"result":"GRANTED","at":"2025-02-20"}],"statements":[]},{"org":"Vestvågøy kommune","responsible":false,"decisions":[],"statements":[{"at":"2024-01-09"}]},{"org":"Nordland fylkeskommune","responsible":true,"decisions":[],"statements":[]},{"org":"Fiskeridirektoratet","responsible":false,"decisions":[],"statements":[]},{"org":"Statsforvalteren i Nordland","responsible":false,"decisions":[{"result":"DENIED","at":"2025-08-29"}],"statements":[]}]}},{"type":"Feature","geometry":{"type":"Point","coordinates":[20.69277,69.945448]},"properties":{"appNo":"SP-2023-000323","applicant":"LERØY AURORA SJØ AS","orgNo":"930155179","type":"NEW_SITE","kind":"Ny lokalitet for laks, ørret og regnbueørret i sjø.","status":"SUBMITTED","submitted":"2023-08-25","navn":"Bjørnvika","kommune":"Skjervøy","fylke":"Troms","areaChanged":true,"biomass":7200,"plannedProd":8000,"feed":8800,"cycleMonths":18,"netDepth":1500,"netType":"Rettvegget sylinderpose, Ø160 meter","netTreatment":"Aquanet B30/B45. Kobberfri og vannbasert impregnering.","species":"Laks, Ørret, Regnbueørret","licences":"T-G-0010,T-K-0002,T-T-0001,T-T-0008,T-T-0010,T-T-0015","url":"https://www.fiskeridir.no/akvakultur/akvakultursoknader/sp-2023-000323","apiStatus":"SUBMITTED","typeCode":"NEW_SITE","createdAt":"2023-08-25","result":null,"evaluationFinishedAt":null,"evaluation":[{"org":"Kystverket","responsible":false,"decisions":[{"result":"GRANTED","at":"2023-12-08"}],"statements":[]},{"org":"Mattilsynet","responsible":false,"decisions":[{"result":"DENIED","at":"2025-02-05"}],"statements":[]},{"org":"Skjervøy kommune","responsible":false,"decisions":[],"statements":[]},{"org":"Fiskeridirektoratet","responsible":false,"decisions":[],"statements":[{"at":"2023-12-21"}]},{"org":"Troms fylkeskommune","responsible":true,"decisions":[],"statements":[]},{"org":"Statsforvalteren i Troms og Finnmark","responsible":false,"decisions":[{"result":"GRANTED","at":"2024-11-19"}],"statements":[]}]}},{"type":"Feature","geometry":{"type":"Point","coordinates":[13.56228,66.713413]},"properties":{"appNo":"SP-2023-000359","applicant":"NOVA SEA HAVBRUK AS","orgNo":"827248312","type":"CHANGE_SITE","kind":"Endring av lokalitet for laks, ørret og regnbueørret i sjø.","status":"SUBMITTED","submitted":"2023-10-24","loknr":11138,"navn":"SKÅLSVIKA","kommune":"Meløy","fylke":"Nordland","areaChanged":true,"plannedProd":6100,"feed":5700,"cycleMonths":15,"netDepth":4000,"netType":"Tubenot, det er gitt tillatelse for dette i mai 2023.","netTreatment":"voks-coating eller Aquanet B45","species":"Laks, Ørret, Regnbueørret","prodArea":"Helgeland til Bodø","url":"https://www.fiskeridir.no/akvakultur/akvakultursoknader/sp-2023-000359","apiStatus":"SUBMITTED","typeCode":"CHANGE_SITE","createdAt":"2023-09-07","result":null,"evaluationFinishedAt":null,"evaluation":[{"org":"Meløy kommune","responsible":false,"decisions":[],"statements":[{"at":"2024-01-31"}]},{"org":"Mattilsynet","responsible":false,"decisions":[{"result":"GRANTED","at":"2024-03-04"}],"statements":[]},{"org":"Kystverket","responsible":false,"decisions":[{"result":"GRANTED","at":"2024-02-26"}],"statements":[]},{"org":"Fiskeridirektoratet","responsible":false,"decisions":[],"statements":[{"at":"2024-02-26"}]},{"org":"Nordland fylkeskommune","responsible":true,"decisions":[],"statements":[]},{"org":"Statsforvalteren i Nordland","responsible":false,"decisions":[{"result":"GRANTED","at":"2024-06-18"}],"statements":[]}]}},{"type":"Feature","geometry":{"type":"Point","coordinates":[13.223072,66.498708]},"properties":{"appNo":"SP-2023-000364","applicant":"MOWI SEAWATER NORWAY AS","orgNo":"921668236","type":"NEW_SITE","kind":"Ny lokalitet for laks, ørret og regnbueørret i sjø.","status":"SUBMITTED","submitted":"2023-09-14","navn":"Langstranda","kommune":"Rødøy","fylke":"Nordland","areaChanged":true,"biomass":2340,"plannedProd":3000,"feed":3450,"cycleMonths":18,"netDepth":3500,"netType":"160/15/30 160/20/35m storbeintnot i nylon. Alle nøter er ENCA (kommer med i anleggssertifikat).","netTreatment":"Kobberfritt","species":"Laks, Ørret, Regnbueørret","licences":"N-R-0004,N-R-0009,N-R-0029","url":"https://www.fiskeridir.no/akvakultur/akvakultursoknader/sp-2023-000364","apiStatus":"SUBMITTED","typeCode":"NEW_SITE","createdAt":"2023-09-14","result":null,"evaluationFinishedAt":null,"evaluation":[{"org":"Kystverket","responsible":false,"decisions":[{"result":"GRANTED","at":"2024-04-05"}],"statements":[]},{"org":"Mattilsynet","responsible":false,"decisions":[{"result":"DENIED","at":"2025-02-04"}],"statements":[]},{"org":"Rødøy kommune","responsible":false,"decisions":[],"statements":[{"at":"2024-01-15"}]},{"org":"Fiskeridirektoratet","responsible":false,"decisions":[],"statements":[{"at":"2024-02-13"}]},{"org":"Nordland fylkeskommune","responsible":true,"decisions":[],"statements":[]},{"org":"Statsforvalteren i Nordland","responsible":false,"decisions":[],"statements":[]},{"org":"Statsforvalteren i Troms og Finnmark","responsible":false,"decisions":[],"statements":[]}]}},{"type":"Feature","geometry":{"type":"Point","coordinates":[12.441067,65.353183]},"properties":{"appNo":"SP-2023-000365","applicant":"MOWI SEAWATER NORWAY AS","orgNo":"921668236","type":"CHANGE_SITE","kind":"Endring av lokalitet for laks, ørret og regnbueørret i sjø.","status":"SUBMITTED","submitted":"2023-09-15","loknr":19755,"navn":"KLUBBEN","kommune":"Brønnøy","fylke":"Nordland","areaChanged":true,"plannedProd":3000,"feed":4500,"cycleMonths":18,"netDepth":4000,"netType":"Sylindernot - Type konstruksjon: ENC 120 2840 48","netTreatment":"Kobberfri impregnering","species":"Laks, Ørret, Regnbueørret","prodArea":"Nord-Trøndelag med Bindal","url":"https://www.fiskeridir.no/akvakultur/akvakultursoknader/sp-2023-000365","apiStatus":"SUBMITTED","typeCode":"CHANGE_SITE","createdAt":"2023-09-15","result":null,"evaluationFinishedAt":"2024-01-15","evaluation":[{"org":"Kystverket","responsible":false,"decisions":[{"result":"GRANTED","at":"2023-10-27"}],"statements":[]},{"org":"Mattilsynet","responsible":false,"decisions":[{"result":"GRANTED","at":"2023-10-27"}],"statements":[]},{"org":"Brønnøy kommune","responsible":false,"decisions":[],"statements":[{"at":"2024-01-10"}]},{"org":"Fiskeridirektoratet","responsible":false,"decisions":[],"statements":[{"at":"2024-01-30"}]},{"org":"Nordland fylkeskommune","responsible":true,"decisions":[],"statements":[]},{"org":"Statsforvalteren i Nordland","responsible":false,"decisions":[],"statements":[{"at":"2024-02-12"}]}]}},{"type":"Feature","geometry":{"type":"Point","coordinates":[15.398867,67.243033]},"properties":{"appNo":"SP-2023-000465","applicant":"WENBERG FISKEOPPDRETT AS","orgNo":"937504446","type":"CHANGE_SITE","kind":"Endring av lokalitet for laks, ørret og regnbueørret i sjø.","status":"RETURNED","submitted":"2023-10-06","loknr":11273,"navn":"SKYSSELVIKA V","kommune":"Fauske","fylke":"Nordland","areaChanged":true,"plannedProd":1752,"feed":2291,"cycleMonths":14,"netDepth":1200,"netType":"Nøtene på lokaliteten holdes som før og derfor beskrives kun den nye nottypen for NordicBLU1000 på dette punktet. \n\nNottypen er ca 12 meter dyp og har rør i bunn hvor slam fraktes bort.  Dybden på røret er på ca. 78 m g det avgjør at merden må plasseres ytterst i merd A eller B (jf. fortøyingsanalysen).","netTreatment":"Det brukes ikke kobber på denne lokaliteten.","species":"Laks, Ørret, Regnbueørret","prodArea":"Helgeland til Bodø","url":"https://www.fiskeridir.no/akvakultur/akvakultursoknader/sp-2023-000465","apiStatus":"RETURNED","typeCode":"CHANGE_SITE","createdAt":"2023-10-06","result":null,"evaluationFinishedAt":null,"evaluation":[{"org":"Nordland fylkeskommune","responsible":true,"decisions":[],"statements":[]}]}},{"type":"Feature","geometry":{"type":"Point","coordinates":[5.848558,59.095483]},"properties":{"appNo":"SP-2023-000647","applicant":"SEASHORE SJØ AS","orgNo":"836597702","type":"NEW_SITE","kind":"Ny lokalitet for laks, ørret og regnbueørret i sjø.","status":"SUBMITTED","submitted":"2023-11-17","navn":"Langholmen","kommune":"Stavanger","fylke":"Rogaland","areaChanged":true,"biomass":2340,"plannedProd":2340,"feed":2800,"cycleMonths":12,"netDepth":3500,"netType":"Enten 160 m spaghettinøter eller 160 m sylindernøter avhengig av forsøksoppsett","netTreatment":"Aquanet B30/B45","species":"Laks, Ørret, Regnbueørret","licences":"R-FD-0016,R-SS-0011,R-ST-0002","url":"https://www.fiskeridir.no/akvakultur/akvakultursoknader/sp-2023-000647","apiStatus":"SUBMITTED","typeCode":"NEW_SITE","createdAt":"2023-11-17","result":null,"evaluationFinishedAt":null,"evaluation":[{"org":"Stavanger kommune","responsible":false,"decisions":[],"statements":[{"at":"2024-07-15"}]},{"org":"Mattilsynet","responsible":false,"decisions":[{"result":"DENIED","at":"2024-06-20"}],"statements":[]},{"org":"Kystverket","responsible":false,"decisions":[{"result":"GRANTED","at":"2025-05-13"}],"statements":[]},{"org":"Rogaland fylkeskommune","responsible":true,"decisions":[],"statements":[]},{"org":"Fiskeridirektoratet","responsible":false,"decisions":[],"statements":[{"at":"2024-08-28"}]},{"org":"Statsforvalteren i Rogaland","responsible":false,"decisions":[{"result":"GRANTED","at":"2025-06-16"}],"statements":[{"at":"2024-01-26"}]}]}},{"type":"Feature","geometry":{"type":"Point","coordinates":[5.572612,60.25136]},"properties":{"appNo":"SP-2023-000649","applicant":"AS BOLAKS","orgNo":"930391328","type":"CHANGE_SITE","kind":"Endring av lokalitet for laks, ørret og regnbueørret i sjø.","status":"SUBMITTED","submitted":"2023-12-05","loknr":12067,"navn":"ALDALEN","kommune":"Bjørnafjorden","fylke":"Vestland","areaChanged":true,"plannedProd":1560,"feed":1650,"cycleMonths":10,"netDepth":7000,"netType":"ENCA 160","netTreatment":"Aquanet B30","species":"Laks, Ørret, Regnbueørret","prodArea":"Karmøy til Sotra","url":"https://www.fiskeridir.no/akvakultur/akvakultursoknader/sp-2023-000649","apiStatus":"SUBMITTED","typeCode":"CHANGE_SITE","createdAt":"2023-11-23","result":null,"evaluationFinishedAt":null,"evaluation":[{"org":"Kystverket","responsible":false,"decisions":[{"result":"GRANTED","at":"2025-04-16"}],"statements":[]},{"org":"Mattilsynet","responsible":false,"decisions":[{"result":"GRANTED","at":"2023-12-13"}],"statements":[]},{"org":"Bjørnafjorden kommune","responsible":false,"decisions":[],"statements":[{"at":"2025-03-18"}]},{"org":"Vestland fylkeskommune","responsible":true,"decisions":[],"statements":[]},{"org":"Fiskeridirektoratet","responsible":false,"decisions":[],"statements":[{"at":"2025-04-30"}]},{"org":"Statsforvalteren i Vestland","responsible":false,"decisions":[],"statements":[]}]}},{"type":"Feature","geometry":{"type":"Point","coordinates":[6.977001,62.31833]},"properties":{"appNo":"SP-2023-000688","applicant":"HOFSETH AQUA AS","orgNo":"828764292","type":"CHANGE_SITE","kind":"Endring av lokalitet for laks, ørret og regnbueørret i sjø.","status":"RETURNED","submitted":"2023-12-22","loknr":45058,"navn":"URDANESET","kommune":"Stranda","fylke":"Møre og Romsdal","areaChanged":true,"plannedProd":6500,"feed":8000,"cycleMonths":16,"netDepth":2500,"netType":"Sirkulær not 130 meter. Tilsvarer ca. 35 000 m3.","netTreatment":"Econea (Biocid)","species":"Laks, Ørret, Regnbueørret","prodArea":"Stadt til Hustadvika","url":"https://www.fiskeridir.no/akvakultur/akvakultursoknader/sp-2023-000688","apiStatus":"RETURNED","typeCode":"CHANGE_SITE","createdAt":"2023-12-22","result":null,"evaluationFinishedAt":null,"evaluation":[{"org":"Møre og Romsdal fylkeskommune","responsible":true,"decisions":[],"statements":[]}]}},{"type":"Feature","geometry":{"type":"Point","coordinates":[12.244577,65.91831]},"properties":{"appNo":"SP-2024-000695","applicant":"MOWI SEAWATER NORWAY AS","orgNo":"921668236","type":"CHANGE_SITE","kind":"Endring av lokalitet for laks, ørret og regnbueørret i sjø.","status":"SUBMITTED","submitted":"2024-01-15","loknr":27976,"navn":"BUKKHOLMEN","kommune":"Alstahaug","fylke":"Nordland","areaChanged":true,"plannedProd":6000,"feed":6900,"cycleMonths":18,"netDepth":3500,"netType":"Sylinderpose","netTreatment":"Kobberfri","species":"Laks, Ørret, Regnbueørret","prodArea":"Helgeland til Bodø","url":"https://www.fiskeridir.no/akvakultur/akvakultursoknader/sp-2024-000695","apiStatus":"SUBMITTED","typeCode":"CHANGE_SITE","createdAt":"2024-01-15","result":null,"evaluationFinishedAt":null,"evaluation":[{"org":"Kystverket","responsible":false,"decisions":[{"result":"GRANTED","at":"2024-03-27"}],"statements":[]},{"org":"Alstahaug kommune","responsible":false,"decisions":[],"statements":[{"at":"2024-03-07"}]},{"org":"Mattilsynet","responsible":false,"decisions":[{"result":"GRANTED","at":"2024-04-09"}],"statements":[]},{"org":"Nordland fylkeskommune","responsible":true,"decisions":[],"statements":[]},{"org":"Fiskeridirektoratet","responsible":false,"decisions":[],"statements":[{"at":"2024-03-20"}]},{"org":"Statsforvalteren i Nordland","responsible":false,"decisions":[{"result":"NO_DECISION","at":"2024-08-15"}],"statements":[]}]}},{"type":"Feature","geometry":{"type":"Point","coordinates":[12.461225,65.798711]},"properties":{"appNo":"SP-2024-000697","applicant":"AKVAFUTURE AS","orgNo":"996482537","type":"NEW_SITE","kind":"Ny lokalitet for laks, ørret og regnbueørret i sjø.","status":"SUBMITTED","submitted":"2024-08-26","navn":"Mindland","kommune":"Alstahaug","fylke":"Nordland","areaChanged":true,"biomass":2184,"plannedProd":2400,"feed":2700,"cycleMonths":18,"netDepth":2000,"netType":"Det skal benyttes selskapets lukkede merder, Akvapods. Dette vil si at fisken befinner seg i en lukket barriere som fylles med vann fra dypet. Posematerialet er av fiberforsterket duk og er mer rømningssikkert enn en vanlig not. Det er i tillegg til dette en vanlig oppdrettsnot utenpå posen, som skal fungere som en ekstra sikring mot rømming og sedimenteringskammer for slam.","netTreatment":"Verken pose eller nøtene er impregnert.","species":"Laks, Ørret, Regnbueørret","licences":"N-VS-0013,N-VS-0014,N-VS-0015","url":"https://www.fiskeridir.no/akvakultur/akvakultursoknader/sp-2024-000697","apiStatus":"SUBMITTED","typeCode":"NEW_SITE","createdAt":"2024-01-16","result":null,"evaluationFinishedAt":null,"evaluation":[{"org":"Alstahaug kommune","responsible":false,"decisions":[],"statements":[]},{"org":"Kystverket","responsible":false,"decisions":[{"result":"GRANTED","at":"2025-01-02"}],"statements":[]},{"org":"Mattilsynet","responsible":false,"decisions":[],"statements":[]},{"org":"Nordland fylkeskommune","responsible":true,"decisions":[],"statements":[]},{"org":"Fiskeridirektoratet","responsible":false,"decisions":[],"statements":[{"at":"2024-12-19"}]},{"org":"Statsforvalteren i Nordland","responsible":false,"decisions":[{"result":"DENIED","at":"2025-10-28"}],"statements":[]}]}},{"type":"Feature","geometry":{"type":"Point","coordinates":[12.129996,65.378383]},"properties":{"appNo":"SP-2024-000739","applicant":"MOWI SEAWATER NORWAY AS","orgNo":"921668236","type":"NEW_SITE","kind":"Ny lokalitet for laks, ørret og regnbueørret i sjø.","status":"SUBMITTED","submitted":"2024-03-14","navn":"Sømnesøya","kommune":"Sømna","fylke":"Nordland","areaChanged":true,"biomass":3120,"plannedProd":4400,"feed":5250,"cycleMonths":18,"netDepth":3500,"netType":"160/15/30 160/20/35m storbeintnot i nylon. Alle nøter er ENCA (kommer med i anleggssertifikat).","netTreatment":"Kobberfritt","species":"Laks, Ørret, Regnbueørret","licences":"N-BR-0003,N-BR-0004,N-BR-0017,N-AH-0003,N-BR-0002","url":"https://www.fiskeridir.no/akvakultur/akvakultursoknader/sp-2024-000739","apiStatus":"SUBMITTED","typeCode":"NEW_SITE","createdAt":"2024-02-05","result":null,"evaluationFinishedAt":null,"evaluation":[{"org":"Kystverket","responsible":false,"decisions":[{"result":"GRANTED","at":"2024-07-02"}],"statements":[]},{"org":"Mattilsynet","responsible":false,"decisions":[{"result":"DENIED","at":"2025-07-16"}],"statements":[]},{"org":"Sømna kommune","responsible":false,"decisions":[],"statements":[{"at":"2024-06-28"}]},{"org":"Nordland fylkeskommune","responsible":true,"decisions":[],"statements":[]},{"org":"Fiskeridirektoratet","responsible":false,"decisions":[],"statements":[{"at":"2024-07-12"}]},{"org":"Statsforvalteren i Nordland","responsible":false,"decisions":[],"statements":[]}]}},{"type":"Feature","geometry":{"type":"Point","coordinates":[20.508291,69.58016]},"properties":{"appNo":"SP-2024-000954","applicant":"LERØY AURORA SJØ AS","orgNo":"930155179","type":"CHANGE_SITE","kind":"Endring av lokalitet for laks, ørret og regnbueørret i sjø.","status":"SUBMITTED","submitted":"2024-06-07","loknr":10734,"navn":"GOURTESJOUKA","kommune":"Gáivuotna","fylke":"Troms","areaChanged":true,"plannedProd":3600,"feed":4000,"cycleMonths":18,"netDepth":1500,"netType":"Rettvegget sylinderpose, Ø160 meter","netTreatment":"Aquanet B30/B45. Kobberfri og vannbasert impregnering.","species":"Laks, Ørret, Regnbueørret","prodArea":"Kvaløya til Loppa","url":"https://www.fiskeridir.no/akvakultur/akvakultursoknader/sp-2024-000954","apiStatus":"SUBMITTED","typeCode":"CHANGE_SITE","createdAt":"2024-03-11","result":null,"evaluationFinishedAt":null,"evaluation":[{"org":"Mattilsynet","responsible":false,"decisions":[{"result":"NO_DECISION","at":"2025-04-02"}],"statements":[]},{"org":"Gaivuona suohkan kåfjord kommune kaivuonon komuuni","responsible":false,"decisions":[],"statements":[]},{"org":"Kystverket","responsible":false,"decisions":[],"statements":[]},{"org":"Fiskeridirektoratet","responsible":false,"decisions":[],"statements":[]},{"org":"Finnmark fylkeskommune","responsible":true,"decisions":[],"statements":[]},{"org":"Statsforvalteren i Troms og Finnmark","responsible":false,"decisions":[],"statements":[]}]}},{"type":"Feature","geometry":{"type":"Point","coordinates":[7.0268,58.0243]},"properties":{"appNo":"SP-2024-000955","applicant":"SØRLANDET VISNINGSSENTER AS","orgNo":"830648402","type":"CO_LOCATION_APPLICATION","kind":"Søknad om samlokalisering","status":"SUBMITTED","submitted":"2024-03-12","loknr":30657,"navn":"REVØY","kommune":"Lyngdal","fylke":"Agder","species":"Laks, Ørret, Regnbueørret","prodArea":"Svenskegrensen til Jæren","licences":"VA-F-0016","url":"https://www.fiskeridir.no/akvakultur/akvakultursoknader/sp-2024-000955","apiStatus":"SUBMITTED","typeCode":"CO_LOCATION_APPLICATION","createdAt":"2024-03-12","result":null,"evaluationFinishedAt":null,"evaluation":[{"org":"Mattilsynet","responsible":false,"decisions":[],"statements":[{"at":"2024-06-13"}]},{"org":"Agder fylkeskommune","responsible":true,"decisions":[],"statements":[]},{"org":"Fiskeridirektoratet","responsible":false,"decisions":[],"statements":[{"at":"2024-04-15"}]},{"org":"Statsforvalteren i Agder","responsible":false,"decisions":[],"statements":[]}]}},{"type":"Feature","geometry":{"type":"Point","coordinates":[7.06875,58.055833]},"properties":{"appNo":"SP-2024-000956","applicant":"SØRLANDET VISNINGSSENTER AS","orgNo":"830648402","type":"CO_LOCATION_APPLICATION","kind":"Søknad om samlokalisering","status":"SUBMITTED","submitted":"2024-03-12","loknr":29957,"navn":"NAKKESTAD","kommune":"Lyngdal","fylke":"Agder","species":"Laks, Ørret, Regnbueørret","prodArea":"Svenskegrensen til Jæren","url":"https://www.fiskeridir.no/akvakultur/akvakultursoknader/sp-2024-000956","apiStatus":"SUBMITTED","typeCode":"CO_LOCATION_APPLICATION","createdAt":"2024-03-12","result":null,"evaluationFinishedAt":null,"evaluation":[{"org":"Mattilsynet","responsible":false,"decisions":[],"statements":[{"at":"2024-06-13"}]},{"org":"Fiskeridirektoratet","responsible":false,"decisions":[],"statements":[{"at":"2024-04-15"}]},{"org":"Agder fylkeskommune","responsible":true,"decisions":[],"statements":[]},{"org":"Statsforvalteren i Agder","responsible":false,"decisions":[],"statements":[]}]}},{"type":"Feature","geometry":{"type":"Point","coordinates":[6.885683,58.060083]},"properties":{"appNo":"SP-2024-000957","applicant":"SØRLANDET VISNINGSSENTER AS","orgNo":"830648402","type":"CO_LOCATION_APPLICATION","kind":"Søknad om samlokalisering","status":"SUBMITTED","submitted":"2024-03-12","loknr":33577,"navn":"KJEHOLMEN II","kommune":"Farsund","fylke":"Agder","species":"Laks, Ørret, Regnbueørret","prodArea":"Svenskegrensen til Jæren","url":"https://www.fiskeridir.no/akvakultur/akvakultursoknader/sp-2024-000957","apiStatus":"SUBMITTED","typeCode":"CO_LOCATION_APPLICATION","createdAt":"2024-03-12","result":null,"evaluationFinishedAt":null,"evaluation":[{"org":"Mattilsynet","responsible":false,"decisions":[],"statements":[{"at":"2024-06-13"}]},{"org":"Fiskeridirektoratet","responsible":false,"decisions":[],"statements":[{"at":"2024-04-15"}]},{"org":"Agder fylkeskommune","responsible":true,"decisions":[],"statements":[]},{"org":"Statsforvalteren i Agder","responsible":false,"decisions":[],"statements":[]}]}},{"type":"Feature","geometry":{"type":"Point","coordinates":[16.122348,68.525882]},"properties":{"appNo":"SP-2024-001063","applicant":"HOLMØY HAVBRUK AS","orgNo":"929535081","type":"CHANGE_SITE","kind":"Endring av lokalitet for laks, ørret og regnbueørret i sjø.","status":"SUBMITTED","submitted":"2024-04-29","loknr":14796,"navn":"FISKEFJORDEN","kommune":"Lødingen","fylke":"Nordland","areaChanged":true,"biomass":2608,"plannedProd":4700,"feed":5500,"cycleMonths":19,"netDepth":2000,"netType":"ENC-not med enkeltlodd (sirkelformet notpose).","netTreatment":"Netwax NI3 og E5 greenline","species":"Laks, Ørret, Regnbueørret","prodArea":"Vestfjorden og Vesterålen","url":"https://www.fiskeridir.no/akvakultur/akvakultursoknader/sp-2024-001063","apiStatus":"SUBMITTED","typeCode":"CHANGE_SITE","createdAt":"2024-04-02","result":null,"evaluationFinishedAt":null,"evaluation":[{"org":"Statsforvalteren i Nordland","responsible":false,"decisions":[],"statements":[]},{"org":"Statsforvalteren i Rogaland","responsible":false,"decisions":[],"statements":[]},{"org":"Lødingen kommune","responsible":false,"decisions":[],"statements":[{"at":"2024-07-29"}]},{"org":"Mattilsynet","responsible":false,"decisions":[{"result":"GRANTED","at":"2025-08-18"}],"statements":[]},{"org":"Kystverket","responsible":false,"decisions":[],"statements":[]},{"org":"Nordland fylkeskommune","responsible":true,"decisions":[],"statements":[]},{"org":"Fiskeridirektoratet","responsible":false,"decisions":[],"statements":[{"at":"2025-03-18"}]}]}},{"type":"Feature","geometry":{"type":"Point","coordinates":[13.500017,66.849496]},"properties":{"appNo":"SP-2024-001069","applicant":"NOVA SEA HAVBRUK AS","orgNo":"827248312","type":"NEW_SITE","kind":"Ny lokalitet for laks, ørret og regnbueørret i sjø.","status":"RETURNED","submitted":"2024-04-11","navn":"Tømmerhella","kommune":"Meløy","fylke":"Nordland","areaChanged":true,"biomass":3900,"plannedProd":6000,"feed":7200,"cycleMonths":15,"netDepth":4000,"netType":"Sylindrisk not med en koning på 15 meter ned til spiss.","netTreatment":"NSH bruker ikke impregnering med kobber, men coating uten kobber slik som Netcoating Plus Oker","species":"Laks, Ørret, Regnbueørret","licences":"N-TN-0001,N-TN-0003,N-TN-0004,N-TN-0005,N-ME-0010","url":"https://www.fiskeridir.no/akvakultur/akvakultursoknader/sp-2024-001069","apiStatus":"RETURNED","typeCode":"NEW_SITE","createdAt":"2024-04-11","result":null,"evaluationFinishedAt":null,"evaluation":[{"org":"Nordland fylkeskommune","responsible":true,"decisions":[],"statements":[]}]}},{"type":"Feature","geometry":{"type":"Point","coordinates":[6.1167,61.152667]},"properties":{"appNo":"SP-2024-001071","applicant":"STEINVIK FISKEFARM AS","orgNo":"958123701","type":"CO_LOCATION_APPLICATION","kind":"Søknad om samlokalisering","status":"SUBMITTED","submitted":"2024-04-15","loknr":32977,"navn":"MÅREN","kommune":"Høyanger","fylke":"Vestland","species":"Laks, Ørret, Regnbueørret","prodArea":"Nordhordland til Stadt","licences":"SF-A-0010,SF-A-0011","url":"https://www.fiskeridir.no/akvakultur/akvakultursoknader/sp-2024-001071","apiStatus":"SUBMITTED","typeCode":"CO_LOCATION_APPLICATION","createdAt":"2024-04-15","result":null,"evaluationFinishedAt":null,"evaluation":[{"org":"Vestland fylkeskommune","responsible":true,"decisions":[],"statements":[]}]}},{"type":"Feature","geometry":{"type":"Point","coordinates":[8.3125,61.636389]},"properties":{"appNo":"SP-2024-001075","applicant":"TROLAND LAKSEOPPDRETT AS","orgNo":"956876354","type":"SPECIAL_INTENTION","kind":"Særlige formå","status":"SUBMITTED","submitted":"2024-04-17","url":"https://www.fiskeridir.no/akvakultur/akvakultursoknader/sp-2024-001075","apiStatus":"SUBMITTED","typeCode":"SPECIAL_INTENTION","createdAt":"2024-04-17","result":null,"evaluationFinishedAt":null,"evaluation":[{"org":"Fiskeridirektoratet","responsible":true,"decisions":[],"statements":[]}]}},{"type":"Feature","geometry":{"type":"Point","coordinates":[8.3125,61.636389]},"properties":{"appNo":"SP-2024-001125","applicant":"FIRDA SJØFARMER AS","orgNo":"936678432","type":"SPECIAL_INTENTION","kind":"Særlige formå","status":"SUBMITTED","submitted":"2024-05-03","url":"https://www.fiskeridir.no/akvakultur/akvakultursoknader/sp-2024-001125","apiStatus":"SUBMITTED","typeCode":"SPECIAL_INTENTION","createdAt":"2024-05-03","result":null,"evaluationFinishedAt":null,"evaluation":[{"org":"Fiskeridirektoratet","responsible":true,"decisions":[],"statements":[]}]}},{"type":"Feature","geometry":{"type":"Point","coordinates":[13.541217,68.060125]},"properties":{"appNo":"SP-2024-001160","applicant":"ISQUEEN AS","orgNo":"952217860","type":"CHANGE_SITE","kind":"Endring av lokalitet for laks, ørret og regnbueørret i sjø.","status":"SUBMITTED","submitted":"2024-06-27","loknr":20096,"navn":"SANDHOLMAN","kommune":"Vestvågøy","fylke":"Nordland","areaChanged":true,"biomass":1560,"plannedProd":1560,"feed":1716,"cycleMonths":15,"netDepth":2000,"netType":"Sylinderposer med bunnring.","netTreatment":"Brynsløkken Notorius 3","species":"Laks, Ørret, Regnbueørret","prodArea":"Vestfjorden og Vesterålen","url":"https://www.fiskeridir.no/akvakultur/akvakultursoknader/sp-2024-001160","apiStatus":"SUBMITTED","typeCode":"CHANGE_SITE","createdAt":"2024-05-10","result":null,"evaluationFinishedAt":null,"evaluation":[{"org":"Kystverket","responsible":false,"decisions":[{"result":"GRANTED","at":"2024-09-02"}],"statements":[]},{"org":"Mattilsynet","responsible":false,"decisions":[{"result":"DENIED","at":"2025-03-14"}],"statements":[]},{"org":"Vestvågøy kommune","responsible":false,"decisions":[],"statements":[{"at":"2024-08-26"}]},{"org":"Nordland fylkeskommune","responsible":true,"decisions":[],"statements":[]},{"org":"Fiskeridirektoratet","responsible":false,"decisions":[],"statements":[{"at":"2024-09-19"}]},{"org":"Statsforvalteren i Nordland","responsible":false,"decisions":[],"statements":[]}]}},{"type":"Feature","geometry":{"type":"Point","coordinates":[8.3125,61.636389]},"properties":{"appNo":"SP-2024-001201","applicant":"OSLAND GENETICS AS","orgNo":"898844412","type":"SPECIAL_INTENTION","kind":"Særlige formå","status":"SUBMITTED","submitted":"2024-05-16","url":"https://www.fiskeridir.no/akvakultur/akvakultursoknader/sp-2024-001201","apiStatus":"SUBMITTED","typeCode":"SPECIAL_INTENTION","createdAt":"2024-05-16","result":null,"evaluationFinishedAt":null,"evaluation":[{"org":"Fiskeridirektoratet","responsible":true,"decisions":[],"statements":[]}]}},{"type":"Feature","geometry":{"type":"Point","coordinates":[6.1167,61.152667]},"properties":{"appNo":"SP-2024-001245","applicant":"LANDØY FISKEOPPDRETT AS","orgNo":"821614422","type":"CO_LOCATION_APPLICATION","kind":"Søknad om samlokalisering","status":"SUBMITTED","submitted":"2024-05-31","loknr":32977,"navn":"MÅREN","kommune":"Høyanger","fylke":"Vestland","species":"Laks, Ørret, Regnbueørret","prodArea":"Nordhordland til Stadt","licences":"SF-A-0006,SF-A-0026","url":"https://www.fiskeridir.no/akvakultur/akvakultursoknader/sp-2024-001245","apiStatus":"SUBMITTED","typeCode":"CO_LOCATION_APPLICATION","createdAt":"2024-05-31","result":null,"evaluationFinishedAt":null,"evaluation":[{"org":"Vestland fylkeskommune","responsible":true,"decisions":[],"statements":[]}]}},{"type":"Feature","geometry":{"type":"Point","coordinates":[15.121867,67.656517]},"properties":{"appNo":"SP-2024-001280","applicant":"CERMAQ NORWAY SALMON AS","orgNo":"930152366","type":"CHANGE_SITE","kind":"Endring av lokalitet for laks, ørret og regnbueørret i sjø.","status":"SUBMITTED","submitted":"2024-05-31","loknr":13931,"navn":"HJARTØY Ø","kommune":"Steigen","fylke":"Nordland","biomass":7000,"plannedProd":9000,"feed":10500,"cycleMonths":18,"netDepth":3200,"netType":"Sylindrisk not med bunnring og spiss under bunnring. Notlin type Dynema eller\ntilsvarende med ekstra bruddstyrke.\n\nStorfisknøter 32 m dybde, smoltnøter 28 m dybde.","netTreatment":"Protect (ikke kobber)","species":"Laks, Ørret, Regnbueørret","prodArea":"Vestfjorden og Vesterålen","url":"https://www.fiskeridir.no/akvakultur/akvakultursoknader/sp-2024-001280","apiStatus":"SUBMITTED","typeCode":"CHANGE_SITE","createdAt":"2024-05-31","result":null,"evaluationFinishedAt":null,"evaluation":[{"org":"Statsforvalteren i Nordland","responsible":false,"decisions":[],"statements":[]},{"org":"Statsforvalteren i Rogaland","responsible":false,"decisions":[],"statements":[]},{"org":"Mattilsynet","responsible":false,"decisions":[{"result":"GRANTED","at":"2025-02-25"}],"statements":[]},{"org":"Kystverket","responsible":false,"decisions":[{"result":"NO_DECISION","at":"2024-08-05"}],"statements":[]},{"org":"Steigen kommune","responsible":false,"decisions":[],"statements":[{"at":"2024-09-19"}]},{"org":"Nordland fylkeskommune","responsible":true,"decisions":[],"statements":[]},{"org":"Fiskeridirektoratet","responsible":false,"decisions":[],"statements":[]}]}},{"type":"Feature","geometry":{"type":"Point","coordinates":[17.309661,68.728395]},"properties":{"appNo":"SP-2024-001281","applicant":"SEACALX AS","orgNo":"998710227","type":"NEW_SITE","kind":"Ny lokalitet for laks, ørret og regnbueørret i sjø.","status":"SUBMITTED","submitted":"2024-05-31","navn":"Ikke relevant da det søkes om forlengelse av FoU tillatelser","kommune":"Gratangen","fylke":"Troms","areaChanged":true,"biomass":2340,"plannedProd":2331,"feed":2564,"cycleMonths":15,"netDepth":0,"netType":"Ikke relevant da det søkes om forlengelse av FoU tillatelser.","netTreatment":"Ikke relevant","species":"Laks, Ørret, Regnbueørret","licences":"TF-I-0001,TF-I-0002,TF-I-0003","url":"https://www.fiskeridir.no/akvakultur/akvakultursoknader/sp-2024-001281","apiStatus":"SUBMITTED","typeCode":"NEW_SITE","createdAt":"2024-05-31","result":null,"evaluationFinishedAt":null,"evaluation":[{"org":"Troms fylkeskommune","responsible":true,"decisions":[],"statements":[]}]}},{"type":"Feature","geometry":{"type":"Point","coordinates":[8.3125,61.636389]},"properties":{"appNo":"SP-2024-001282","applicant":"NEKTON HAVBRUK AS","orgNo":"984027958","type":"SPECIAL_INTENTION","kind":"Særlige formå","status":"SUBMITTED","submitted":"2024-05-31","url":"https://www.fiskeridir.no/akvakultur/akvakultursoknader/sp-2024-001282","apiStatus":"SUBMITTED","typeCode":"SPECIAL_INTENTION","createdAt":"2024-05-31","result":null,"evaluationFinishedAt":null,"evaluation":[{"org":"Fiskeridirektoratet","responsible":true,"decisions":[],"statements":[]}]}},{"type":"Feature","geometry":{"type":"Point","coordinates":[5.98294,59.832433]},"properties":{"appNo":"SP-2024-001293","applicant":"MOWI SEAWATER NORWAY AS","orgNo":"921668236","type":"CHANGE_SITE","kind":"Endring av lokalitet for laks, ørret og regnbueørret i sjø.","status":"SUBMITTED","submitted":"2024-06-14","loknr":28096,"navn":"SLÅTTENES","kommune":"Kvinnherad","fylke":"Vestland","areaChanged":true,"biomass":3900,"plannedProd":2500,"feed":3000,"cycleMonths":5,"netDepth":2000,"netType":"Semilukket merd - pt. ikke avklart type og leverandør.","netTreatment":"Ikke avklart valg av semilukket teknologi","species":"Laks, Ørret, Regnbueørret","prodArea":"Karmøy til Sotra","url":"https://www.fiskeridir.no/akvakultur/akvakultursoknader/sp-2024-001293","apiStatus":"SUBMITTED","typeCode":"CHANGE_SITE","createdAt":"2024-06-14","result":null,"evaluationFinishedAt":null,"evaluation":[{"org":"Mattilsynet","responsible":false,"decisions":[{"result":"GRANTED","at":"2025-06-17"}],"statements":[]},{"org":"Kystverket","responsible":false,"decisions":[{"result":"NO_DECISION","at":"2024-11-13"}],"statements":[]},{"org":"Kvinnherad kommune","responsible":false,"decisions":[],"statements":[{"at":"2024-10-28"}]},{"org":"Vestland fylkeskommune","responsible":true,"decisions":[],"statements":[]},{"org":"Fiskeridirektoratet","responsible":false,"decisions":[],"statements":[{"at":"2024-11-27"}]},{"org":"Statsforvalteren i Vestland","responsible":false,"decisions":[],"statements":[]}]}},{"type":"Feature","geometry":{"type":"Point","coordinates":[8.3125,61.636389]},"properties":{"appNo":"SP-2024-001330","applicant":"CERMAQ NORWAY AS","orgNo":"961922976","type":"SPECIAL_INTENTION","kind":"Særlige formå","status":"SUBMITTED","submitted":"2024-06-17","url":"https://www.fiskeridir.no/akvakultur/akvakultursoknader/sp-2024-001330","apiStatus":"SUBMITTED","typeCode":"SPECIAL_INTENTION","createdAt":"2024-06-17","result":null,"evaluationFinishedAt":null,"evaluation":[{"org":"Fiskeridirektoratet","responsible":true,"decisions":[],"statements":[]}]}},{"type":"Feature","geometry":{"type":"Point","coordinates":[20.5,69.727778]},"properties":{"appNo":"SP-2024-001378","applicant":"LYNGEN SEAWEED AS","orgNo":"922997748","type":"NEW_SITE","kind":"Ny lokalitet for laks, ørret og regnbueørret i sjø.","status":"RETURNED","submitted":"2024-07-05","navn":"Gambukta","kommune":"Gáivuotna","fylke":"Troms","areaChanged":true,"biomass":1,"plannedProd":1,"feed":0,"cycleMonths":12,"netDepth":1500,"netType":"Ingen nøter i sjøen","netTreatment":"Ikke behandlet","species":"Laks, Ørret, Regnbueørret","url":"https://www.fiskeridir.no/akvakultur/akvakultursoknader/sp-2024-001378","apiStatus":"RETURNED","typeCode":"NEW_SITE","createdAt":"2024-07-05","result":null,"evaluationFinishedAt":null,"evaluation":[{"org":"Troms fylkeskommune","responsible":true,"decisions":[],"statements":[]}]}},{"type":"Feature","geometry":{"type":"Point","coordinates":[23.40019,70.286455]},"properties":{"appNo":"SP-2024-001419","applicant":"CERMAQ NORWAY SALMON AS","orgNo":"930152366","type":"CHANGE_SITE","kind":"Endring av lokalitet for laks, ørret og regnbueørret i sjø.","status":"SUBMITTED","submitted":"2024-09-25","loknr":10791,"navn":"NORDNES","kommune":"Alta","fylke":"Finnmark","areaChanged":true,"biomass":4425,"plannedProd":6638,"feed":7744,"cycleMonths":22,"netDepth":3700,"netType":"Sylinderposer, kombinerte nøter med smolt lin og storfisklin og/eller smoltnøter og storfisknøter. Bunnring på alle","netTreatment":"Netwax NI Gold","species":"Laks, Ørret, Regnbueørret","prodArea":"Vest-Finnmark","licences":"F-A-0011,F-A-0036,F-A-0039,F-A-0042,F-A-0054","url":"https://www.fiskeridir.no/akvakultur/akvakultursoknader/sp-2024-001419","apiStatus":"SUBMITTED","typeCode":"CHANGE_SITE","createdAt":"2024-07-30","result":null,"evaluationFinishedAt":null,"evaluation":[{"org":"Kystverket","responsible":false,"decisions":[],"statements":[]},{"org":"Mattilsynet","responsible":false,"decisions":[{"result":"DENIED","at":"2025-07-01"}],"statements":[]},{"org":"Alta kommune","responsible":false,"decisions":[],"statements":[{"at":"2024-12-20"}]},{"org":"Finnmark fylkeskommune","responsible":true,"decisions":[],"statements":[]},{"org":"Fiskeridirektoratet","responsible":false,"decisions":[],"statements":[]},{"org":"Statsforvalteren i Troms og Finnmark","responsible":false,"decisions":[],"statements":[]}]}},{"type":"Feature","geometry":{"type":"Point","coordinates":[13.180652,68.05833]},"properties":{"appNo":"SP-2024-001425","applicant":"ORGANIC SEAFARM AS","orgNo":"996198944","type":"OTHER_FISH_SPECIES","kind":"Ny tillatelse til andre fiskearter enn laks, ørret og regnbueørret.","status":"SUBMITTED","submitted":"2024-08-07","navn":"Veggen","kommune":"Flakstad","fylke":"Nordland","areaChanged":true,"biomass":3599,"plannedProd":3599,"feed":4318,"cycleMonths":22,"netDepth":2000,"netType":"Sirkulær V formet bunn","netTreatment":"Netwax E5 greenline","species":"torsk","url":"https://www.fiskeridir.no/akvakultur/akvakultursoknader/sp-2024-001425","apiStatus":"SUBMITTED","typeCode":"OTHER_FISH_SPECIES","createdAt":"2024-08-07","result":null,"evaluationFinishedAt":null,"evaluation":[{"org":"Flakstad kommune","responsible":false,"decisions":[],"statements":[]},{"org":"Nordland fylkeskommune","responsible":true,"decisions":[],"statements":[]}]}},{"type":"Feature","geometry":{"type":"Point","coordinates":[8.3125,61.636389]},"properties":{"appNo":"SP-2024-001435","applicant":"CERMAQ NORWAY AS","orgNo":"961922976","type":"SPECIAL_INTENTION","kind":"Særlige formå","status":"SUBMITTED","submitted":"2024-08-19","url":"https://www.fiskeridir.no/akvakultur/akvakultursoknader/sp-2024-001435","apiStatus":"SUBMITTED","typeCode":"SPECIAL_INTENTION","createdAt":"2024-08-19","result":null,"evaluationFinishedAt":null,"evaluation":[{"org":"Fiskeridirektoratet","responsible":true,"decisions":[],"statements":[]}]}},{"type":"Feature","geometry":{"type":"Point","coordinates":[6.655983,58.238692]},"properties":{"appNo":"SP-2024-001469","applicant":"NORSK OPPDRETTSSERVICE AS AVD FLEKKEFJORD","orgNo":"996504891","type":"CATCH_BASED_AQUACULTURE","kind":"Fangstbasert akvakultur","status":"SUBMITTED","submitted":"2024-08-20","navn":"Abelsnes","kommune":"Flekkefjord","fylke":"Agder","areaChanged":true,"url":"https://www.fiskeridir.no/akvakultur/akvakultursoknader/sp-2024-001469","apiStatus":"SUBMITTED","typeCode":"CATCH_BASED_AQUACULTURE","createdAt":"2024-08-20","result":null,"evaluationFinishedAt":null,"evaluation":[{"org":"Mattilsynet","responsible":false,"decisions":[{"result":"GRANTED","at":"2025-06-02"}],"statements":[]},{"org":"Flekkefjord kommune","responsible":false,"decisions":[],"statements":[]},{"org":"Agder fylkeskommune","responsible":true,"decisions":[],"statements":[]}]}},{"type":"Feature","geometry":{"type":"Point","coordinates":[8.3125,61.636389]},"properties":{"appNo":"SP-2024-001474","applicant":"VESO AS","orgNo":"963201230","type":"SPECIAL_INTENTION","kind":"Særlige formå","status":"SUBMITTED","submitted":"2024-08-30","url":"https://www.fiskeridir.no/akvakultur/akvakultursoknader/sp-2024-001474","apiStatus":"SUBMITTED","typeCode":"SPECIAL_INTENTION","createdAt":"2024-08-30","result":null,"evaluationFinishedAt":null,"evaluation":[{"org":"Fiskeridirektoratet","responsible":true,"decisions":[],"statements":[]}]}},{"type":"Feature","geometry":{"type":"Point","coordinates":[8.3125,61.636389]},"properties":{"appNo":"SP-2024-001475","applicant":"VESO AS","orgNo":"963201230","type":"SPECIAL_INTENTION","kind":"Særlige formå","status":"SUBMITTED","submitted":"2024-08-30","url":"https://www.fiskeridir.no/akvakultur/akvakultursoknader/sp-2024-001475","apiStatus":"SUBMITTED","typeCode":"SPECIAL_INTENTION","createdAt":"2024-08-30","result":null,"evaluationFinishedAt":null,"evaluation":[{"org":"Fiskeridirektoratet","responsible":true,"decisions":[],"statements":[]}]}},{"type":"Feature","geometry":{"type":"Point","coordinates":[8.3125,61.636389]},"properties":{"appNo":"SP-2024-001476","applicant":"VESO AS","orgNo":"963201230","type":"SPECIAL_INTENTION","kind":"Særlige formå","status":"SUBMITTED","submitted":"2024-08-30","url":"https://www.fiskeridir.no/akvakultur/akvakultursoknader/sp-2024-001476","apiStatus":"SUBMITTED","typeCode":"SPECIAL_INTENTION","createdAt":"2024-08-30","result":null,"evaluationFinishedAt":null,"evaluation":[{"org":"Fiskeridirektoratet","responsible":true,"decisions":[],"statements":[]}]}},{"type":"Feature","geometry":{"type":"Point","coordinates":[8.3125,61.636389]},"properties":{"appNo":"SP-2024-001544","applicant":"CERMAQ NORWAY SALMON AS","orgNo":"930152366","type":"SPECIAL_INTENTION","kind":"Særlige formå","status":"SUBMITTED","submitted":"2024-09-13","url":"https://www.fiskeridir.no/akvakultur/akvakultursoknader/sp-2024-001544","apiStatus":"SUBMITTED","typeCode":"SPECIAL_INTENTION","createdAt":"2024-09-13","result":null,"evaluationFinishedAt":null,"evaluation":[{"org":"Fiskeridirektoratet","responsible":true,"decisions":[],"statements":[{"at":"2024-10-04"}]}]}},{"type":"Feature","geometry":{"type":"Point","coordinates":[29.46686,70.088165]},"properties":{"appNo":"SP-2024-001549","applicant":"LERØY AURORA SJØ AS","orgNo":"930155179","type":"NEW_SITE","kind":"Ny lokalitet for laks, ørret og regnbueørret i sjø.","status":"SUBMITTED","submitted":"2025-03-10","navn":"Sandskjæret","kommune":"Vadsø","fylke":"Finnmark","areaChanged":true,"biomass":5400,"plannedProd":5400,"feed":5940,"cycleMonths":18,"netDepth":1500,"netType":"Rettvegget sylinderpose, Ø160 meter","netTreatment":"Aquanet B30/B45. Kobberfri og vannbasert impregnering.","species":"Laks, Ørret, Regnbueørret","licences":"F-SV-0004,F-SV-0005,F-SV-0006,F-SV-0008,F-SV-0009,F-SV-0010,F-SV-0011","url":"https://www.fiskeridir.no/akvakultur/akvakultursoknader/sp-2024-001549","apiStatus":"SUBMITTED","typeCode":"NEW_SITE","createdAt":"2024-09-20","result":null,"evaluationFinishedAt":null,"evaluation":[{"org":"Kystverket","responsible":false,"decisions":[],"statements":[]},{"org":"Mattilsynet","responsible":false,"decisions":[],"statements":[]},{"org":"Vadsø kommune","responsible":false,"decisions":[],"statements":[{"at":"2025-10-22"}]},{"org":"Finnmark fylkeskommune","responsible":true,"decisions":[{"result":"DENIED","at":"2025-10-06"}],"statements":[]},{"org":"Fiskeridirektoratet","responsible":false,"decisions":[],"statements":[]},{"org":"Statsforvalteren i Troms og Finnmark","responsible":false,"decisions":[],"statements":[]}]}},{"type":"Feature","geometry":{"type":"Point","coordinates":[13.023466,67.949177]},"properties":{"appNo":"SP-2024-001553","applicant":"NORDLY INNOVATION AS","orgNo":"931198432","type":"NEW_SITE","kind":"Ny lokalitet for laks, ørret og regnbueørret i sjø.","status":"SUBMITTED","submitted":"2024-09-24","navn":"Torshaugen","kommune":"Moskenes","fylke":"Nordland","areaChanged":true,"biomass":1660,"plannedProd":1660,"feed":2000,"cycleMonths":15,"netDepth":3000,"netType":"I ringanlegget vil det bli brukt tradisjonelle sylindernøter med en notdybde på 30 meter. Stålanlegget har mer fleksibilitet i nottyper, men det vil i første rekke bli brukt kvadratiske nøter med en maksimal notdybde på 20 meter.","netTreatment":"Det er planlagt bruk av kobberfri Econea B30","species":"Laks, Ørret, Regnbueørret","url":"https://www.fiskeridir.no/akvakultur/akvakultursoknader/sp-2024-001553","apiStatus":"SUBMITTED","typeCode":"NEW_SITE","createdAt":"2024-09-24","result":null,"evaluationFinishedAt":null,"evaluation":[{"org":"Nordland fylkeskommune","responsible":true,"decisions":[],"statements":[]}]}},{"type":"Feature","geometry":{"type":"Point","coordinates":[5.508443,59.08718]},"properties":{"appNo":"SP-2024-001554","applicant":"GRIEG SEAFOOD FINNMARK SJØ AS","orgNo":"930367435","type":"CHANGE_SITE","kind":"Endring av lokalitet for laks, ørret og regnbueørret i sjø.","status":"SUBMITTED","submitted":"2024-09-24","loknr":34817,"navn":"EIME","kommune":"Kvitsøy","fylke":"Rogaland","areaChanged":true,"plannedProd":2500,"feed":3250,"cycleMonths":12,"netDepth":3500,"netType":"Spissnot","netTreatment":"Coating/ingen behandling","species":"Laks, Ørret, Regnbueørret","prodArea":"Ryfylket","url":"https://www.fiskeridir.no/akvakultur/akvakultursoknader/sp-2024-001554","apiStatus":"SUBMITTED","typeCode":"CHANGE_SITE","createdAt":"2024-09-24","result":null,"evaluationFinishedAt":null,"evaluation":[{"org":"Rogaland fylkeskommune","responsible":true,"decisions":[],"statements":[]}]}},{"type":"Feature","geometry":{"type":"Point","coordinates":[10.240167,63.556333]},"properties":{"appNo":"SP-2024-001628","applicant":"C-FEED AS","orgNo":"913553306","type":"LAND_BASED_AQUACULTURE","kind":"Akvakultur på land","status":"RETURNED","submitted":"2024-10-01","navn":"Vanvikan","kommune":"Indre Fosen","fylke":"Trøndelag","url":"https://www.fiskeridir.no/akvakultur/akvakultursoknader/sp-2024-001628","apiStatus":"RETURNED","typeCode":"LAND_BASED_AQUACULTURE","createdAt":"2024-10-01","result":null,"evaluationFinishedAt":null,"evaluation":[{"org":"Trøndelag fylkeskommune","responsible":true,"decisions":[],"statements":[]}]}},{"type":"Feature","geometry":{"type":"Point","coordinates":[12.366229,65.311291]},"properties":{"appNo":"SP-2024-001632","applicant":"MOWI SEAWATER NORWAY AS","orgNo":"921668236","type":"CHANGE_SITE","kind":"Endring av lokalitet for laks, ørret og regnbueørret i sjø.","status":"SUBMITTED","submitted":"2024-11-06","loknr":27876,"navn":"OLDERBAKKEN","kommune":"Sømna","fylke":"Nordland","areaChanged":true,"plannedProd":4000,"feed":4300,"cycleMonths":18,"netDepth":3500,"netType":"Vanlig sylinderpose.","netTreatment":"Kobberfri coating","species":"Laks, Ørret, Regnbueørret","prodArea":"Nord-Trøndelag med Bindal","url":"https://www.fiskeridir.no/akvakultur/akvakultursoknader/sp-2024-001632","apiStatus":"SUBMITTED","typeCode":"CHANGE_SITE","createdAt":"2024-10-07","result":null,"evaluationFinishedAt":null,"evaluation":[{"org":"Kystverket","responsible":false,"decisions":[{"result":"GRANTED","at":"2025-01-24"}],"statements":[]},{"org":"Mattilsynet","responsible":false,"decisions":[{"result":"NO_DECISION","at":"2025-04-02"}],"statements":[]},{"org":"Sømna kommune","responsible":false,"decisions":[],"statements":[]},{"org":"Nordland fylkeskommune","responsible":true,"decisions":[],"statements":[]},{"org":"Fiskeridirektoratet","responsible":false,"decisions":[],"statements":[]},{"org":"Statsforvalteren i Nordland","responsible":false,"decisions":[],"statements":[]}]}},{"type":"Feature","geometry":{"type":"Point","coordinates":[5.4514,59.953633]},"properties":{"appNo":"SP-2024-001658","applicant":"SJØTROLL HAVBRUK SJØ AS","orgNo":"930181528","type":"CHANGE_SITE","kind":"Endring av lokalitet for laks, ørret og regnbueørret i sjø.","status":"SUBMITTED","submitted":"2024-11-06","loknr":18015,"navn":"HESTABYNESET","kommune":"Tysnes","fylke":"Vestland","biomass":5460,"plannedProd":6000,"feed":7000,"cycleMonths":20,"netDepth":4500,"netType":"Her skal brukes spissnot designet for dypdrift med mulighet for hev/senk. 160 meter i omkrets.","netTreatment":"Aquanet B20/B30, kobberfri og vannbasert impregnering","species":"Laks, Ørret, Regnbueørret","prodArea":"Karmøy til Sotra","url":"https://www.fiskeridir.no/akvakultur/akvakultursoknader/sp-2024-001658","apiStatus":"SUBMITTED","typeCode":"CHANGE_SITE","createdAt":"2024-11-06","result":null,"evaluationFinishedAt":null,"evaluation":[{"org":"Tysnes kommune","responsible":false,"decisions":[],"statements":[{"at":"2024-12-17"}]},{"org":"Mattilsynet","responsible":false,"decisions":[],"statements":[]},{"org":"Vestland fylkeskommune","responsible":true,"decisions":[{"result":"DENIED","at":"2025-09-26"}],"statements":[]},{"org":"Fiskeridirektoratet","responsible":false,"decisions":[],"statements":[{"at":"2025-01-09"}]},{"org":"Statsforvalteren i Vestland","responsible":false,"decisions":[],"statements":[]}]}},{"type":"Feature","geometry":{"type":"Point","coordinates":[8.3125,61.636389]},"properties":{"appNo":"SP-2024-001663","applicant":"VESO AS","orgNo":"963201230","type":"SPECIAL_INTENTION","kind":"Særlige formå","status":"SUBMITTED","submitted":"2024-11-12","url":"https://www.fiskeridir.no/akvakultur/akvakultursoknader/sp-2024-001663","apiStatus":"SUBMITTED","typeCode":"SPECIAL_INTENTION","createdAt":"2024-11-12","result":null,"evaluationFinishedAt":null,"evaluation":[{"org":"Fiskeridirektoratet","responsible":true,"decisions":[],"statements":[]}]}},{"type":"Feature","geometry":{"type":"Point","coordinates":[8.3125,61.636389]},"properties":{"appNo":"SP-2024-001664","applicant":"VESO AS","orgNo":"963201230","type":"SPECIAL_INTENTION","kind":"Særlige formå","status":"SUBMITTED","submitted":"2024-11-12","url":"https://www.fiskeridir.no/akvakultur/akvakultursoknader/sp-2024-001664","apiStatus":"SUBMITTED","typeCode":"SPECIAL_INTENTION","createdAt":"2024-11-12","result":null,"evaluationFinishedAt":null,"evaluation":[{"org":"Fiskeridirektoratet","responsible":true,"decisions":[{"result":"GRANTED","at":"2025-06-27"}],"statements":[]}]}},{"type":"Feature","geometry":{"type":"Point","coordinates":[8.3125,61.636389]},"properties":{"appNo":"SP-2024-001666","applicant":"VESO AS","orgNo":"963201230","type":"SPECIAL_INTENTION","kind":"Særlige formå","status":"SUBMITTED","submitted":"2024-11-12","url":"https://www.fiskeridir.no/akvakultur/akvakultursoknader/sp-2024-001666","apiStatus":"SUBMITTED","typeCode":"SPECIAL_INTENTION","createdAt":"2024-11-12","result":null,"evaluationFinishedAt":null,"evaluation":[{"org":"Fiskeridirektoratet","responsible":true,"decisions":[],"statements":[]}]}},{"type":"Feature","geometry":{"type":"Point","coordinates":[8.3125,61.636389]},"properties":{"appNo":"SP-2024-001667","applicant":"VESO AS","orgNo":"963201230","type":"SPECIAL_INTENTION","kind":"Særlige formå","status":"SUBMITTED","submitted":"2024-11-12","url":"https://www.fiskeridir.no/akvakultur/akvakultursoknader/sp-2024-001667","apiStatus":"SUBMITTED","typeCode":"SPECIAL_INTENTION","createdAt":"2024-11-12","result":null,"evaluationFinishedAt":null,"evaluation":[{"org":"Fiskeridirektoratet","responsible":true,"decisions":[],"statements":[]}]}},{"type":"Feature","geometry":{"type":"Point","coordinates":[8.3125,61.636389]},"properties":{"appNo":"SP-2024-001668","applicant":"VESO AS","orgNo":"963201230","type":"SPECIAL_INTENTION","kind":"Særlige formå","status":"SUBMITTED","submitted":"2024-11-12","url":"https://www.fiskeridir.no/akvakultur/akvakultursoknader/sp-2024-001668","apiStatus":"SUBMITTED","typeCode":"SPECIAL_INTENTION","createdAt":"2024-11-12","result":null,"evaluationFinishedAt":null,"evaluation":[{"org":"Fiskeridirektoratet","responsible":true,"decisions":[],"statements":[]}]}},{"type":"Feature","geometry":{"type":"Point","coordinates":[5.565984,60.435155]},"properties":{"appNo":"SP-2024-001671","applicant":"SJØTROLL HAVBRUK SJØ AS","orgNo":"930181528","type":"CHANGE_SITE","kind":"Endring av lokalitet for laks, ørret og regnbueørret i sjø.","status":"SUBMITTED","submitted":"2024-11-21","loknr":12156,"navn":"BLOM","kommune":"Osterøy","fylke":"Vestland","areaChanged":true,"biomass":3900,"plannedProd":4000,"feed":4500,"cycleMonths":18,"netDepth":4500,"netType":"Spissposer eller/og rettvegget notpose Ø160 meter.","netTreatment":"Aquanet B20/B30. Kobberfri impregnering","species":"Laks, Ørret, Regnbueørret","prodArea":"Nordhordland til Stadt","url":"https://www.fiskeridir.no/akvakultur/akvakultursoknader/sp-2024-001671","apiStatus":"SUBMITTED","typeCode":"CHANGE_SITE","createdAt":"2024-11-21","result":null,"evaluationFinishedAt":null,"evaluation":[{"org":"Kystverket","responsible":false,"decisions":[{"result":"GRANTED","at":"2025-07-11"}],"statements":[]},{"org":"Mattilsynet","responsible":false,"decisions":[{"result":"GRANTED","at":"2025-07-09"}],"statements":[]},{"org":"Osterøy kommune","responsible":false,"decisions":[],"statements":[{"at":"2025-09-19"}]},{"org":"Vestland fylkeskommune","responsible":true,"decisions":[{"result":"GRANTED","at":"2026-06-05"}],"statements":[]},{"org":"Fiskeridirektoratet","responsible":false,"decisions":[],"statements":[{"at":"2025-07-03"}]},{"org":"Statsforvalteren i Vestland","responsible":false,"decisions":[{"result":"GRANTED","at":"2026-06-05"}],"statements":[]}]}},{"type":"Feature","geometry":{"type":"Point","coordinates":[5.632151,60.457953]},"properties":{"appNo":"SP-2024-001672","applicant":"SJØTROLL HAVBRUK SJØ AS","orgNo":"930181528","type":"CHANGE_SITE","kind":"Endring av lokalitet for laks, ørret og regnbueørret i sjø.","status":"SUBMITTED","submitted":"2024-11-21","loknr":18898,"navn":"SKAFTÅ","kommune":"Osterøy","fylke":"Vestland","areaChanged":true,"biomass":4680,"plannedProd":5800,"feed":7000,"cycleMonths":18,"netDepth":4500,"netType":"Spisspose og eller rettvegga notpose Ø160 meter","netTreatment":"Aquanet B20/B30. Kobberfri","species":"Laks, Ørret, Regnbueørret","prodArea":"Nordhordland til Stadt","url":"https://www.fiskeridir.no/akvakultur/akvakultursoknader/sp-2024-001672","apiStatus":"SUBMITTED","typeCode":"CHANGE_SITE","createdAt":"2024-11-21","result":null,"evaluationFinishedAt":null,"evaluation":[{"org":"Kystverket","responsible":false,"decisions":[{"result":"NO_DECISION","at":"2025-07-11"}],"statements":[]},{"org":"Mattilsynet","responsible":false,"decisions":[{"result":"GRANTED","at":"2025-07-09"}],"statements":[]},{"org":"Osterøy kommune","responsible":false,"decisions":[],"statements":[{"at":"2025-05-19"}]},{"org":"Vestland fylkeskommune","responsible":true,"decisions":[],"statements":[]},{"org":"Fiskeridirektoratet","responsible":false,"decisions":[],"statements":[{"at":"2025-07-03"}]},{"org":"Statsforvalteren i Vestland","responsible":false,"decisions":[{"result":"DENIED","at":"2026-09-21"}],"statements":[]}]}},{"type":"Feature","geometry":{"type":"Point","coordinates":[11.25,64.066667]},"properties":{"appNo":"SP-2024-001673","applicant":"SALMAR SETTEFISK AS","orgNo":"937543948","type":"LAND_BASED_AQUACULTURE","kind":"Akvakultur på land","status":"SUBMITTED","submitted":"2025-11-28","navn":"45116 Tjuin","kommune":"Steinkjer","fylke":"Trøndelag","url":"https://www.fiskeridir.no/akvakultur/akvakultursoknader/sp-2024-001673","apiStatus":"SUBMITTED","typeCode":"LAND_BASED_AQUACULTURE","createdAt":"2024-11-22","result":null,"evaluationFinishedAt":null,"evaluation":[{"org":"Mattilsynet","responsible":false,"decisions":[],"statements":[]},{"org":"Statsforvalteren i Trøndelag","responsible":false,"decisions":[{"result":"GRANTED","at":"2026-06-17"}],"statements":[{"at":"2026-06-18"}]},{"org":"Fiskeridirektoratet","responsible":false,"decisions":[],"statements":[{"at":"2026-03-30"}]},{"org":"Steinkjer kommune","responsible":false,"decisions":[],"statements":[{"at":"2026-03-26"}]},{"org":"Trøndelag fylkeskommune","responsible":true,"decisions":[],"statements":[]}]}},{"type":"Feature","geometry":{"type":"Point","coordinates":[6.879582,58.020988]},"properties":{"appNo":"SP-2024-001677","applicant":"AEGIR HAVBRUK AS","orgNo":"982949025","type":"SEA_FARMING","kind":"Havbeite","status":"SUBMITTED","submitted":"2024-11-29","navn":"Ydstesteinen","kommune":"Farsund","fylke":"Agder","areaChanged":true,"url":"https://www.fiskeridir.no/akvakultur/akvakultursoknader/sp-2024-001677","apiStatus":"SUBMITTED","typeCode":"SEA_FARMING","createdAt":"2024-11-29","result":null,"evaluationFinishedAt":null,"evaluation":[{"org":"Kystverket","responsible":false,"decisions":[{"result":"NO_DECISION","at":"2025-01-23"}],"statements":[]},{"org":"Mattilsynet","responsible":false,"decisions":[{"result":"GRANTED","at":"2025-04-10"}],"statements":[]},{"org":"Farsund kommune","responsible":false,"decisions":[],"statements":[]},{"org":"Agder fylkeskommune","responsible":true,"decisions":[],"statements":[]},{"org":"Fiskeridirektoratet","responsible":false,"decisions":[],"statements":[{"at":"2025-07-07"}]},{"org":"Statsforvalteren i Agder","responsible":false,"decisions":[],"statements":[]}]}},{"type":"Feature","geometry":{"type":"Point","coordinates":[20.950107,70.043836]},"properties":{"appNo":"SP-2024-001687","applicant":"ARNØY LAKS AS","orgNo":"994613405","type":"CHANGE_SITE","kind":"Endring av lokalitet for laks, ørret og regnbueørret i sjø.","status":"SUBMITTED","submitted":"2025-03-09","loknr":33097,"navn":"SKJERVØY V","kommune":"Skjervøy","fylke":"Troms","areaChanged":true,"biomass":5400,"plannedProd":7300,"feed":8400,"cycleMonths":22,"netDepth":3500,"netType":"Det er sylindermerder på 160 meters omkrets.","netTreatment":"Planlegger å bruke Netwax NI Gold","species":"Laks, Ørret, Regnbueørret","prodArea":"Kvaløya til Loppa","url":"https://www.fiskeridir.no/akvakultur/akvakultursoknader/sp-2024-001687","apiStatus":"SUBMITTED","typeCode":"CHANGE_SITE","createdAt":"2024-12-11","result":null,"evaluationFinishedAt":null,"evaluation":[{"org":"Kystverket","responsible":false,"decisions":[{"result":"NO_DECISION","at":"2025-10-16"}],"statements":[]},{"org":"Mattilsynet","responsible":false,"decisions":[{"result":"DENIED","at":"2026-03-02"}],"statements":[]},{"org":"Skjervøy kommune","responsible":false,"decisions":[],"statements":[]},{"org":"Statsforvalteren i Troms og Finnmark","responsible":false,"decisions":[],"statements":[]},{"org":"Fiskeridirektoratet","responsible":false,"decisions":[],"statements":[]},{"org":"Troms fylkeskommune","responsible":true,"decisions":[],"statements":[]}]}},{"type":"Feature","geometry":{"type":"Point","coordinates":[5.188196,59.882549]},"properties":{"appNo":"SP-2024-001701","applicant":"TUBILAH AS","orgNo":"987560835","type":"OTHER_FISH_SPECIES","kind":"Ny tillatelse til andre fiskearter enn laks, ørret og regnbueørret.","status":"SUBMITTED","submitted":"2024-12-19","navn":"Natterøy","kommune":"Fitjar","fylke":"Vestland","areaChanged":true,"biomass":2340,"plannedProd":6800,"feed":8840,"cycleMonths":48,"netDepth":2000,"netType":"Det skal nyttast sylinderposar med flat botn og hyller","netTreatment":"B45 frå Egersund Net","species":"kveite","url":"https://www.fiskeridir.no/akvakultur/akvakultursoknader/sp-2024-001701","apiStatus":"SUBMITTED","typeCode":"OTHER_FISH_SPECIES","createdAt":"2024-12-19","result":null,"evaluationFinishedAt":null,"evaluation":[{"org":"Kystverket","responsible":false,"decisions":[{"result":"GRANTED","at":"2025-06-24"}],"statements":[]},{"org":"Mattilsynet","responsible":false,"decisions":[{"result":"DENIED","at":"2025-12-02"}],"statements":[]},{"org":"Fitjar kommune","responsible":false,"decisions":[],"statements":[{"at":"2025-05-07"}]},{"org":"Vestland fylkeskommune","responsible":true,"decisions":[],"statements":[]},{"org":"Fiskeridirektoratet","responsible":false,"decisions":[],"statements":[{"at":"2025-05-27"}]},{"org":"Statsforvalteren i Vestland","responsible":false,"decisions":[],"statements":[]}]}},{"type":"Feature","geometry":{"type":"Point","coordinates":[8.3125,61.636389]},"properties":{"appNo":"SP-2025-001710","applicant":"UNIVERSITETET I TROMSØ - NORGES ARKTISKE UNIVERSITET","orgNo":"970422528","type":"SPECIAL_INTENTION","kind":"Særlige formå","status":"SUBMITTED","submitted":"2025-01-02","url":"https://www.fiskeridir.no/akvakultur/akvakultursoknader/sp-2025-001710","apiStatus":"SUBMITTED","typeCode":"SPECIAL_INTENTION","createdAt":"2025-01-02","result":null,"evaluationFinishedAt":null,"evaluation":[{"org":"Fiskeridirektoratet","responsible":true,"decisions":[],"statements":[]}]}},{"type":"Feature","geometry":{"type":"Point","coordinates":[15.397914,67.241876]},"properties":{"appNo":"SP-2025-001711","applicant":"WENBERG FISKEOPPDRETT AS","orgNo":"937504446","type":"CHANGE_SITE","kind":"Endring av lokalitet for laks, ørret og regnbueørret i sjø.","status":"SUBMITTED","submitted":"2025-03-07","loknr":11273,"navn":"SKYSSELVIKA V","kommune":"Fauske","fylke":"Nordland","areaChanged":true,"plannedProd":1752,"feed":2291,"cycleMonths":14,"netDepth":3200,"netType":"uendret","netTreatment":"uendret","species":"Laks, Ørret, Regnbueørret","prodArea":"Helgeland til Bodø","licences":"N-SL-0005","url":"https://www.fiskeridir.no/akvakultur/akvakultursoknader/sp-2025-001711","apiStatus":"SUBMITTED","typeCode":"CHANGE_SITE","createdAt":"2025-01-03","result":null,"evaluationFinishedAt":null,"evaluation":[{"org":"Kystverket","responsible":false,"decisions":[{"result":"GRANTED","at":"2026-02-23"}],"statements":[]},{"org":"Mattilsynet","responsible":false,"decisions":[{"result":"NO_DECISION","at":"2025-06-03"}],"statements":[]},{"org":"Nordland fylkeskommune","responsible":true,"decisions":[],"statements":[]},{"org":"Fiskeridirektoratet","responsible":false,"decisions":[],"statements":[{"at":"2026-02-19"}]},{"org":"Statsforvalteren i Nordland","responsible":false,"decisions":[],"statements":[]}]}},{"type":"Feature","geometry":{"type":"Point","coordinates":[6.891333,62.37935]},"properties":{"appNo":"SP-2025-001714","applicant":"HOFSETH SEA FARMING AS","orgNo":"930773840","type":"CHANGE_SITE","kind":"Endring av lokalitet for laks, ørret og regnbueørret i sjø.","status":"SUBMITTED","submitted":"2026-01-18","loknr":37797,"navn":"SKJORTNESET II","kommune":"Fjord","fylke":"Møre og Romsdal","areaChanged":true,"plannedProd":5000,"feed":6250,"cycleMonths":14,"netDepth":3000,"netType":"Sirkulære koniske nøter - 35000m3.","netTreatment":"Impregnering uten biocid eller kobber","species":"Laks, Ørret, Regnbueørret","prodArea":"Stadt til Hustadvika","url":"https://www.fiskeridir.no/akvakultur/akvakultursoknader/sp-2025-001714","apiStatus":"SUBMITTED","typeCode":"CHANGE_SITE","createdAt":"2025-01-13","result":null,"evaluationFinishedAt":null,"evaluation":[{"org":"Kystverket","responsible":false,"decisions":[{"result":"GRANTED","at":"2026-03-26"}],"statements":[]},{"org":"Statsforvalteren i Møre og Romsdal","responsible":false,"decisions":[],"statements":[{"at":"2026-04-10"}]},{"org":"Fjord kommune","responsible":false,"decisions":[],"statements":[{"at":"2026-02-13"}]},{"org":"Fiskeridirektoratet","responsible":false,"decisions":[],"statements":[{"at":"2026-03-31"}]},{"org":"Møre og Romsdal fylkeskommune","responsible":true,"decisions":[],"statements":[]}]}},{"type":"Feature","geometry":{"type":"Point","coordinates":[17.024705,68.74182]},"properties":{"appNo":"SP-2025-001718","applicant":"KIME AKVA AS","orgNo":"925155748","type":"OTHER_FISH_SPECIES","kind":"Ny tillatelse til andre fiskearter enn laks, ørret og regnbueørret.","status":"SUBMITTED","submitted":"2025-10-10","loknr":45098,"navn":"FORSÅ","kommune":"Ibestad","fylke":"Troms","areaChanged":true,"biomass":5460,"plannedProd":6000,"feed":6600,"cycleMonths":22,"species":"torsk","url":"https://www.fiskeridir.no/akvakultur/akvakultursoknader/sp-2025-001718","apiStatus":"SUBMITTED","typeCode":"OTHER_FISH_SPECIES","createdAt":"2025-01-16","result":null,"evaluationFinishedAt":null,"evaluation":[{"org":"Kystverket","responsible":false,"decisions":[],"statements":[]},{"org":"Mattilsynet","responsible":false,"decisions":[],"statements":[]},{"org":"Statsforvalteren i Troms og Finnmark","responsible":false,"decisions":[{"result":"FOLLOWS_REGULATIONS","at":"2026-04-28"}],"statements":[]},{"org":"Fiskeridirektoratet","responsible":false,"decisions":[],"statements":[]},{"org":"Troms fylkeskommune","responsible":true,"decisions":[],"statements":[]}]}},{"type":"Feature","geometry":{"type":"Point","coordinates":[8.565571,63.206854]},"properties":{"appNo":"SP-2025-001787","applicant":"NORDIC HALIBUT AS","orgNo":"974526441","type":"OTHER_FISH_SPECIES","kind":"Ny tillatelse til andre fiskearter enn laks, ørret og regnbueørret.","status":"SUBMITTED","submitted":"2025-02-04","navn":"Storvika","kommune":"Aure","fylke":"Møre og Romsdal","areaChanged":true,"biomass":2340,"plannedProd":2400,"feed":3000,"cycleMonths":60,"netDepth":2000,"netType":"Vanlig not med flat bunn tilpasset kveiteoppdrett.","netTreatment":"Benytter kobberfri impregnering Aqua Net Protect fra Steen Hansen.","species":"kveite","url":"https://www.fiskeridir.no/akvakultur/akvakultursoknader/sp-2025-001787","apiStatus":"SUBMITTED","typeCode":"OTHER_FISH_SPECIES","createdAt":"2025-02-04","result":null,"evaluationFinishedAt":null,"evaluation":[{"org":"Kystverket","responsible":false,"decisions":[{"result":"GRANTED","at":"2025-05-07"}],"statements":[]},{"org":"Mattilsynet","responsible":false,"decisions":[{"result":"GRANTED","at":"2025-10-27"}],"statements":[]},{"org":"Møre og Romsdal fylkeskommune","responsible":true,"decisions":[{"result":"DENIED","at":"2026-03-17"}],"statements":[]},{"org":"Fiskeridirektoratet","responsible":false,"decisions":[],"statements":[{"at":"2025-06-16"}]},{"org":"Statsforvalteren i Møre og Romsdal","responsible":false,"decisions":[{"result":"DENIED","at":"2026-02-25"}],"statements":[]}]}},{"type":"Feature","geometry":{"type":"Point","coordinates":[6.03192,59.162868]},"properties":{"appNo":"SP-2025-001824","applicant":"STERLING WHITE HALIBUT AS","orgNo":"983356494","type":"OTHER_FISH_SPECIES","kind":"Ny tillatelse til andre fiskearter enn laks, ørret og regnbueørret.","status":"SUBMITTED","submitted":"2025-02-11","navn":"Sigmundstadneset","kommune":"Hjelmeland","fylke":"Rogaland","areaChanged":true,"biomass":3900,"plannedProd":4150,"feed":5400,"cycleMonths":33,"netDepth":4000,"netType":"Det skal benyttes sylinderposer \nmed hyller (Ø160 meter). Kveite er en bunnfisk og benytter hyllene til å \"hvile\" på. Not: AquaNet B30, Steen-Hansen AS.","netTreatment":"Econea®","species":"kveite","url":"https://www.fiskeridir.no/akvakultur/akvakultursoknader/sp-2025-001824","apiStatus":"SUBMITTED","typeCode":"OTHER_FISH_SPECIES","createdAt":"2025-02-11","result":null,"evaluationFinishedAt":null,"evaluation":[{"org":"Kystverket","responsible":false,"decisions":[{"result":"GRANTED","at":"2025-07-10"}],"statements":[]},{"org":"Mattilsynet","responsible":false,"decisions":[{"result":"GRANTED","at":"2025-12-08"}],"statements":[]},{"org":"Hjelmeland kommune","responsible":false,"decisions":[],"statements":[]},{"org":"Rogaland fylkeskommune","responsible":true,"decisions":[],"statements":[]},{"org":"Fiskeridirektoratet","responsible":false,"decisions":[],"statements":[{"at":"2025-07-07"}]},{"org":"Statsforvalteren i Rogaland","responsible":false,"decisions":[{"result":"FOLLOWS_REGULATIONS","at":"2025-08-11"}],"statements":[{"at":"2025-04-30"}]}]}},{"type":"Feature","geometry":{"type":"Point","coordinates":[8.425367,60.56985]},"properties":{"appNo":"SP-2025-001825","applicant":"UPSTREAM AQUA AS","orgNo":"931339931","type":"LAND_BASED_AQUACULTURE","kind":"Akvakultur på land","status":"SUBMITTED","submitted":"2025-12-18","navn":"Kleivi","kommune":"Ål","fylke":"Buskerud","url":"https://www.fiskeridir.no/akvakultur/akvakultursoknader/sp-2025-001825","apiStatus":"SUBMITTED","typeCode":"LAND_BASED_AQUACULTURE","createdAt":"2025-02-12","result":null,"evaluationFinishedAt":null,"evaluation":[{"org":"Kystverket","responsible":false,"decisions":[{"result":"NO_DECISION","at":"2026-02-09"}],"statements":[]},{"org":"Mattilsynet","responsible":false,"decisions":[],"statements":[]},{"org":"Statsforvalteren i Østfold, Buskerud, Oslo og Akershus","responsible":false,"decisions":[],"statements":[]},{"org":"Fiskeridirektoratet","responsible":false,"decisions":[],"statements":[{"at":"2026-02-10"}]},{"org":"Buskerud fylkeskommune","responsible":true,"decisions":[],"statements":[]}]}},{"type":"Feature","geometry":{"type":"Point","coordinates":[6.096262,59.214783]},"properties":{"appNo":"SP-2025-001826","applicant":"STERLING WHITE HALIBUT AS","orgNo":"983356494","type":"OTHER_FISH_SPECIES","kind":"Ny tillatelse til andre fiskearter enn laks, ørret og regnbueørret.","status":"SUBMITTED","submitted":"2025-02-12","loknr":10126,"navn":"VASSVIK","kommune":"Hjelmeland","fylke":"Rogaland","areaChanged":true,"biomass":2340,"plannedProd":2400,"feed":3000,"cycleMonths":33,"netDepth":4000,"netType":"Stålanlegg med firkantede nøter (24x24 m)","netTreatment":"Econea (AquaNet B30 fra Steen-Hansen AS)","species":"kveite","url":"https://www.fiskeridir.no/akvakultur/akvakultursoknader/sp-2025-001826","apiStatus":"SUBMITTED","typeCode":"OTHER_FISH_SPECIES","createdAt":"2025-02-12","result":null,"evaluationFinishedAt":null,"evaluation":[{"org":"Rogaland fylkeskommune","responsible":true,"decisions":[],"statements":[]}]}},{"type":"Feature","geometry":{"type":"Point","coordinates":[13.774333,68.123917]},"properties":{"appNo":"SP-2025-001829","applicant":"LOFOTYNGEL AS","orgNo":"996929922","type":"LAND_BASED_AQUACULTURE","kind":"Akvakultur på land","status":"SUBMITTED","submitted":"2025-10-06","navn":"10492 Meøypollen","kommune":"Vestvågøy","fylke":"Nordland","url":"https://www.fiskeridir.no/akvakultur/akvakultursoknader/sp-2025-001829","apiStatus":"SUBMITTED","typeCode":"LAND_BASED_AQUACULTURE","createdAt":"2025-02-18","result":null,"evaluationFinishedAt":null,"evaluation":[{"org":"Kystverket","responsible":false,"decisions":[],"statements":[]},{"org":"Mattilsynet","responsible":false,"decisions":[],"statements":[]},{"org":"Statsforvalteren i Nordland","responsible":false,"decisions":[],"statements":[]},{"org":"Vestvågøy kommune","responsible":false,"decisions":[],"statements":[]},{"org":"Fiskeridirektoratet","responsible":false,"decisions":[],"statements":[{"at":"2026-02-09"}]},{"org":"Nordland fylkeskommune","responsible":true,"decisions":[],"statements":[]}]}},{"type":"Feature","geometry":{"type":"Point","coordinates":[5.923333,61.73695]},"properties":{"appNo":"SP-2025-001830","applicant":"HYEN FISK AS","orgNo":"919309520","type":"LAND_BASED_AQUACULTURE","kind":"Akvakultur på land","status":"SUBMITTED","submitted":"2025-02-19","navn":"Åreneset","kommune":"Gloppen","fylke":"Vestland","url":"https://www.fiskeridir.no/akvakultur/akvakultursoknader/sp-2025-001830","apiStatus":"SUBMITTED","typeCode":"LAND_BASED_AQUACULTURE","createdAt":"2025-02-19","result":null,"evaluationFinishedAt":null,"evaluation":[{"org":"Kystverket","responsible":false,"decisions":[{"result":"GRANTED","at":"2025-09-23"}],"statements":[]},{"org":"Mattilsynet","responsible":false,"decisions":[],"statements":[]},{"org":"Gloppen kommune","responsible":false,"decisions":[],"statements":[{"at":"2025-08-07"}]},{"org":"Statsforvalteren i Vestland","responsible":false,"decisions":[],"statements":[]},{"org":"Fiskeridirektoratet","responsible":false,"decisions":[],"statements":[]},{"org":"Vestland fylkeskommune","responsible":true,"decisions":[],"statements":[]}]}},{"type":"Feature","geometry":{"type":"Point","coordinates":[8.3125,61.636389]},"properties":{"appNo":"SP-2025-001835","applicant":"SVANØY HAVBRUK AS","orgNo":"988718181","type":"SPECIAL_INTENTION","kind":"Særlige formå","status":"SUBMITTED","submitted":"2025-02-27","url":"https://www.fiskeridir.no/akvakultur/akvakultursoknader/sp-2025-001835","apiStatus":"SUBMITTED","typeCode":"SPECIAL_INTENTION","createdAt":"2025-02-27","result":null,"evaluationFinishedAt":null,"evaluation":[{"org":"Fiskeridirektoratet","responsible":true,"decisions":[],"statements":[]}]}},{"type":"Feature","geometry":{"type":"Point","coordinates":[8.3125,61.636389]},"properties":{"appNo":"SP-2025-001837","applicant":"ENGESUND FISKEOPPDRETT AS","orgNo":"923070591","type":"SPECIAL_INTENTION","kind":"Særlige formå","status":"SUBMITTED","submitted":"2025-03-05","url":"https://www.fiskeridir.no/akvakultur/akvakultursoknader/sp-2025-001837","apiStatus":"SUBMITTED","typeCode":"SPECIAL_INTENTION","createdAt":"2025-03-05","result":null,"evaluationFinishedAt":null,"evaluation":[{"org":"Fiskeridirektoratet","responsible":true,"decisions":[],"statements":[]}]}},{"type":"Feature","geometry":{"type":"Point","coordinates":[5.286284,60.003052]},"properties":{"appNo":"SP-2025-001849","applicant":"ELSKA AUSTEVOLL AS","orgNo":"915278043","type":"OTHER_FISH_SPECIES","kind":"Ny tillatelse til andre fiskearter enn laks, ørret og regnbueørret.","status":"SUBMITTED","submitted":"2025-03-11","navn":"Apalvika-Vinnes","kommune":"Austevoll","fylke":"Vestland","areaChanged":true,"biomass":780,"plannedProd":780,"feed":0,"cycleMonths":24,"netDepth":2000,"netType":"Nedsenkede bur med en diameter på 7,5m og en dybde på 20m. Nettene er knuteløse, 35mm helmasket sort nylon med maskestyrke på 80kg. Merdene er laget av polykarbonat (PC), polyoksymetylen  (POM) og sjøvannsbestandig aluminium og er kraftige og fleksible","netTreatment":"Ingen notbehandling","species":"torsk","url":"https://www.fiskeridir.no/akvakultur/akvakultursoknader/sp-2025-001849","apiStatus":"SUBMITTED","typeCode":"OTHER_FISH_SPECIES","createdAt":"2025-03-11","result":null,"evaluationFinishedAt":null,"evaluation":[{"org":"Kystverket","responsible":false,"decisions":[{"result":"GRANTED","at":"2025-07-11"}],"statements":[]},{"org":"Mattilsynet","responsible":false,"decisions":[{"result":"DENIED","at":"2026-01-20"}],"statements":[]},{"org":"Austevoll kommune","responsible":false,"decisions":[],"statements":[{"at":"2025-09-18"}]},{"org":"Vestland fylkeskommune","responsible":true,"decisions":[],"statements":[]},{"org":"Fiskeridirektoratet","responsible":false,"decisions":[],"statements":[{"at":"2025-06-19"}]},{"org":"Statsforvalteren i Vestland","responsible":false,"decisions":[],"statements":[]}]}},{"type":"Feature","geometry":{"type":"Point","coordinates":[8.3125,61.636389]},"properties":{"appNo":"SP-2025-001855","applicant":"OSLAND GENETICS AS","orgNo":"898844412","type":"SPECIAL_INTENTION","kind":"Særlige formå","status":"SUBMITTED","submitted":"2025-03-18","url":"https://www.fiskeridir.no/akvakultur/akvakultursoknader/sp-2025-001855","apiStatus":"SUBMITTED","typeCode":"SPECIAL_INTENTION","createdAt":"2025-03-18","result":null,"evaluationFinishedAt":null,"evaluation":[{"org":"Fiskeridirektoratet","responsible":true,"decisions":[],"statements":[]}]}},{"type":"Feature","geometry":{"type":"Point","coordinates":[10.115683,64.093]},"properties":{"appNo":"SP-2025-001862","applicant":"SALMAR FARMING AS","orgNo":"966840528","type":"CO_LOCATION_APPLICATION","kind":"Søknad om samlokalisering","status":"SUBMITTED","submitted":"2025-03-31","loknr":10398,"navn":"SEISKJÆRA","kommune":"Åfjord","fylke":"Trøndelag","species":"Laks, Ørret, Regnbueørret","prodArea":"Nordmøre og Sør-Trøndelag","licences":"NT-F-0034,NT-F-0035","url":"https://www.fiskeridir.no/akvakultur/akvakultursoknader/sp-2025-001862","apiStatus":"SUBMITTED","typeCode":"CO_LOCATION_APPLICATION","createdAt":"2025-03-31","result":null,"evaluationFinishedAt":null,"evaluation":[{"org":"Mattilsynet","responsible":false,"decisions":[],"statements":[]},{"org":"Trøndelag fylkeskommune","responsible":true,"decisions":[],"statements":[]},{"org":"Statsforvalteren i Trøndelag","responsible":false,"decisions":[],"statements":[]},{"org":"Fiskeridirektoratet","responsible":false,"decisions":[{"result":"DENIED","at":"2026-03-13"}],"statements":[]}]}},{"type":"Feature","geometry":{"type":"Point","coordinates":[6.655441,58.238566]},"properties":{"appNo":"SP-2025-001864","applicant":"NORSK OPPDRETTSSERVICE AS","orgNo":"996463052","type":"LAND_BASED_AQUACULTURE","kind":"Akvakultur på land","status":"SUBMITTED","submitted":"2025-04-28","navn":"Abelsnes","kommune":"Alver","fylke":"Vestland","url":"https://www.fiskeridir.no/akvakultur/akvakultursoknader/sp-2025-001864","apiStatus":"SUBMITTED","typeCode":"LAND_BASED_AQUACULTURE","createdAt":"2025-04-01","result":null,"evaluationFinishedAt":null,"evaluation":[{"org":"Agder fylkeskommune","responsible":true,"decisions":[],"statements":[]},{"org":"Mattilsynet","responsible":false,"decisions":[{"result":"GRANTED","at":"2025-06-02"}],"statements":[]},{"org":"Flekkefjord kommune","responsible":false,"decisions":[],"statements":[]}]}},{"type":"Feature","geometry":{"type":"Point","coordinates":[10.301422,64.320766]},"properties":{"appNo":"SP-2025-001865","applicant":"ODE AS","orgNo":"925795488","type":"OTHER_FISH_SPECIES","kind":"Ny tillatelse til andre fiskearter enn laks, ørret og regnbueørret.","status":"SUBMITTED","submitted":"2025-09-17","navn":"Buarøya","kommune":"Osen","fylke":"Trøndelag","areaChanged":true,"biomass":3599,"plannedProd":5400,"feed":6000,"cycleMonths":18,"netDepth":3700,"netType":"Sylinderpose","netTreatment":"Sink/Coating","species":"torsk","url":"https://www.fiskeridir.no/akvakultur/akvakultursoknader/sp-2025-001865","apiStatus":"SUBMITTED","typeCode":"OTHER_FISH_SPECIES","createdAt":"2025-04-01","result":null,"evaluationFinishedAt":null,"evaluation":[{"org":"Trøndelag fylkeskommune","responsible":true,"decisions":[],"statements":[]},{"org":"Kystverket","responsible":false,"decisions":[{"result":"GRANTED","at":"2026-01-21"}],"statements":[]},{"org":"Mattilsynet","responsible":false,"decisions":[{"result":"GRANTED","at":"2026-06-04"}],"statements":[]},{"org":"Osen kommune","responsible":false,"decisions":[],"statements":[{"at":"2025-12-19"}]},{"org":"Statsforvalteren i Trøndelag","responsible":false,"decisions":[],"statements":[]},{"org":"Fiskeridirektoratet","responsible":false,"decisions":[],"statements":[]}]}},{"type":"Feature","geometry":{"type":"Point","coordinates":[5.478617,59.194967]},"properties":{"appNo":"SP-2025-001873","applicant":"GRIEG SEAFOOD NORWAY AS","orgNo":"930367435","type":"CHANGE_SITE","kind":"Endring av lokalitet for laks, ørret og regnbueørret i sjø.","status":"SUBMITTED","submitted":"2025-04-04","loknr":38957,"navn":"LÅDERSKJERA","kommune":"Bokn","fylke":"Rogaland","biomass":4750,"plannedProd":5800,"feed":7100,"cycleMonths":14,"netDepth":4000,"netType":"Rettvegget sylinderpose.","netTreatment":"Nøtene blir kun behandlet med coating, uten biocidiske virkestoffer.","species":"Laks, Ørret, Regnbueørret","prodArea":"Ryfylket","url":"https://www.fiskeridir.no/akvakultur/akvakultursoknader/sp-2025-001873","apiStatus":"SUBMITTED","typeCode":"CHANGE_SITE","createdAt":"2025-04-04","result":null,"evaluationFinishedAt":null,"evaluation":[{"org":"Kystverket","responsible":false,"decisions":[{"result":"NO_DECISION","at":"2025-11-27"}],"statements":[]},{"org":"Mattilsynet","responsible":false,"decisions":[{"result":"DENIED","at":"2026-05-28"}],"statements":[]},{"org":"Bokn kommune","responsible":false,"decisions":[],"statements":[]},{"org":"Statsforvalteren i Rogaland","responsible":false,"decisions":[],"statements":[{"at":"2025-08-15"}]},{"org":"Fiskeridirektoratet","responsible":false,"decisions":[],"statements":[]},{"org":"Rogaland fylkeskommune","responsible":true,"decisions":[],"statements":[]}]}},{"type":"Feature","geometry":{"type":"Point","coordinates":[14.891733,67.735]},"properties":{"appNo":"SP-2025-001881","applicant":"AQUAGEN AS","orgNo":"964367701","type":"LAND_BASED_AQUACULTURE","kind":"Akvakultur på land","status":"SUBMITTED","submitted":"2025-04-10","navn":"Bogen","kommune":"Steigen","fylke":"Nordland","url":"https://www.fiskeridir.no/akvakultur/akvakultursoknader/sp-2025-001881","apiStatus":"SUBMITTED","typeCode":"LAND_BASED_AQUACULTURE","createdAt":"2025-04-10","result":null,"evaluationFinishedAt":null,"evaluation":[{"org":"Kystverket","responsible":false,"decisions":[],"statements":[]},{"org":"Mattilsynet","responsible":false,"decisions":[],"statements":[]},{"org":"Steigen kommune","responsible":false,"decisions":[],"statements":[]},{"org":"Statsforvalteren i Nordland","responsible":false,"decisions":[],"statements":[]},{"org":"Fiskeridirektoratet","responsible":false,"decisions":[],"statements":[{"at":"2026-04-17"}]},{"org":"Nordland fylkeskommune","responsible":true,"decisions":[],"statements":[]}]}},{"type":"Feature","geometry":{"type":"Point","coordinates":[28.233485,70.998718]},"properties":{"appNo":"SP-2025-001890","applicant":"CERMAQ NORWAY SALMON AS","orgNo":"930152366","type":"NEW_SITE","kind":"Ny lokalitet for laks, ørret og regnbueørret i sjø.","status":"SUBMITTED","submitted":"2025-04-15","navn":"Koiøya","kommune":"Gamvik","fylke":"Finnmark","areaChanged":true,"biomass":5670,"plannedProd":6500,"feed":7800,"cycleMonths":22,"netDepth":4000,"netType":"Sylinderposer med dødfiskhåv plassert i bunn for opptak av dødfisk. \nDynema nøter, Smolt poser for utsett som vil byttes til Storfisk poser når fisken har passert anbefalt størrelse.","netTreatment":"Netwax NI Gold Produktet er godkjent etter EUs kjemikalieforordning (BPR) frem til 2033.","species":"Laks, Ørret, Regnbueørret","licences":"F-A-0034,F-A-0036,F-HV-0003,F-HV-0009,F-HV-0011,F-L-0001,F-L-0035,F-L-0036,F-M-0001,F-M-0021,F-M-0022,F-M-0023,F-M-0045,F-M-0046,F-M-0047,F-M-0048,TF-A-0006,TF-A-0007,TF-A-0008,TF-A-0009,TF-A-0010","url":"https://www.fiskeridir.no/akvakultur/akvakultursoknader/sp-2025-001890","apiStatus":"SUBMITTED","typeCode":"NEW_SITE","createdAt":"2025-04-15","result":null,"evaluationFinishedAt":null,"evaluation":[{"org":"Finnmark fylkeskommune","responsible":true,"decisions":[],"statements":[]}]}},{"type":"Feature","geometry":{"type":"Point","coordinates":[19.435026,69.882256]},"properties":{"appNo":"SP-2025-001893","applicant":"LERØY AURORA SJØ AS","orgNo":"930155179","type":"CHANGE_SITE","kind":"Endring av lokalitet for laks, ørret og regnbueørret i sjø.","status":"SUBMITTED","submitted":"2025-10-31","loknr":10753,"navn":"STRANDMO","kommune":"Karlsøy","fylke":"Troms","areaChanged":true,"biomass":5400,"plannedProd":5400,"feed":5940,"cycleMonths":18,"netDepth":1500,"netType":"Rettvegget sylinderpose, Ø160 meter","netTreatment":"Aquanet B30/B45. Kobberfri og vannbasert impregnering.","species":"Laks, Ørret, Regnbueørret","prodArea":"Kvaløya til Loppa","url":"https://www.fiskeridir.no/akvakultur/akvakultursoknader/sp-2025-001893","apiStatus":"SUBMITTED","typeCode":"CHANGE_SITE","createdAt":"2025-04-22","result":null,"evaluationFinishedAt":null,"evaluation":[{"org":"Kystverket","responsible":false,"decisions":[],"statements":[]},{"org":"Mattilsynet","responsible":false,"decisions":[],"statements":[]},{"org":"Karlsøy kommune","responsible":false,"decisions":[],"statements":[]},{"org":"Statsforvalteren i Troms og Finnmark","responsible":false,"decisions":[],"statements":[]},{"org":"Fiskeridirektoratet","responsible":false,"decisions":[],"statements":[{"at":"2026-03-13"}]},{"org":"Troms fylkeskommune","responsible":true,"decisions":[],"statements":[]}]}},{"type":"Feature","geometry":{"type":"Point","coordinates":[5.28832,59.998817]},"properties":{"appNo":"SP-2025-001897","applicant":"SJØTROLL HAVBRUK SJØ AS","orgNo":"930181528","type":"NEW_SITE","kind":"Ny lokalitet for laks, ørret og regnbueørret i sjø.","status":"SUBMITTED","submitted":"2025-04-24","navn":"Apalvik","kommune":"Austevoll","fylke":"Vestland","areaChanged":true,"biomass":3600,"plannedProd":4000,"feed":4800,"cycleMonths":20,"netDepth":4500,"netType":"Her skal nyttes spissnot designet for dypdrift med mulighet for hev/senk 160m i omkrins","netTreatment":"Aquanet B20/B30, koparfri og vassbasert impregnering","species":"Laks, Ørret, Regnbueørret","licences":"H-FJ-0001,H-FJ-0006,H-OR-0008,H-S-0002,H-S-0003,H-S-0004,H-S-0014","url":"https://www.fiskeridir.no/akvakultur/akvakultursoknader/sp-2025-001897","apiStatus":"SUBMITTED","typeCode":"NEW_SITE","createdAt":"2025-04-24","result":null,"evaluationFinishedAt":null,"evaluation":[{"org":"Kystverket","responsible":false,"decisions":[{"result":"GRANTED","at":"2025-07-11"}],"statements":[]},{"org":"Mattilsynet","responsible":false,"decisions":[],"statements":[]},{"org":"Austevoll kommune","responsible":false,"decisions":[],"statements":[{"at":"2025-07-03"}]},{"org":"Statsforvalteren i Vestland","responsible":false,"decisions":[],"statements":[]},{"org":"Fiskeridirektoratet","responsible":false,"decisions":[],"statements":[]},{"org":"Vestland fylkeskommune","responsible":true,"decisions":[],"statements":[]}]}},{"type":"Feature","geometry":{"type":"Point","coordinates":[12.265222,65.822654]},"properties":{"appNo":"SP-2025-001898","applicant":"HELGELAND LAKS AS","orgNo":"931064649","type":"NEW_SITE","kind":"Ny lokalitet for laks, ørret og regnbueørret i sjø.","status":"RETURNED","submitted":"2025-04-24","navn":"Buøya Øst","kommune":"Alstahaug","fylke":"Nordland","areaChanged":true,"biomass":750,"plannedProd":1200,"feed":1042,"cycleMonths":15,"netDepth":3000,"netType":"160 meter nøter.","netTreatment":"Se vedlegg Notspesifikasjoner","species":"Laks, Ørret, Regnbueørret","licences":"N-G-0066,N-G-0067","url":"https://www.fiskeridir.no/akvakultur/akvakultursoknader/sp-2025-001898","apiStatus":"RETURNED","typeCode":"NEW_SITE","createdAt":"2025-04-24","result":null,"evaluationFinishedAt":null,"evaluation":[{"org":"Nordland fylkeskommune","responsible":true,"decisions":[],"statements":[]}]}},{"type":"Feature","geometry":{"type":"Point","coordinates":[15.061474,68.888577]},"properties":{"appNo":"SP-2025-001899","applicant":"VESTERÅLEN HAVBRUK AS","orgNo":"998030919","type":"OTHER_FISH_SPECIES","kind":"Ny tillatelse til andre fiskearter enn laks, ørret og regnbueørret.","status":"SUBMITTED","submitted":"2025-04-25","navn":"Oppmyrbogen","kommune":"Øksnes","fylke":"Nordland","areaChanged":true,"biomass":3599,"plannedProd":5000,"feed":7181,"cycleMonths":26,"netDepth":3000,"netType":"Det vil bli benyttet standard sylindriske nøter, og dybden på disse vil kunne variere avhengig av livsstadium på fisken.","netTreatment":"Etter behov og regleverk","species":"torsk","url":"https://www.fiskeridir.no/akvakultur/akvakultursoknader/sp-2025-001899","apiStatus":"SUBMITTED","typeCode":"OTHER_FISH_SPECIES","createdAt":"2025-04-25","result":null,"evaluationFinishedAt":null,"evaluation":[{"org":"Nordland fylkeskommune","responsible":true,"decisions":[],"statements":[]}]}},{"type":"Feature","geometry":{"type":"Point","coordinates":[12.391562,66.171091]},"properties":{"appNo":"SP-2025-001900","applicant":"NORDIC SCALLOPS AS","orgNo":"934244796","type":"SEA_FARMING","kind":"Havbeite","status":"SUBMITTED","submitted":"2025-04-25","navn":"Havstein Nordøst","kommune":"Dønna","fylke":"Nordland","areaChanged":true,"url":"https://www.fiskeridir.no/akvakultur/akvakultursoknader/sp-2025-001900","apiStatus":"SUBMITTED","typeCode":"SEA_FARMING","createdAt":"2025-04-25","result":null,"evaluationFinishedAt":null,"evaluation":[{"org":"Nordland fylkeskommune","responsible":true,"decisions":[],"statements":[]}]}},{"type":"Feature","geometry":{"type":"Point","coordinates":[12.401373,66.12405]},"properties":{"appNo":"SP-2025-001901","applicant":"NORDIC SCALLOPS AS","orgNo":"934244796","type":"SEA_FARMING","kind":"Havbeite","status":"SUBMITTED","submitted":"2025-04-25","navn":"Ramnøya vest","kommune":"Dønna","fylke":"Nordland","areaChanged":true,"url":"https://www.fiskeridir.no/akvakultur/akvakultursoknader/sp-2025-001901","apiStatus":"SUBMITTED","typeCode":"SEA_FARMING","createdAt":"2025-04-25","result":null,"evaluationFinishedAt":null,"evaluation":[{"org":"Nordland fylkeskommune","responsible":true,"decisions":[],"statements":[]}]}},{"type":"Feature","geometry":{"type":"Point","coordinates":[18.127279,69.829939]},"properties":{"appNo":"SP-2025-001908","applicant":"ASTAFJORD OCEAN SALMON AS","orgNo":"919881941","type":"NEW_SITE","kind":"Ny lokalitet for laks, ørret og regnbueørret i sjø.","status":"RETURNED","submitted":"2026-01-23","navn":"Lokalitet Røssholmen","kommune":"Tromsø","fylke":"Troms","areaChanged":true,"biomass":6240,"plannedProd":6093,"feed":6700,"cycleMonths":16,"species":"Laks, Ørret, Regnbueørret","url":"https://www.fiskeridir.no/akvakultur/akvakultursoknader/sp-2025-001908","apiStatus":"RETURNED","typeCode":"NEW_SITE","createdAt":"2025-05-06","result":null,"evaluationFinishedAt":null,"evaluation":[{"org":"Troms fylkeskommune","responsible":true,"decisions":[],"statements":[]}]}},{"type":"Feature","geometry":{"type":"Point","coordinates":[15.2751,67.202933]},"properties":{"appNo":"SP-2025-001922","applicant":"WENBERG FISKEOPPDRETT AS","orgNo":"937504446","type":"CHANGE_SITE","kind":"Endring av lokalitet for laks, ørret og regnbueørret i sjø.","status":"SUBMITTED","submitted":"2025-05-15","loknr":32397,"navn":"STORVIKA I SKJERSTADFJORDEN","kommune":"Bodø","fylke":"Nordland","biomass":5999,"plannedProd":8400,"feed":9500,"cycleMonths":18,"netDepth":3200,"netType":"Sylindernot","netTreatment":"Det brukes ikke kobber/tralopyril på nøtene.","species":"Laks, Ørret, Regnbueørret","prodArea":"Helgeland til Bodø","url":"https://www.fiskeridir.no/akvakultur/akvakultursoknader/sp-2025-001922","apiStatus":"SUBMITTED","typeCode":"CHANGE_SITE","createdAt":"2025-05-15","result":null,"evaluationFinishedAt":null,"evaluation":[{"org":"Nordland fylkeskommune","responsible":true,"decisions":[],"statements":[]}]}},{"type":"Feature","geometry":{"type":"Point","coordinates":[23.7558,70.446708]},"properties":{"appNo":"SP-2025-001924","applicant":"KIME AKVA AS","orgNo":"925155748","type":"OTHER_FISH_SPECIES","kind":"Ny tillatelse til andre fiskearter enn laks, ørret og regnbueørret.","status":"SUBMITTED","submitted":"2025-06-12","navn":"Segelnes","kommune":"Hammerfest","fylke":"Finnmark","areaChanged":true,"biomass":3600,"plannedProd":4000,"feed":4400,"cycleMonths":22,"netDepth":2500,"netType":"ENtex - nøter skal benyttes. Sylinder. P.t er disse vurdert til å være de sterkeste og meste robuste på markedet. Alle sømmer er på noten utside (minimere napperisiko).","netTreatment":"Netwax E5 Greenline. Forebygger begroing av nøtene. Holder nøtene myke og elastiske. Vannbasert..","species":"torsk","url":"https://www.fiskeridir.no/akvakultur/akvakultursoknader/sp-2025-001924","apiStatus":"SUBMITTED","typeCode":"OTHER_FISH_SPECIES","createdAt":"2025-05-19","result":"DENIED","evaluationFinishedAt":"2026-09-21","evaluation":[{"org":"Kystverket","responsible":false,"decisions":[{"result":"GRANTED","at":"2026-01-07"}],"statements":[]},{"org":"Mattilsynet","responsible":false,"decisions":[{"result":"GRANTED","at":"2026-01-23"}],"statements":[]},{"org":"Hammerfest kommune","responsible":false,"decisions":[],"statements":[{"at":"2025-10-22"}]},{"org":"Statsforvalteren i Troms og Finnmark","responsible":false,"decisions":[],"statements":[]},{"org":"Finnmark fylkeskommune","responsible":true,"decisions":[{"result":"GRANTED","at":"2026-09-21"}],"statements":[]},{"org":"Fiskeridirektoratet","responsible":false,"decisions":[],"statements":[{"at":"2026-02-13"}]}]}},{"type":"Feature","geometry":{"type":"Point","coordinates":[12.287649,65.8519]},"properties":{"appNo":"SP-2025-001930","applicant":"MOWI SEAWATER NORWAY AS","orgNo":"921668236","type":"MINOR_AREA_CHANGES","kind":"Endring av flåte eller forankring","status":"SUBMITTED","submitted":"2025-05-26","loknr":10447,"navn":"MEFALDSKJÆRET","kommune":"Alstahaug","fylke":"Nordland","areaChanged":true,"prodArea":"Helgeland til Bodø","url":"https://www.fiskeridir.no/akvakultur/akvakultursoknader/sp-2025-001930","apiStatus":"SUBMITTED","typeCode":"MINOR_AREA_CHANGES","createdAt":"2025-05-26","result":null,"evaluationFinishedAt":null,"evaluation":[{"org":"Nordland fylkeskommune","responsible":true,"decisions":[],"statements":[]}]}},{"type":"Feature","geometry":{"type":"Point","coordinates":[8.3125,61.636389]},"properties":{"appNo":"SP-2025-001932","applicant":"CERMAQ NORWAY SALMON AS","orgNo":"930152366","type":"SPECIAL_INTENTION","kind":"Særlige formå","status":"SUBMITTED","submitted":"2025-05-30","url":"https://www.fiskeridir.no/akvakultur/akvakultursoknader/sp-2025-001932","apiStatus":"SUBMITTED","typeCode":"SPECIAL_INTENTION","createdAt":"2025-05-30","result":null,"evaluationFinishedAt":null,"evaluation":[{"org":"Fiskeridirektoratet","responsible":true,"decisions":[],"statements":[]}]}},{"type":"Feature","geometry":{"type":"Point","coordinates":[6.7142,62.7545]},"properties":{"appNo":"SP-2025-001967","applicant":"NORSK OPPDRETTSSERVICE AS","orgNo":"996463052","type":"LAND_BASED_AQUACULTURE","kind":"Akvakultur på land","status":"RETURNED","submitted":"2025-06-06","navn":"Ræstad","kommune":"Molde","fylke":"Møre og Romsdal","url":"https://www.fiskeridir.no/akvakultur/akvakultursoknader/sp-2025-001967","apiStatus":"RETURNED","typeCode":"LAND_BASED_AQUACULTURE","createdAt":"2025-06-06","result":null,"evaluationFinishedAt":null,"evaluation":[{"org":"Møre og Romsdal fylkeskommune","responsible":true,"decisions":[],"statements":[]}]}},{"type":"Feature","geometry":{"type":"Point","coordinates":[7.104108,62.646992]},"properties":{"appNo":"SP-2025-001968","applicant":"SALMAR OPPDRETT AS","orgNo":"928957489","type":"CHANGE_SITE","kind":"Endring av lokalitet for laks, ørret og regnbueørret i sjø.","status":"SUBMITTED","submitted":"2026-09-10","loknr":13669,"navn":"FURNESET","kommune":"Vestnes","fylke":"Møre og Romsdal","areaChanged":true,"plannedProd":5000,"feed":5500,"cycleMonths":18,"netDepth":2000,"netType":"Konvensjonell sylindernot i overflaten 15 eller 20 meter dyp i sidene, som i dag. Alternativt hev/senknøter (dypdrift)","netTreatment":"Coating uten kobber på nylonnøter. Nøter i HDPE materiale uten noen behandling.","species":"Laks, Ørret, Regnbueørret","prodArea":"Stadt til Hustadvika","url":"https://www.fiskeridir.no/akvakultur/akvakultursoknader/sp-2025-001968","apiStatus":"SUBMITTED","typeCode":"CHANGE_SITE","createdAt":"2025-06-06","result":null,"evaluationFinishedAt":null,"evaluation":[{"org":"Kystverket","responsible":false,"decisions":[],"statements":[]},{"org":"Mattilsynet","responsible":false,"decisions":[{"result":"NO_DECISION","at":"2025-09-29"}],"statements":[]},{"org":"Vestnes kommune","responsible":false,"decisions":[],"statements":[{"at":"2025-10-13"}]},{"org":"Statsforvalteren i Møre og Romsdal","responsible":false,"decisions":[],"statements":[]},{"org":"Fiskeridirektoratet","responsible":false,"decisions":[],"statements":[{"at":"2025-11-04"}]},{"org":"Møre og Romsdal fylkeskommune","responsible":true,"decisions":[],"statements":[]}]}},{"type":"Feature","geometry":{"type":"Point","coordinates":[12.332224,65.549255]},"properties":{"appNo":"SP-2025-001970","applicant":"CODFARM AS","orgNo":"919228288","type":"OTHER_FISH_SPECIES","kind":"Ny tillatelse til andre fiskearter enn laks, ørret og regnbueørret.","status":"RETURNED","submitted":"2025-06-13","navn":"Storhestvika","kommune":"Brønnøy","fylke":"Nordland","areaChanged":true,"biomass":2340,"plannedProd":2430,"feed":2808,"cycleMonths":12,"netDepth":2000,"netType":"Sylinderpose av typen Dynema.","netTreatment":"Anti-bite kobber impregnering","species":"torsk","url":"https://www.fiskeridir.no/akvakultur/akvakultursoknader/sp-2025-001970","apiStatus":"RETURNED","typeCode":"OTHER_FISH_SPECIES","createdAt":"2025-06-13","result":null,"evaluationFinishedAt":null,"evaluation":[{"org":"Nordland fylkeskommune","responsible":true,"decisions":[],"statements":[]}]}},{"type":"Feature","geometry":{"type":"Point","coordinates":[12.681298,65.452702]},"properties":{"appNo":"SP-2025-001973","applicant":"CODFARM AS","orgNo":"919228288","type":"OTHER_FISH_SPECIES","kind":"Ny tillatelse til andre fiskearter enn laks, ørret og regnbueørret.","status":"SUBMITTED","submitted":"2025-12-02","navn":"Ramnbergvika","kommune":"Brønnøy","fylke":"Nordland","areaChanged":true,"biomass":2340,"plannedProd":2340,"feed":2808,"cycleMonths":12,"netDepth":2000,"netType":"Tubenot eller sylinderpose av typen Dynema.","netTreatment":"Anti-bite kobberimpregnert not. Det vil bli testet kobberfri type på lokaliteten.","species":"torsk","url":"https://www.fiskeridir.no/akvakultur/akvakultursoknader/sp-2025-001973","apiStatus":"SUBMITTED","typeCode":"OTHER_FISH_SPECIES","createdAt":"2025-06-16","result":null,"evaluationFinishedAt":null,"evaluation":[{"org":"Kystverket","responsible":false,"decisions":[{"result":"GRANTED","at":"2026-06-15"}],"statements":[]},{"org":"Mattilsynet","responsible":false,"decisions":[],"statements":[]},{"org":"Brønnøy kommune","responsible":false,"decisions":[],"statements":[]},{"org":"Fiskeridirektoratet","responsible":false,"decisions":[],"statements":[]},{"org":"Statsforvalteren i Nordland","responsible":false,"decisions":[],"statements":[]},{"org":"Statsforvalteren i Rogaland","responsible":false,"decisions":[],"statements":[]},{"org":"Nordland fylkeskommune","responsible":true,"decisions":[],"statements":[]}]}},{"type":"Feature","geometry":{"type":"Point","coordinates":[12.093602,65.50248]},"properties":{"appNo":"SP-2025-001981","applicant":"MOWI SEAWATER NORWAY AS","orgNo":"921668236","type":"NEW_SITE","kind":"Ny lokalitet for laks, ørret og regnbueørret i sjø.","status":"SUBMITTED","submitted":"2025-06-18","navn":"Stortorgnes","kommune":"Brønnøy","fylke":"Nordland","areaChanged":true,"biomass":3120,"plannedProd":4500,"feed":5000,"cycleMonths":18,"netDepth":3500,"netType":"Tradisjonell sylinderpose","netTreatment":"Kobberfri impregnering","species":"Laks, Ørret, Regnbueørret","licences":"N-BR-0002,N-BR-0003,N-BR-0004,N-BR-0017","url":"https://www.fiskeridir.no/akvakultur/akvakultursoknader/sp-2025-001981","apiStatus":"SUBMITTED","typeCode":"NEW_SITE","createdAt":"2025-06-18","result":null,"evaluationFinishedAt":null,"evaluation":[{"org":"Nordland fylkeskommune","responsible":true,"decisions":[],"statements":[]}]}},{"type":"Feature","geometry":{"type":"Point","coordinates":[17.558517,69.036761]},"properties":{"appNo":"SP-2025-001982","applicant":"SKÅNOR AS","orgNo":"935028000","type":"NON_FISH_SPECIES","kind":"Ny tillatelse til andre arter enn fisk","status":"RETURNED","submitted":"2025-06-18","navn":"Skjæret Nord - Dyrøy kommune 5420 VA 07","kommune":"Dyrøy","fylke":"Troms","areaChanged":true,"species":"sukkertare","url":"https://www.fiskeridir.no/akvakultur/akvakultursoknader/sp-2025-001982","apiStatus":"RETURNED","typeCode":"NON_FISH_SPECIES","createdAt":"2025-06-18","result":null,"evaluationFinishedAt":null,"evaluation":[{"org":"Troms fylkeskommune","responsible":true,"decisions":[],"statements":[]}]}},{"type":"Feature","geometry":{"type":"Point","coordinates":[12.321467,65.117667]},"properties":{"appNo":"SP-2025-001983","applicant":"SINKABERG HAVBRUK AS","orgNo":"926968955","type":"CHANGE_SITE","kind":"Endring av lokalitet for laks, ørret og regnbueørret i sjø.","status":"SUBMITTED","submitted":"2025-06-19","loknr":10862,"navn":"BÅSEN","kommune":"Bindal","fylke":"Nordland","biomass":5500,"plannedProd":6400,"feed":7500,"cycleMonths":12,"netDepth":3000,"netType":"Sirkelformet notpose  som kan brukes uavhengig av vanndybde og som både kan stå i overflaten og som kan senkes.","netTreatment":"Aquanet Protec","species":"Laks, Ørret, Regnbueørret","prodArea":"Nord-Trøndelag med Bindal","url":"https://www.fiskeridir.no/akvakultur/akvakultursoknader/sp-2025-001983","apiStatus":"SUBMITTED","typeCode":"CHANGE_SITE","createdAt":"2025-06-19","result":null,"evaluationFinishedAt":null,"evaluation":[{"org":"Kystverket","responsible":false,"decisions":[],"statements":[]},{"org":"Mattilsynet","responsible":false,"decisions":[],"statements":[]},{"org":"Bindal kommune","responsible":false,"decisions":[],"statements":[]},{"org":"Fiskeridirektoratet","responsible":false,"decisions":[],"statements":[]},{"org":"Statsforvalteren i Nordland","responsible":false,"decisions":[],"statements":[]},{"org":"Statsforvalteren i Rogaland","responsible":false,"decisions":[],"statements":[]},{"org":"Nordland fylkeskommune","responsible":true,"decisions":[],"statements":[]}]}},{"type":"Feature","geometry":{"type":"Point","coordinates":[5.189847,59.734625]},"properties":{"appNo":"SP-2025-001984","applicant":"HARDINGSMOLT AS","orgNo":"989867202","type":"NEW_SITE","kind":"Ny lokalitet for laks, ørret og regnbueørret i sjø.","status":"SUBMITTED","submitted":"2025-06-20","navn":"Selvågneset","kommune":"Bømlo","fylke":"Vestland","areaChanged":true,"biomass":2340,"plannedProd":2150,"feed":1230,"cycleMonths":11,"netDepth":3000,"netType":"Det vil benyttes tett merdpose av typen Greenbag (se konseptskisse). Det vil legges en tradisjonell merdnot som sikkerhetsnot utenpå hver enkelt Greenbag. Notdybden henviser til sikkerhetsnotens dybde.\n\nGreenbag har eget produktsertifikat (klasse 3 pålitelighet).","netTreatment":"Steen-Hansen Biocide Free","species":"Laks, Ørret, Regnbueørret","licences":"H-B-0007","url":"https://www.fiskeridir.no/akvakultur/akvakultursoknader/sp-2025-001984","apiStatus":"SUBMITTED","typeCode":"NEW_SITE","createdAt":"2025-06-20","result":null,"evaluationFinishedAt":null,"evaluation":[{"org":"Kystverket","responsible":false,"decisions":[],"statements":[]},{"org":"Mattilsynet","responsible":false,"decisions":[{"result":"GRANTED","at":"2026-01-30"}],"statements":[]},{"org":"Bømlo kommune","responsible":false,"decisions":[],"statements":[{"at":"2025-11-11"}]},{"org":"Vestland fylkeskommune","responsible":true,"decisions":[],"statements":[]},{"org":"Statsforvalteren i Vestland","responsible":false,"decisions":[],"statements":[]},{"org":"Fiskeridirektoratet","responsible":false,"decisions":[],"statements":[{"at":"2025-12-11"}]}]}},{"type":"Feature","geometry":{"type":"Point","coordinates":[8.874278,63.112635]},"properties":{"appNo":"SP-2025-001988","applicant":"NOFIMA AS","orgNo":"989278835","type":"LAND_BASED_AQUACULTURE","kind":"Akvakultur på land","status":"SUBMITTED","submitted":"2025-06-24","navn":"Sjølseng","kommune":"Surnadal","fylke":"Møre og Romsdal","url":"https://www.fiskeridir.no/akvakultur/akvakultursoknader/sp-2025-001988","apiStatus":"SUBMITTED","typeCode":"LAND_BASED_AQUACULTURE","createdAt":"2025-06-24","result":null,"evaluationFinishedAt":null,"evaluation":[{"org":"Møre og Romsdal fylkeskommune","responsible":true,"decisions":[],"statements":[]}]}},{"type":"Feature","geometry":{"type":"Point","coordinates":[8.3125,61.636389]},"properties":{"appNo":"SP-2025-002022","applicant":"SALMAR FARMING AS","orgNo":"966840528","type":"SPECIAL_INTENTION","kind":"Særlige formå","status":"SUBMITTED","submitted":"2025-06-26","url":"https://www.fiskeridir.no/akvakultur/akvakultursoknader/sp-2025-002022","apiStatus":"SUBMITTED","typeCode":"SPECIAL_INTENTION","createdAt":"2025-06-26","result":null,"evaluationFinishedAt":null,"evaluation":[{"org":"Fiskeridirektoratet","responsible":true,"decisions":[],"statements":[]}]}},{"type":"Feature","geometry":{"type":"Point","coordinates":[13.101045,67.957584]},"properties":{"appNo":"SP-2025-002023","applicant":"MULTIGEN GADUS AS","orgNo":"935067081","type":"OTHER_FISH_SPECIES","kind":"Ny tillatelse til andre fiskearter enn laks, ørret og regnbueørret.","status":"SUBMITTED","submitted":"2026-02-27","navn":"Vorfjorden","kommune":"Moskenes","fylke":"Nordland","areaChanged":true,"biomass":8000,"plannedProd":14000,"feed":14000,"cycleMonths":12,"netDepth":1500,"netType":"Skal benytte lukket anlegg i stål","netTreatment":"ingen","species":"torsk","url":"https://www.fiskeridir.no/akvakultur/akvakultursoknader/sp-2025-002023","apiStatus":"SUBMITTED","typeCode":"OTHER_FISH_SPECIES","createdAt":"2025-06-27","result":null,"evaluationFinishedAt":null,"evaluation":[{"org":"Nordland fylkeskommune","responsible":true,"decisions":[],"statements":[]}]}},{"type":"Feature","geometry":{"type":"Point","coordinates":[8.3125,61.636389]},"properties":{"appNo":"SP-2025-002028","applicant":"LOFOTEN SJØPRODUKTER AS","orgNo":"943609551","type":"SPECIAL_INTENTION","kind":"Særlige formå","status":"SUBMITTED","submitted":"2025-07-04","url":"https://www.fiskeridir.no/akvakultur/akvakultursoknader/sp-2025-002028","apiStatus":"SUBMITTED","typeCode":"SPECIAL_INTENTION","createdAt":"2025-07-04","result":null,"evaluationFinishedAt":null,"evaluation":[{"org":"Fiskeridirektoratet","responsible":true,"decisions":[],"statements":[]}]}},{"type":"Feature","geometry":{"type":"Point","coordinates":[11.985851,67.498169]},"properties":{"appNo":"SP-2025-002036","applicant":"BACASSA SEAWEED AS","orgNo":"927116758","type":"NON_FISH_SPECIES","kind":"Ny tillatelse til andre arter enn fisk","status":"SUBMITTED","submitted":"2025-07-22","navn":"Småskjæran","kommune":"Røst","fylke":"Nordland","areaChanged":true,"species":"butare","url":"https://www.fiskeridir.no/akvakultur/akvakultursoknader/sp-2025-002036","apiStatus":"SUBMITTED","typeCode":"NON_FISH_SPECIES","createdAt":"2025-07-22","result":null,"evaluationFinishedAt":null,"evaluation":[{"org":"Nordland fylkeskommune","responsible":true,"decisions":[],"statements":[]}]}},{"type":"Feature","geometry":{"type":"Point","coordinates":[16.306516,68.215526]},"properties":{"appNo":"SP-2025-002039","applicant":"GRATANGLAKS AS","orgNo":"988365777","type":"NEW_SITE","kind":"Ny lokalitet for laks, ørret og regnbueørret i sjø.","status":"RETURNED","submitted":"2025-07-23","navn":"Skjellnes","kommune":"Narvik","fylke":"Nordland","areaChanged":true,"biomass":3120,"plannedProd":4056,"feed":4461,"cycleMonths":15,"netDepth":5500,"netType":"Spissnot, Bunnring\nMaks dybde på poser er 55m","netTreatment":"Econea B30","species":"Laks, Ørret, Regnbueørret","url":"https://www.fiskeridir.no/akvakultur/akvakultursoknader/sp-2025-002039","apiStatus":"RETURNED","typeCode":"NEW_SITE","createdAt":"2025-07-23","result":null,"evaluationFinishedAt":null,"evaluation":[{"org":"Nordland fylkeskommune","responsible":true,"decisions":[],"statements":[]}]}},{"type":"Feature","geometry":{"type":"Point","coordinates":[6.462083,62.72695]},"properties":{"appNo":"SP-2025-002042","applicant":"OCEAN GEM AS","orgNo":"928487423","type":"LAND_BASED_AQUACULTURE","kind":"Akvakultur på land","status":"SUBMITTED","submitted":"2025-12-01","navn":"Myklebust","kommune":"Ålesund","fylke":"Møre og Romsdal","species":"laks","url":"https://www.fiskeridir.no/akvakultur/akvakultursoknader/sp-2025-002042","apiStatus":"SUBMITTED","typeCode":"LAND_BASED_AQUACULTURE","createdAt":"2025-07-31","result":null,"evaluationFinishedAt":null,"evaluation":[{"org":"Møre og Romsdal fylkeskommune","responsible":true,"decisions":[],"statements":[]},{"org":"Kystverket","responsible":false,"decisions":[],"statements":[]},{"org":"Mattilsynet","responsible":false,"decisions":[],"statements":[]},{"org":"Ålesund kommune","responsible":false,"decisions":[],"statements":[]},{"org":"Statsforvalteren i Møre og Romsdal","responsible":false,"decisions":[],"statements":[]},{"org":"Fiskeridirektoratet","responsible":false,"decisions":[],"statements":[]}]}},{"type":"Feature","geometry":{"type":"Point","coordinates":[6.462083,62.72695]},"properties":{"appNo":"SP-2025-002043","applicant":"OCEAN GEM AS","orgNo":"928487423","type":"LAND_BASED_AQUACULTURE","kind":"Akvakultur på land","status":"SUBMITTED","submitted":"2025-12-01","navn":"Myklebust","kommune":"Ålesund","fylke":"Møre og Romsdal","species":"laks","url":"https://www.fiskeridir.no/akvakultur/akvakultursoknader/sp-2025-002043","apiStatus":"SUBMITTED","typeCode":"LAND_BASED_AQUACULTURE","createdAt":"2025-07-31","result":null,"evaluationFinishedAt":null,"evaluation":[{"org":"Møre og Romsdal fylkeskommune","responsible":true,"decisions":[],"statements":[]},{"org":"Kystverket","responsible":false,"decisions":[],"statements":[]},{"org":"Mattilsynet","responsible":false,"decisions":[],"statements":[]},{"org":"Ålesund kommune","responsible":false,"decisions":[],"statements":[{"at":"2026-06-23"}]},{"org":"Statsforvalteren i Møre og Romsdal","responsible":false,"decisions":[],"statements":[]},{"org":"Fiskeridirektoratet","responsible":false,"decisions":[],"statements":[]}]}},{"type":"Feature","geometry":{"type":"Point","coordinates":[12.563235,65.446286]},"properties":{"appNo":"SP-2025-002044","applicant":"MOWI SEAWATER NORWAY AS","orgNo":"921668236","type":"MINOR_AREA_CHANGES","kind":"Endring av flåte eller forankring","status":"SUBMITTED","submitted":"2025-08-05","loknr":10876,"navn":"ISTERVIKA","kommune":"Brønnøy","fylke":"Nordland","areaChanged":true,"prodArea":"Helgeland til Bodø","url":"https://www.fiskeridir.no/akvakultur/akvakultursoknader/sp-2025-002044","apiStatus":"SUBMITTED","typeCode":"MINOR_AREA_CHANGES","createdAt":"2025-08-05","result":null,"evaluationFinishedAt":null,"evaluation":[{"org":"Nordland fylkeskommune","responsible":true,"decisions":[],"statements":[]}]}},{"type":"Feature","geometry":{"type":"Point","coordinates":[10.303442,64.321634]},"properties":{"appNo":"SP-2025-002057","applicant":"MÅSØVAL LISENS AS","orgNo":"994300474","type":"NEW_SITE","kind":"Ny lokalitet for laks, ørret og regnbueørret i sjø.","status":"SUBMITTED","submitted":"2025-10-22","navn":"Levringen","kommune":"Osen","fylke":"Trøndelag","areaChanged":true,"biomass":4680,"plannedProd":5000,"feed":5500,"cycleMonths":18,"netDepth":7000,"netType":"Det skal være nedsenkbare nøter som brukes","netTreatment":"Miljøvennlig tilpasset coating","species":"Laks, Ørret, Regnbueørret","licences":"ST-F-0005,ST-F-0006,ST-F-0014,ST-F-0062,ST-HE-0006,ST-HE-0014,TR-F-0010,TR-F-0011","url":"https://www.fiskeridir.no/akvakultur/akvakultursoknader/sp-2025-002057","apiStatus":"SUBMITTED","typeCode":"NEW_SITE","createdAt":"2025-08-15","result":null,"evaluationFinishedAt":null,"evaluation":[{"org":"Trøndelag fylkeskommune","responsible":true,"decisions":[],"statements":[]},{"org":"Kystverket","responsible":false,"decisions":[{"result":"GRANTED","at":"2026-05-21"}],"statements":[]},{"org":"Mattilsynet","responsible":false,"decisions":[],"statements":[]},{"org":"Osen kommune","responsible":false,"decisions":[],"statements":[{"at":"2026-04-22"}]},{"org":"Statsforvalteren i Trøndelag","responsible":false,"decisions":[],"statements":[]},{"org":"Fiskeridirektoratet","responsible":false,"decisions":[],"statements":[{"at":"2026-05-07"}]}]}},{"type":"Feature","geometry":{"type":"Point","coordinates":[8.3125,61.636389]},"properties":{"appNo":"SP-2025-002058","applicant":"SVANØY HAVBRUK AS","orgNo":"988718181","type":"SPECIAL_INTENTION","kind":"Særlige formå","status":"SUBMITTED","submitted":"2025-08-15","url":"https://www.fiskeridir.no/akvakultur/akvakultursoknader/sp-2025-002058","apiStatus":"SUBMITTED","typeCode":"SPECIAL_INTENTION","createdAt":"2025-08-15","result":null,"evaluationFinishedAt":null,"evaluation":[{"org":"Fiskeridirektoratet","responsible":true,"decisions":[],"statements":[]}]}},{"type":"Feature","geometry":{"type":"Point","coordinates":[5.861538,59.145062]},"properties":{"appNo":"SP-2025-002063","applicant":"MOWI SEAWATER NORWAY AS","orgNo":"921668236","type":"CHANGE_SITE","kind":"Endring av lokalitet for laks, ørret og regnbueørret i sjø.","status":"SUBMITTED","submitted":"2025-08-22","loknr":10110,"navn":"DJUPEVIK","kommune":"Stavanger","fylke":"Rogaland","areaChanged":true,"plannedProd":6800,"feed":8100,"cycleMonths":12,"netDepth":4000,"netType":"HDPE nøter, Spiss - og spaghettinot","netTreatment":"Ingen","species":"Laks, Ørret, Regnbueørret","prodArea":"Ryfylket","url":"https://www.fiskeridir.no/akvakultur/akvakultursoknader/sp-2025-002063","apiStatus":"SUBMITTED","typeCode":"CHANGE_SITE","createdAt":"2025-08-22","result":null,"evaluationFinishedAt":null,"evaluation":[{"org":"Rogaland fylkeskommune","responsible":true,"decisions":[],"statements":[]},{"org":"Kystverket","responsible":false,"decisions":[{"result":"GRANTED","at":"2025-11-26"}],"statements":[]},{"org":"Stavanger kommune","responsible":false,"decisions":[],"statements":[{"at":"2025-11-24"}]},{"org":"Statsforvalteren i Rogaland","responsible":false,"decisions":[{"result":"DENIED","at":"2025-11-24"}],"statements":[]},{"org":"Fiskeridirektoratet","responsible":false,"decisions":[],"statements":[]}]}},{"type":"Feature","geometry":{"type":"Point","coordinates":[11.627167,64.61595]},"properties":{"appNo":"SP-2025-002070","applicant":"NEPTUN SALMO AS","orgNo":"958438370","type":"LAND_BASED_AQUACULTURE","kind":"Akvakultur på land","status":"SUBMITTED","submitted":"2026-07-15","navn":"RØYKLIBOTN","kommune":"Namsos","fylke":"Trøndelag","species":"laks","url":"https://www.fiskeridir.no/akvakultur/akvakultursoknader/sp-2025-002070","apiStatus":"SUBMITTED","typeCode":"LAND_BASED_AQUACULTURE","createdAt":"2025-09-01","result":null,"evaluationFinishedAt":null,"evaluation":[{"org":"Trøndelag fylkeskommune","responsible":true,"decisions":[],"statements":[]}]}},{"type":"Feature","geometry":{"type":"Point","coordinates":[5.828162,62.201843]},"properties":{"appNo":"SP-2025-002071","applicant":"NORDIC HALIBUT AS","orgNo":"974526441","type":"OTHER_FISH_SPECIES","kind":"Ny tillatelse til andre fiskearter enn laks, ørret og regnbueørret.","status":"SUBMITTED","submitted":"2025-09-03","navn":"Korsfura","kommune":"Vanylven","fylke":"Møre og Romsdal","areaChanged":true,"biomass":1560,"plannedProd":1600,"feed":2000,"cycleMonths":60,"netDepth":2000,"netType":"Hev/senk not med flatbunn tilpasset kveite.","netTreatment":"Kobberfri impregnering Aqua nett protect fra Steen Hansen","species":"kveite","url":"https://www.fiskeridir.no/akvakultur/akvakultursoknader/sp-2025-002071","apiStatus":"SUBMITTED","typeCode":"OTHER_FISH_SPECIES","createdAt":"2025-09-03","result":null,"evaluationFinishedAt":null,"evaluation":[{"org":"Møre og Romsdal fylkeskommune","responsible":true,"decisions":[{"result":"DENIED","at":"2026-03-17"}],"statements":[]},{"org":"Kystverket","responsible":false,"decisions":[{"result":"GRANTED","at":"2026-01-28"}],"statements":[]},{"org":"Mattilsynet","responsible":false,"decisions":[],"statements":[]},{"org":"Statsforvalteren i Møre og Romsdal","responsible":false,"decisions":[{"result":"DENIED","at":"2026-03-03"}],"statements":[]},{"org":"Vanylven kommune","responsible":false,"decisions":[],"statements":[{"at":"2025-11-24"}]},{"org":"Fiskeridirektoratet","responsible":false,"decisions":[],"statements":[{"at":"2025-12-17"}]}]}},{"type":"Feature","geometry":{"type":"Point","coordinates":[15.841433,67.694717]},"properties":{"appNo":"SP-2025-002072","applicant":"NORDLAKS SMOLT AS","orgNo":"991193332","type":"LAND_BASED_AQUACULTURE","kind":"Akvakultur på land","status":"SUBMITTED","submitted":"2025-09-04","navn":"MASTERMOVIKA II","kommune":"Sørfold","fylke":"Nordland","species":"laks","url":"https://www.fiskeridir.no/akvakultur/akvakultursoknader/sp-2025-002072","apiStatus":"SUBMITTED","typeCode":"LAND_BASED_AQUACULTURE","createdAt":"2025-09-04","result":null,"evaluationFinishedAt":null,"evaluation":[{"org":"Nordland fylkeskommune","responsible":true,"decisions":[],"statements":[]},{"org":"Sørfold kommune","responsible":false,"decisions":[],"statements":[]}]}},{"type":"Feature","geometry":{"type":"Point","coordinates":[5.723383,61.87715]},"properties":{"appNo":"SP-2025-002073","applicant":"EIDE FJORDBRUK AS","orgNo":"866751242","type":"CHANGE_SITE","kind":"Endring av lokalitet for laks, ørret og regnbueørret i sjø.","status":"SUBMITTED","submitted":"2025-09-04","loknr":12224,"navn":"ISANE","kommune":"Bremanger","fylke":"Vestland","biomass":2340,"plannedProd":2750,"feed":2970,"cycleMonths":15,"netDepth":3000,"netType":"Vanlege nylonnøter utan impregnering.","netTreatment":"Kun Coating - Eide brukar ikkje impregnering på nøter i sjø","species":"Laks, Ørret, Regnbueørret","prodArea":"Nordhordland til Stadt","url":"https://www.fiskeridir.no/akvakultur/akvakultursoknader/sp-2025-002073","apiStatus":"SUBMITTED","typeCode":"CHANGE_SITE","createdAt":"2025-09-04","result":"DENIED","evaluationFinishedAt":"2026-02-26","evaluation":[{"org":"Vestland fylkeskommune","responsible":true,"decisions":[{"result":"DENIED","at":"2026-01-27"}],"statements":[]},{"org":"Kystverket","responsible":false,"decisions":[{"result":"GRANTED","at":"2026-09-17"}],"statements":[]},{"org":"Mattilsynet","responsible":false,"decisions":[{"result":"DENIED","at":"2026-01-12"}],"statements":[]},{"org":"Statsforvalteren i Vestland","responsible":false,"decisions":[],"statements":[]},{"org":"Bremanger kommune","responsible":false,"decisions":[],"statements":[]},{"org":"Fiskeridirektoratet","responsible":false,"decisions":[],"statements":[{"at":"2026-01-16"}]}]}},{"type":"Feature","geometry":{"type":"Point","coordinates":[12.04247,65.492215]},"properties":{"appNo":"SP-2025-002074","applicant":"TORGHATTEN FARMING AS","orgNo":"918462511","type":"NEW_SITE","kind":"Ny lokalitet for laks, ørret og regnbueørret i sjø.","status":"SUBMITTED","submitted":"2025-10-08","navn":"Bolværet","kommune":"Brønnøy","fylke":"Nordland","areaChanged":true,"biomass":3599,"plannedProd":4407,"feed":5003,"cycleMonths":18,"netDepth":4000,"netType":"Det er i utgangspunktet planlagt brukt sirkelformet notpose med tilpasset bunnring.\nValg av nottype vil treffes i samråd med samarbeidspartnere. Det er ikke i\nutgangspunktet tenkt nedsenket teknologi/dypdrift.\nDet skjer nå en stor utvikling innen nøter og driftsformer, hvilket vil være av betydning\nfor selskapets endelige notvalg på lokaliteten. Endelig notvalg har også innvirkning på\nnotdybden som ved søknadstidspunktet er satt til 40 meter.","netTreatment":"Netwax NI 3 - Impregneringsmiddel med kobberoksid","species":"Laks, Ørret, Regnbueørret","licences":"N-AH-0001,N-AH-0002,N-BR-0051,N-VS-0001,N-VS-0002","url":"https://www.fiskeridir.no/akvakultur/akvakultursoknader/sp-2025-002074","apiStatus":"SUBMITTED","typeCode":"NEW_SITE","createdAt":"2025-09-05","result":null,"evaluationFinishedAt":null,"evaluation":[{"org":"Nordland fylkeskommune","responsible":true,"decisions":[],"statements":[]}]}},{"type":"Feature","geometry":{"type":"Point","coordinates":[10.91194,64.500022]},"properties":{"appNo":"SP-2025-002076","applicant":"FLATANGER SETTEFISK AS","orgNo":"864943632","type":"LAND_BASED_AQUACULTURE","kind":"Akvakultur på land","status":"SUBMITTED","submitted":"2025-12-09","navn":"LAUVSNES","kommune":"Flatanger","fylke":"Trøndelag","species":"laks","url":"https://www.fiskeridir.no/akvakultur/akvakultursoknader/sp-2025-002076","apiStatus":"SUBMITTED","typeCode":"LAND_BASED_AQUACULTURE","createdAt":"2025-09-09","result":null,"evaluationFinishedAt":null,"evaluation":[{"org":"Trøndelag fylkeskommune","responsible":true,"decisions":[],"statements":[]},{"org":"Mattilsynet","responsible":false,"decisions":[],"statements":[]},{"org":"Flatanger kommune","responsible":false,"decisions":[],"statements":[]},{"org":"Statsforvalteren i Trøndelag","responsible":false,"decisions":[],"statements":[]},{"org":"Fiskeridirektoratet","responsible":false,"decisions":[],"statements":[]}]}},{"type":"Feature","geometry":{"type":"Point","coordinates":[10.768083,59.875663]},"properties":{"appNo":"SP-2025-002077","applicant":"MARINREPARATØRENE","orgNo":"914725747","type":"NON_FISH_SPECIES","kind":"Ny tillatelse til andre arter enn fisk","status":"SUBMITTED","submitted":"2026-01-29","navn":"Sørfonden Slipp - Padda","kommune":"Oslo","fylke":"Oslo","areaChanged":true,"species":"sukkertare","url":"https://www.fiskeridir.no/akvakultur/akvakultursoknader/sp-2025-002077","apiStatus":"SUBMITTED","typeCode":"NON_FISH_SPECIES","createdAt":"2025-09-15","result":null,"evaluationFinishedAt":null,"evaluation":[{"org":"Oslo kommune","responsible":true,"decisions":[],"statements":[]},{"org":"Kystverket","responsible":false,"decisions":[{"result":"GRANTED","at":"2026-06-18"}],"statements":[]},{"org":"Mattilsynet","responsible":false,"decisions":[{"result":"GRANTED","at":"2026-06-25"}],"statements":[]},{"org":"Statsforvalteren i Østfold, Buskerud, Oslo og Akershus","responsible":false,"decisions":[],"statements":[{"at":"2026-06-17"}]},{"org":"Fiskeridirektoratet","responsible":false,"decisions":[],"statements":[]}]}},{"type":"Feature","geometry":{"type":"Point","coordinates":[15.310755,67.975718]},"properties":{"appNo":"SP-2025-002079","applicant":"CERMAQ NORWAY SALMON AS","orgNo":"930152366","type":"CHANGE_SITE","kind":"Endring av lokalitet for laks, ørret og regnbueørret i sjø.","status":"SUBMITTED","submitted":"2025-09-17","loknr":11320,"navn":"OKSØY","kommune":"Steigen","fylke":"Nordland","areaChanged":true,"plannedProd":5200,"feed":6300,"cycleMonths":12,"netDepth":3400,"netType":"Vi bruker storfiskposer av typen Dynema i 160 meters ringer på lokaliteten.  Fra 2028 vil det bli etablert slamoppsamling under nøtene i samsvar med vilkår fra Statsforvalteren i Nordland. Det kan også bli aktuelt med dypdrift i nedsenkede merder.","netTreatment":"_Aquanet Protect","species":"Laks, Ørret, Regnbueørret","prodArea":"Vestfjorden og Vesterålen","url":"https://www.fiskeridir.no/akvakultur/akvakultursoknader/sp-2025-002079","apiStatus":"SUBMITTED","typeCode":"CHANGE_SITE","createdAt":"2025-09-17","result":null,"evaluationFinishedAt":null,"evaluation":[{"org":"Nordland fylkeskommune","responsible":true,"decisions":[],"statements":[]},{"org":"Kystverket","responsible":false,"decisions":[],"statements":[]},{"org":"Mattilsynet","responsible":false,"decisions":[],"statements":[]},{"org":"Statsforvalteren i Nordland","responsible":false,"decisions":[],"statements":[]},{"org":"Fiskeridirektoratet","responsible":false,"decisions":[],"statements":[]}]}},{"type":"Feature","geometry":{"type":"Point","coordinates":[22.671207,70.510566]},"properties":{"appNo":"SP-2025-002080","applicant":"MOWI SEAWATER NORWAY AS","orgNo":"921668236","type":"NEW_SITE","kind":"Ny lokalitet for laks, ørret og regnbueørret i sjø.","status":"SUBMITTED","submitted":"2025-10-14","navn":"Øyfjorden","kommune":"Hasvik","fylke":"Finnmark","areaChanged":true,"biomass":5400,"plannedProd":7000,"feed":8000,"cycleMonths":18,"netDepth":3500,"netType":"Det vil bli benyttet tradisjonell sylinderpose. Det vil enten bli brukt not som impregneres med Aquanet Protect Oker (produktblad følger vedlagt søknad), eller HDPE not som ikke impregneres.","netTreatment":"Aquanet Protect Oker / HDPE-not","species":"Laks, Ørret, Regnbueørret","licences":"F-H-0036,TF-H-0003","url":"https://www.fiskeridir.no/akvakultur/akvakultursoknader/sp-2025-002080","apiStatus":"SUBMITTED","typeCode":"NEW_SITE","createdAt":"2025-09-18","result":null,"evaluationFinishedAt":null,"evaluation":[{"org":"Finnmark fylkeskommune","responsible":true,"decisions":[],"statements":[]},{"org":"Hasvik kommune","responsible":false,"decisions":[],"statements":[{"at":"2026-01-27"}]},{"org":"Kystverket","responsible":false,"decisions":[],"statements":[]},{"org":"Mattilsynet","responsible":false,"decisions":[{"result":"DENIED","at":"2026-06-30"}],"statements":[]},{"org":"Statsforvalteren i Troms og Finnmark","responsible":false,"decisions":[],"statements":[{"at":"2026-03-03"}]},{"org":"Fiskeridirektoratet","responsible":false,"decisions":[],"statements":[{"at":"2026-03-06"}]}]}},{"type":"Feature","geometry":{"type":"Point","coordinates":[11.251133,64.916367]},"properties":{"appNo":"SP-2025-002081","applicant":"WILLIKSEN INDUSTRI AS","orgNo":"926924192","type":"SPECIAL_INTENTION_SITE_CLEARANCE","kind":"SPECIAL_INTENTION_SITE_CLEARANCE","status":"RETURNED","submitted":"2025-12-18","kommune":"Nærøysund","fylke":"Trøndelag","url":"https://www.fiskeridir.no/akvakultur/akvakultursoknader/sp-2025-002081","apiStatus":"RETURNED","typeCode":"SPECIAL_INTENTION_SITE_CLEARANCE","createdAt":"2025-09-19","result":null,"evaluationFinishedAt":null,"evaluation":[{"org":"Trøndelag fylkeskommune","responsible":true,"decisions":[],"statements":[]}]}},{"type":"Feature","geometry":{"type":"Point","coordinates":[11.129024,59.057269]},"properties":{"appNo":"SP-2025-002082","applicant":"PRONOFA ASA","orgNo":"926501836","type":"NON_FISH_SPECIES","kind":"Ny tillatelse til andre arter enn fisk","status":"SUBMITTED","submitted":"2025-09-19","navn":"Rødskjær N","kommune":"Hvaler","fylke":"Østfold","areaChanged":true,"species":"unknown","url":"https://www.fiskeridir.no/akvakultur/akvakultursoknader/sp-2025-002082","apiStatus":"SUBMITTED","typeCode":"NON_FISH_SPECIES","createdAt":"2025-09-19","result":null,"evaluationFinishedAt":null,"evaluation":[{"org":"Kystverket","responsible":false,"decisions":[{"result":"GRANTED","at":"2026-04-30"}],"statements":[]},{"org":"Østfold fylkeskommune","responsible":true,"decisions":[],"statements":[]},{"org":"Mattilsynet","responsible":false,"decisions":[{"result":"GRANTED","at":"2026-04-09"}],"statements":[]},{"org":"Hvaler kommune","responsible":false,"decisions":[],"statements":[]},{"org":"Fiskeridirektoratet","responsible":false,"decisions":[],"statements":[{"at":"2026-03-27"}]}]}},{"type":"Feature","geometry":{"type":"Point","coordinates":[8.3125,61.636389]},"properties":{"appNo":"SP-2025-002084","applicant":"GRIEG SEAFOOD ROGALAND AS","orgNo":"838065392","type":"SPECIAL_INTENTION","kind":"Særlige formå","status":"SUBMITTED","submitted":"2025-09-22","url":"https://www.fiskeridir.no/akvakultur/akvakultursoknader/sp-2025-002084","apiStatus":"SUBMITTED","typeCode":"SPECIAL_INTENTION","createdAt":"2025-09-22","result":null,"evaluationFinishedAt":null,"evaluation":[{"org":"Fiskeridirektoratet","responsible":true,"decisions":[],"statements":[]}]}},{"type":"Feature","geometry":{"type":"Point","coordinates":[15.315871,68.941589]},"properties":{"appNo":"SP-2025-002090","applicant":"CERMAQ NORWAY SALMON AS","orgNo":"930152366","type":"CHANGE_SITE","kind":"Endring av lokalitet for laks, ørret og regnbueørret i sjø.","status":"SUBMITTED","submitted":"2025-09-26","loknr":20897,"navn":"GISLØY S","kommune":"Øksnes","fylke":"Nordland","areaChanged":true,"biomass":3600,"plannedProd":4700,"feed":5300,"cycleMonths":18,"netDepth":3400,"netType":"Dynemanøter","netTreatment":"Aquanet Protect","species":"Laks, Ørret, Regnbueørret","prodArea":"Vestfjorden og Vesterålen","url":"https://www.fiskeridir.no/akvakultur/akvakultursoknader/sp-2025-002090","apiStatus":"SUBMITTED","typeCode":"CHANGE_SITE","createdAt":"2025-09-26","result":null,"evaluationFinishedAt":null,"evaluation":[{"org":"Nordland fylkeskommune","responsible":true,"decisions":[],"statements":[]},{"org":"Statsforvalteren i Rogaland","responsible":false,"decisions":[{"result":"FOLLOWS_REGULATIONS","at":"2026-07-20"}],"statements":[]},{"org":"Kystverket","responsible":false,"decisions":[{"result":"GRANTED","at":"2026-06-12"}],"statements":[]},{"org":"Mattilsynet","responsible":false,"decisions":[{"result":"GRANTED","at":"2026-05-22"}],"statements":[]},{"org":"Fiskeridirektoratet","responsible":false,"decisions":[],"statements":[]},{"org":"Statsforvalteren i Nordland","responsible":false,"decisions":[],"statements":[]}]}},{"type":"Feature","geometry":{"type":"Point","coordinates":[10.388023,64.285634]},"properties":{"appNo":"SP-2025-002099","applicant":"NORDIC SCALLOPS OSEN AS","orgNo":"936147224","type":"SEA_FARMING","kind":"Havbeite","status":"RETURNED","submitted":"2025-10-02","navn":"Jarnholmen","kommune":"Osen","fylke":"Trøndelag","areaChanged":true,"url":"https://www.fiskeridir.no/akvakultur/akvakultursoknader/sp-2025-002099","apiStatus":"RETURNED","typeCode":"SEA_FARMING","createdAt":"2025-10-02","result":null,"evaluationFinishedAt":null,"evaluation":[{"org":"Trøndelag fylkeskommune","responsible":true,"decisions":[],"statements":[]}]}},{"type":"Feature","geometry":{"type":"Point","coordinates":[6.773053,62.789387]},"properties":{"appNo":"SP-2025-002101","applicant":"NORDIC SCALLOPS AUKRA AS","orgNo":"936147038","type":"SEA_FARMING","kind":"Havbeite","status":"RETURNED","submitted":"2025-10-02","navn":"Grunnefjorden Nord","kommune":"Aukra","fylke":"Møre og Romsdal","areaChanged":true,"url":"https://www.fiskeridir.no/akvakultur/akvakultursoknader/sp-2025-002101","apiStatus":"RETURNED","typeCode":"SEA_FARMING","createdAt":"2025-10-02","result":null,"evaluationFinishedAt":null,"evaluation":[{"org":"Møre og Romsdal fylkeskommune","responsible":true,"decisions":[],"statements":[]}]}},{"type":"Feature","geometry":{"type":"Point","coordinates":[12.279224,65.644896]},"properties":{"appNo":"SP-2025-002103","applicant":"TORGHATTEN FARMING AS","orgNo":"918462511","type":"NEW_SITE","kind":"Ny lokalitet for laks, ørret og regnbueørret i sjø.","status":"SUBMITTED","submitted":"2025-10-27","navn":"Esøya","kommune":"Vevelstad","fylke":"Nordland","areaChanged":true,"biomass":3599,"plannedProd":4407,"feed":5003,"cycleMonths":18,"netDepth":4000,"netType":"Det er i utgangspunktet planlagt brukt sirkelformet notpose med tilpasset bunnring.\nValg av nottype vil treffes i samråd med samarbeidspartnere. Det er ikke i\nutgangspunktet tenkt nedsenket teknologi/dypdrift.\nDet skjer nå en stor utvikling innen nøter og driftsformer, hvilket vil være av betydning\nfor selskapets endelige notvalg på lokaliteten. Endelig notvalg har også innvirkning på\nnotdybden som ved søknadstidspunktet er satt til 40 meter.","netTreatment":"Netwax NI 3 - Impregneringsmiddel med kobberoksid","species":"Laks, Ørret, Regnbueørret","licences":"N-AH-0001,N-AH-0002,N-BR-0051,N-VS-0001,N-VS-0002","url":"https://www.fiskeridir.no/akvakultur/akvakultursoknader/sp-2025-002103","apiStatus":"SUBMITTED","typeCode":"NEW_SITE","createdAt":"2025-10-06","result":null,"evaluationFinishedAt":null,"evaluation":[{"org":"Nordland fylkeskommune","responsible":true,"decisions":[],"statements":[]},{"org":"Kystverket","responsible":false,"decisions":[{"result":"GRANTED","at":"2026-05-18"}],"statements":[]},{"org":"Mattilsynet","responsible":false,"decisions":[{"result":"GRANTED","at":"2026-03-27"}],"statements":[]},{"org":"Vevelstad kommune","responsible":false,"decisions":[],"statements":[]},{"org":"Fiskeridirektoratet","responsible":false,"decisions":[],"statements":[]},{"org":"Statsforvalteren i Nordland","responsible":false,"decisions":[],"statements":[]},{"org":"Statsforvalteren i Rogaland","responsible":false,"decisions":[{"result":"DENIED","at":"2026-07-23"}],"statements":[]}]}},{"type":"Feature","geometry":{"type":"Point","coordinates":[6.046782,59.226133]},"properties":{"appNo":"SP-2025-002106","applicant":"MOWI SEAWATER NORWAY AS","orgNo":"921668236","type":"NEW_SITE","kind":"Ny lokalitet for laks, ørret og regnbueørret i sjø.","status":"SUBMITTED","submitted":"2025-10-08","navn":"Breivik","kommune":"Hjelmeland","fylke":"Rogaland","areaChanged":true,"biomass":3600,"plannedProd":4300,"feed":5000,"cycleMonths":10,"netDepth":2000,"netType":"Lukket enhet - pt. ikke avklart leverandør.","netTreatment":"Ingen","species":"Laks, Ørret, Regnbueørret","licences":"R-F-0003,R-HM-0002,R-HM-0003,R-HM-0008,R-V-0004","url":"https://www.fiskeridir.no/akvakultur/akvakultursoknader/sp-2025-002106","apiStatus":"SUBMITTED","typeCode":"NEW_SITE","createdAt":"2025-10-08","result":null,"evaluationFinishedAt":null,"evaluation":[{"org":"Rogaland fylkeskommune","responsible":true,"decisions":[],"statements":[]},{"org":"Kystverket","responsible":false,"decisions":[],"statements":[]},{"org":"Mattilsynet","responsible":false,"decisions":[],"statements":[]},{"org":"Hjelmeland kommune","responsible":false,"decisions":[],"statements":[{"at":"2026-02-06"}]},{"org":"Statsforvalteren i Rogaland","responsible":false,"decisions":[],"statements":[]},{"org":"Fiskeridirektoratet","responsible":false,"decisions":[],"statements":[{"at":"2026-02-27"}]}]}},{"type":"Feature","geometry":{"type":"Point","coordinates":[4.873752,59.301372]},"properties":{"appNo":"SP-2025-002107","applicant":"NORWEGIAN MOUNTAIN SALMON AS","orgNo":"928444678","type":"LAND_BASED_AQUACULTURE","kind":"Akvakultur på land","status":"SUBMITTED","submitted":"2025-10-08","navn":"Utsira Kvalvikvågen","kommune":"Utsira","fylke":"Rogaland","species":"laks","url":"https://www.fiskeridir.no/akvakultur/akvakultursoknader/sp-2025-002107","apiStatus":"SUBMITTED","typeCode":"LAND_BASED_AQUACULTURE","createdAt":"2025-10-08","result":null,"evaluationFinishedAt":null,"evaluation":[{"org":"Rogaland fylkeskommune","responsible":true,"decisions":[],"statements":[]},{"org":"Vestland fylkeskommune","responsible":true,"decisions":[],"statements":[]},{"org":"Kystverket","responsible":false,"decisions":[{"result":"NO_DECISION","at":"2025-12-16"}],"statements":[]},{"org":"Mattilsynet","responsible":false,"decisions":[],"statements":[]},{"org":"Utsira kommune","responsible":false,"decisions":[],"statements":[]},{"org":"Statsforvalteren i Rogaland","responsible":false,"decisions":[],"statements":[]},{"org":"Fiskeridirektoratet","responsible":false,"decisions":[],"statements":[{"at":"2026-03-20"}]}]}},{"type":"Feature","geometry":{"type":"Point","coordinates":[15.019718,68.936021]},"properties":{"appNo":"SP-2025-002108","applicant":"ØYFISK AS","orgNo":"945095016","type":"CHANGE_SITE","kind":"Endring av lokalitet for laks, ørret og regnbueørret i sjø.","status":"SUBMITTED","submitted":"2025-10-09","loknr":13784,"navn":"HØYDALSVIKA","kommune":"Øksnes","fylke":"Nordland","areaChanged":true,"plannedProd":4500,"feed":5400,"cycleMonths":21,"netDepth":5000,"netType":"Spissnot.","netTreatment":"Se produktsertifikat.","species":"Laks, Ørret, Regnbueørret","prodArea":"Vestfjorden og Vesterålen","url":"https://www.fiskeridir.no/akvakultur/akvakultursoknader/sp-2025-002108","apiStatus":"SUBMITTED","typeCode":"CHANGE_SITE","createdAt":"2025-10-09","result":null,"evaluationFinishedAt":null,"evaluation":[{"org":"Nordland fylkeskommune","responsible":true,"decisions":[],"statements":[]}]}},{"type":"Feature","geometry":{"type":"Point","coordinates":[13.601383,66.868417]},"properties":{"appNo":"SP-2025-002141","applicant":"MOWI SEAWATER NORWAY AS","orgNo":"921668236","type":"CO_LOCATION_APPLICATION","kind":"Søknad om samlokalisering","status":"SUBMITTED","submitted":"2025-10-09","loknr":29776,"navn":"TEKSMONA","kommune":"Meløy","fylke":"Nordland","species":"Laks, Ørret, Regnbueørret","prodArea":"Helgeland til Bodø","licences":"N-L-0010,N-R-0004,N-R-0009,N-R-0029","url":"https://www.fiskeridir.no/akvakultur/akvakultursoknader/sp-2025-002141","apiStatus":"SUBMITTED","typeCode":"CO_LOCATION_APPLICATION","createdAt":"2025-10-09","result":null,"evaluationFinishedAt":null,"evaluation":[{"org":"Nordland fylkeskommune","responsible":true,"decisions":[],"statements":[]}]}},{"type":"Feature","geometry":{"type":"Point","coordinates":[7.515133,63.0573]},"properties":{"appNo":"SP-2025-002143","applicant":"PURE NORWEGIAN SEAFOOD AS","orgNo":"995292971","type":"OTHER_FISH_SPECIES","kind":"Ny tillatelse til andre fiskearter enn laks, ørret og regnbueørret.","status":"SUBMITTED","submitted":"2025-10-14","loknr":27376,"navn":"HENDNESET","kommune":"Averøy","fylke":"Møre og Romsdal","biomass":150,"plannedProd":0,"feed":0,"cycleMonths":0,"species":"unknown","url":"https://www.fiskeridir.no/akvakultur/akvakultursoknader/sp-2025-002143","apiStatus":"SUBMITTED","typeCode":"OTHER_FISH_SPECIES","createdAt":"2025-10-14","result":null,"evaluationFinishedAt":null,"evaluation":[{"org":"Møre og Romsdal fylkeskommune","responsible":true,"decisions":[{"result":"DENIED","at":"2026-03-12"}],"statements":[]},{"org":"Mattilsynet","responsible":false,"decisions":[{"result":"DENIED","at":"2026-01-07"}],"statements":[]},{"org":"Statsforvalteren i Møre og Romsdal","responsible":false,"decisions":[{"result":"NO_DECISION","at":"2025-11-05"}],"statements":[{"at":"2025-11-05"}]},{"org":"Fiskeridirektoratet","responsible":false,"decisions":[],"statements":[{"at":"2025-11-10"}]}]}},{"type":"Feature","geometry":{"type":"Point","coordinates":[6.736749,62.45175]},"properties":{"appNo":"SP-2025-002145","applicant":"HOFSETH SEA FARMING AS","orgNo":"930773840","type":"NEW_SITE","kind":"Ny lokalitet for laks, ørret og regnbueørret i sjø.","status":"SUBMITTED","submitted":"2026-02-16","navn":"45128 Røneset","kommune":"Sykkylven","fylke":"Møre og Romsdal","areaChanged":true,"biomass":3120,"plannedProd":4500,"feed":5400,"cycleMonths":12,"netDepth":6000,"netType":"Synliderpose - nedsenkbar","netTreatment":"Impregnering uten biocid","species":"Laks, Ørret, Regnbueørret","licences":"M-A-0010,M-A-0013,M-NL-0003,M-NL-0004,M-SK-0001,M-ST-0002,M-VD-0006","url":"https://www.fiskeridir.no/akvakultur/akvakultursoknader/sp-2025-002145","apiStatus":"SUBMITTED","typeCode":"NEW_SITE","createdAt":"2025-10-15","result":null,"evaluationFinishedAt":null,"evaluation":[{"org":"Møre og Romsdal fylkeskommune","responsible":true,"decisions":[],"statements":[]},{"org":"Kystverket","responsible":false,"decisions":[{"result":"GRANTED","at":"2026-05-20"}],"statements":[]},{"org":"Mattilsynet","responsible":false,"decisions":[],"statements":[]},{"org":"Statsforvalteren i Møre og Romsdal","responsible":false,"decisions":[],"statements":[]},{"org":"Fiskeridirektoratet","responsible":false,"decisions":[],"statements":[{"at":"2026-05-07"}]},{"org":"Sykkylven kommune","responsible":false,"decisions":[],"statements":[{"at":"2026-04-13"}]}]}},{"type":"Feature","geometry":{"type":"Point","coordinates":[25.636983,70.7514]},"properties":{"appNo":"SP-2025-002147","applicant":"GRIEG SEAFOOD FINNMARK AS","orgNo":"980361306","type":"SPECIAL_INTENTION_SITE_CLEARANCE","kind":"SPECIAL_INTENTION_SITE_CLEARANCE","status":"SUBMITTED","submitted":"2025-10-17","kommune":"Nordkapp","fylke":"Finnmark","url":"https://www.fiskeridir.no/akvakultur/akvakultursoknader/sp-2025-002147","apiStatus":"SUBMITTED","typeCode":"SPECIAL_INTENTION_SITE_CLEARANCE","createdAt":"2025-10-17","result":null,"evaluationFinishedAt":null,"evaluation":[{"org":"Finnmark fylkeskommune","responsible":true,"decisions":[],"statements":[]},{"org":"Kystverket","responsible":false,"decisions":[{"result":"NO_DECISION","at":"2026-05-28"}],"statements":[]},{"org":"Mattilsynet","responsible":false,"decisions":[{"result":"NO_DECISION","at":"2026-05-21"}],"statements":[]},{"org":"Nordkapp kommune","responsible":false,"decisions":[],"statements":[]},{"org":"Statsforvalteren i Troms og Finnmark","responsible":false,"decisions":[],"statements":[]},{"org":"Fiskeridirektoratet","responsible":false,"decisions":[],"statements":[{"at":"2026-07-06"}]}]}},{"type":"Feature","geometry":{"type":"Point","coordinates":[12.885773,66.202088]},"properties":{"appNo":"SP-2025-002150","applicant":"NORCOD AS","orgNo":"821489962","type":"OTHER_FISH_SPECIES","kind":"Ny tillatelse til andre fiskearter enn laks, ørret og regnbueørret.","status":"SUBMITTED","submitted":"2025-10-21","navn":"Båthella","kommune":"Nesna","fylke":"Nordland","areaChanged":true,"biomass":3599,"plannedProd":4200,"feed":4650,"cycleMonths":22,"netDepth":3000,"netType":"Sylinderposer","netTreatment":"Coating uten kobber, Netkem MP30 eller Steen-Hanssen protect oker","species":"torsk","url":"https://www.fiskeridir.no/akvakultur/akvakultursoknader/sp-2025-002150","apiStatus":"SUBMITTED","typeCode":"OTHER_FISH_SPECIES","createdAt":"2025-10-21","result":null,"evaluationFinishedAt":null,"evaluation":[{"org":"Nordland fylkeskommune","responsible":true,"decisions":[],"statements":[]},{"org":"Kystverket","responsible":false,"decisions":[{"result":"GRANTED","at":"2026-04-30"}],"statements":[]},{"org":"Mattilsynet","responsible":false,"decisions":[{"result":"DENIED","at":"2026-04-27"}],"statements":[]},{"org":"Statsforvalteren i Nordland","responsible":false,"decisions":[],"statements":[]},{"org":"Fiskeridirektoratet","responsible":false,"decisions":[],"statements":[{"at":"2026-04-14"}]}]}},{"type":"Feature","geometry":{"type":"Point","coordinates":[12.800294,66.393837]},"properties":{"appNo":"SP-2025-002155","applicant":"NOVA SEA HAVBRUK AS","orgNo":"827248312","type":"CHANGE_SITE","kind":"Endring av lokalitet for laks, ørret og regnbueørret i sjø.","status":"SUBMITTED","submitted":"2025-11-17","loknr":15118,"navn":"KALVØYA","kommune":"Lurøy","fylke":"Nordland","areaChanged":true,"plannedProd":4670,"feed":5350,"cycleMonths":15,"netDepth":3200,"netType":"Vanlig nottype for 160-metring, med spiss i bunnen.","netTreatment":"Coating.","species":"Laks, Ørret, Regnbueørret","prodArea":"Helgeland til Bodø","url":"https://www.fiskeridir.no/akvakultur/akvakultursoknader/sp-2025-002155","apiStatus":"SUBMITTED","typeCode":"CHANGE_SITE","createdAt":"2025-10-28","result":null,"evaluationFinishedAt":null,"evaluation":[{"org":"Nordland fylkeskommune","responsible":true,"decisions":[],"statements":[]}]}},{"type":"Feature","geometry":{"type":"Point","coordinates":[8.3125,61.636389]},"properties":{"appNo":"SP-2025-002156","applicant":"LETSEA AS","orgNo":"976253744","type":"SPECIAL_INTENTION","kind":"Særlige formå","status":"SUBMITTED","submitted":"2025-10-29","url":"https://www.fiskeridir.no/akvakultur/akvakultursoknader/sp-2025-002156","apiStatus":"SUBMITTED","typeCode":"SPECIAL_INTENTION","createdAt":"2025-10-29","result":null,"evaluationFinishedAt":null,"evaluation":[{"org":"Fiskeridirektoratet","responsible":true,"decisions":[],"statements":[]}]}},{"type":"Feature","geometry":{"type":"Point","coordinates":[12.6904,66.0399]},"properties":{"appNo":"SP-2025-002158","applicant":"LETSEA AS","orgNo":"976253744","type":"LAND_BASED_AQUACULTURE","kind":"Akvakultur på land","status":"SUBMITTED","submitted":"2025-10-29","navn":"Leines","kommune":"Leirfjord","fylke":"Nordland","species":"laks","url":"https://www.fiskeridir.no/akvakultur/akvakultursoknader/sp-2025-002158","apiStatus":"SUBMITTED","typeCode":"LAND_BASED_AQUACULTURE","createdAt":"2025-10-29","result":null,"evaluationFinishedAt":null,"evaluation":[{"org":"Nordland fylkeskommune","responsible":true,"decisions":[],"statements":[]}]}},{"type":"Feature","geometry":{"type":"Point","coordinates":[10.735417,64.46735]},"properties":{"appNo":"SP-2025-002159","applicant":"NAMDAL SETTEFISK AS","orgNo":"987245069","type":"SPECIAL_INTENTION_SITE_CLEARANCE","kind":"SPECIAL_INTENTION_SITE_CLEARANCE","status":"RETURNED","submitted":"2026-02-17","kommune":"Flatanger","fylke":"Trøndelag","url":"https://www.fiskeridir.no/akvakultur/akvakultursoknader/sp-2025-002159","apiStatus":"RETURNED","typeCode":"SPECIAL_INTENTION_SITE_CLEARANCE","createdAt":"2025-10-29","result":null,"evaluationFinishedAt":null,"evaluation":[{"org":"Trøndelag fylkeskommune","responsible":true,"decisions":[],"statements":[]}]}},{"type":"Feature","geometry":{"type":"Point","coordinates":[23.750635,70.445203]},"properties":{"appNo":"SP-2025-002160","applicant":"MOWI SEAWATER NORWAY AS","orgNo":"921668236","type":"NEW_SITE","kind":"Ny lokalitet for laks, ørret og regnbueørret i sjø.","status":"RETURNED","submitted":"2026-07-29","navn":"Segelnes","kommune":"Hammerfest","fylke":"Finnmark","areaChanged":true,"biomass":3599,"plannedProd":4500,"feed":5000,"cycleMonths":18,"netDepth":3000,"netType":"HDPE-not som ikke impregneres.","netTreatment":"HDPE-NOT","species":"Laks, Ørret, Regnbueørret","licences":"F-H-0036,TF-H-0003","url":"https://www.fiskeridir.no/akvakultur/akvakultursoknader/sp-2025-002160","apiStatus":"RETURNED","typeCode":"NEW_SITE","createdAt":"2025-10-29","result":null,"evaluationFinishedAt":null,"evaluation":[{"org":"Finnmark fylkeskommune","responsible":true,"decisions":[],"statements":[]}]}},{"type":"Feature","geometry":{"type":"Point","coordinates":[14.388433,67.185567]},"properties":{"appNo":"SP-2025-002205","applicant":"SALTEN FOU AS","orgNo":"916917031","type":"CO_LOCATION_APPLICATION","kind":"Søknad om samlokalisering","status":"SUBMITTED","submitted":"2025-10-31","loknr":35817,"navn":"STOREVIKA","kommune":"Bodø","fylke":"Nordland","species":"Laks, Ørret, Regnbueørret","prodArea":"Helgeland til Bodø","licences":"N-SL-0006,N-SL-0007","url":"https://www.fiskeridir.no/akvakultur/akvakultursoknader/sp-2025-002205","apiStatus":"SUBMITTED","typeCode":"CO_LOCATION_APPLICATION","createdAt":"2025-10-31","result":null,"evaluationFinishedAt":null,"evaluation":[{"org":"Troms fylkeskommune","responsible":true,"decisions":[],"statements":[]},{"org":"Nordland fylkeskommune","responsible":true,"decisions":[],"statements":[]}]}},{"type":"Feature","geometry":{"type":"Point","coordinates":[14.71595,67.44185]},"properties":{"appNo":"SP-2025-002206","applicant":"SALTEN FOU AS","orgNo":"916917031","type":"CO_LOCATION_APPLICATION","kind":"Søknad om samlokalisering","status":"SUBMITTED","submitted":"2025-10-31","loknr":36737,"navn":"HALLSTEINHAMN I","kommune":"Bodø","fylke":"Nordland","species":"Laks, Ørret, Regnbueørret","prodArea":"Vestfjorden og Vesterålen","licences":"N-SL-0006,N-SL-0007","url":"https://www.fiskeridir.no/akvakultur/akvakultursoknader/sp-2025-002206","apiStatus":"SUBMITTED","typeCode":"CO_LOCATION_APPLICATION","createdAt":"2025-10-31","result":null,"evaluationFinishedAt":null,"evaluation":[{"org":"Nordland fylkeskommune","responsible":true,"decisions":[],"statements":[]}]}},{"type":"Feature","geometry":{"type":"Point","coordinates":[13.967767,67.036933]},"properties":{"appNo":"SP-2025-002207","applicant":"SALTEN FOU AS","orgNo":"916917031","type":"CO_LOCATION_APPLICATION","kind":"Søknad om samlokalisering","status":"SUBMITTED","submitted":"2025-10-31","loknr":21397,"navn":"MIDT FEMRIS","kommune":"Gildeskål","fylke":"Nordland","species":"Laks, Ørret, Regnbueørret","prodArea":"Helgeland til Bodø","licences":"N-SL-0006,N-SL-0007","url":"https://www.fiskeridir.no/akvakultur/akvakultursoknader/sp-2025-002207","apiStatus":"SUBMITTED","typeCode":"CO_LOCATION_APPLICATION","createdAt":"2025-10-31","result":null,"evaluationFinishedAt":null,"evaluation":[{"org":"Troms fylkeskommune","responsible":true,"decisions":[],"statements":[]},{"org":"Nordland fylkeskommune","responsible":true,"decisions":[],"statements":[]}]}},{"type":"Feature","geometry":{"type":"Point","coordinates":[13.947583,67.073]},"properties":{"appNo":"SP-2025-002208","applicant":"SALTEN FOU AS","orgNo":"916917031","type":"CO_LOCATION_APPLICATION","kind":"Søknad om samlokalisering","status":"SUBMITTED","submitted":"2025-10-31","loknr":11122,"navn":"RØSSØYA N","kommune":"Gildeskål","fylke":"Nordland","species":"Laks, Ørret, Regnbueørret","prodArea":"Helgeland til Bodø","licences":"N-SL-0006,N-SL-0007","url":"https://www.fiskeridir.no/akvakultur/akvakultursoknader/sp-2025-002208","apiStatus":"SUBMITTED","typeCode":"CO_LOCATION_APPLICATION","createdAt":"2025-10-31","result":null,"evaluationFinishedAt":null,"evaluation":[{"org":"Troms fylkeskommune","responsible":true,"decisions":[],"statements":[]},{"org":"Nordland fylkeskommune","responsible":true,"decisions":[],"statements":[]}]}},{"type":"Feature","geometry":{"type":"Point","coordinates":[14.1253,67.028367]},"properties":{"appNo":"SP-2025-002209","applicant":"SALTEN FOU AS","orgNo":"916917031","type":"CO_LOCATION_APPLICATION","kind":"Søknad om samlokalisering","status":"SUBMITTED","submitted":"2025-10-31","loknr":30857,"navn":"LEIRVIK","kommune":"Gildeskål","fylke":"Nordland","species":"Laks, Ørret, Regnbueørret","prodArea":"Helgeland til Bodø","licences":"N-SL-0006,N-SL-0007","url":"https://www.fiskeridir.no/akvakultur/akvakultursoknader/sp-2025-002209","apiStatus":"SUBMITTED","typeCode":"CO_LOCATION_APPLICATION","createdAt":"2025-10-31","result":null,"evaluationFinishedAt":null,"evaluation":[{"org":"Nordland fylkeskommune","responsible":true,"decisions":[],"statements":[]},{"org":"Troms fylkeskommune","responsible":true,"decisions":[],"statements":[]}]}},{"type":"Feature","geometry":{"type":"Point","coordinates":[14.076583,67.06895]},"properties":{"appNo":"SP-2025-002210","applicant":"SALTEN FOU AS","orgNo":"916917031","type":"CO_LOCATION_APPLICATION","kind":"Søknad om samlokalisering","status":"SUBMITTED","submitted":"2025-10-31","loknr":13290,"navn":"STIGVIKA","kommune":"Gildeskål","fylke":"Nordland","species":"Laks, Ørret, Regnbueørret","prodArea":"Helgeland til Bodø","licences":"N-SL-0006,N-SL-0007","url":"https://www.fiskeridir.no/akvakultur/akvakultursoknader/sp-2025-002210","apiStatus":"SUBMITTED","typeCode":"CO_LOCATION_APPLICATION","createdAt":"2025-10-31","result":null,"evaluationFinishedAt":null,"evaluation":[{"org":"Nordland fylkeskommune","responsible":true,"decisions":[],"statements":[]},{"org":"Troms fylkeskommune","responsible":true,"decisions":[],"statements":[]}]}},{"type":"Feature","geometry":{"type":"Point","coordinates":[14.71595,67.44185]},"properties":{"appNo":"SP-2025-002211","applicant":"GILDESKÅL FORSKNINGSSTASJON AS","orgNo":"950912278","type":"SPECIAL_INTENTION_SITE_CLEARANCE","kind":"SPECIAL_INTENTION_SITE_CLEARANCE","status":"SUBMITTED","submitted":"2025-10-31","kommune":"Bodø","fylke":"Nordland","url":"https://www.fiskeridir.no/akvakultur/akvakultursoknader/sp-2025-002211","apiStatus":"SUBMITTED","typeCode":"SPECIAL_INTENTION_SITE_CLEARANCE","createdAt":"2025-10-31","result":null,"evaluationFinishedAt":null,"evaluation":[{"org":"Nordland fylkeskommune","responsible":true,"decisions":[],"statements":[]}]}},{"type":"Feature","geometry":{"type":"Point","coordinates":[15.2339,68.491583]},"properties":{"appNo":"SP-2025-002213","applicant":"NORDLAKS HAVBRUK AS","orgNo":"929911946","type":"CHANGE_SITE","kind":"Endring av lokalitet for laks, ørret og regnbueørret i sjø.","status":"SUBMITTED","submitted":"2025-10-31","loknr":13782,"navn":"HELGENESHAMN","kommune":"Hadsel","fylke":"Nordland","biomass":3120,"plannedProd":3500,"feed":4000,"cycleMonths":17,"netDepth":4500,"netType":"I utgangspunktet vanlige spissposer i nylon, men andre materialer kan også være aktuelt. Vanligvis 100m omkrets. Sylinderformede nøter kan også være aktuelt.","netTreatment":"Nøtene er som regel behandlet med impregnering med relativt lav kobber%, eks LG360 og Netrex AF.","species":"Laks, Ørret, Regnbueørret","prodArea":"Vestfjorden og Vesterålen","licences":"N-V-0010","url":"https://www.fiskeridir.no/akvakultur/akvakultursoknader/sp-2025-002213","apiStatus":"SUBMITTED","typeCode":"CHANGE_SITE","createdAt":"2025-10-31","result":null,"evaluationFinishedAt":null,"evaluation":[{"org":"Kystverket","responsible":false,"decisions":[{"result":"NO_DECISION","at":"2026-05-20"}],"statements":[]},{"org":"Mattilsynet","responsible":false,"decisions":[],"statements":[]},{"org":"Fiskeridirektoratet","responsible":false,"decisions":[],"statements":[{"at":"2026-03-01"}]},{"org":"Statsforvalteren i Nordland","responsible":false,"decisions":[],"statements":[]},{"org":"Nordland fylkeskommune","responsible":true,"decisions":[],"statements":[]},{"org":"Statsforvalteren i Rogaland","responsible":false,"decisions":[],"statements":[]}]}},{"type":"Feature","geometry":{"type":"Point","coordinates":[5.828328,59.747752]},"properties":{"appNo":"SP-2025-002255","applicant":"STERLING WHITE HALIBUT AS","orgNo":"983356494","type":"OTHER_FISH_SPECIES","kind":"Ny tillatelse til andre fiskearter enn laks, ørret og regnbueørret.","status":"RETURNED","submitted":"2025-11-14","navn":"Toftekalven","kommune":"Kvinnherad","fylke":"Vestland","areaChanged":true,"biomass":3120,"plannedProd":2950,"feed":3245,"cycleMonths":31,"netDepth":4000,"netType":"Sylinderpose med omkrets 165 meter. Omkrets bunn er 157 meter. Maskeåpning 50 mm med bruddstyrke 210 kg (testet i hht. ISO 1806).","netTreatment":"Aquanet B30","species":"kveite","url":"https://www.fiskeridir.no/akvakultur/akvakultursoknader/sp-2025-002255","apiStatus":"RETURNED","typeCode":"OTHER_FISH_SPECIES","createdAt":"2025-11-14","result":null,"evaluationFinishedAt":null,"evaluation":[{"org":"Vestland fylkeskommune","responsible":true,"decisions":[],"statements":[]}]}},{"type":"Feature","geometry":{"type":"Point","coordinates":[6.643892,58.270107]},"properties":{"appNo":"SP-2025-002288","applicant":"MOWI ASA","orgNo":"964118191","type":"LAND_BASED_AQUACULTURE","kind":"Akvakultur på land","status":"SUBMITTED","submitted":"2025-11-20","navn":"FJELLSÆ I","kommune":"Flekkefjord","fylke":"Agder","species":"laks","url":"https://www.fiskeridir.no/akvakultur/akvakultursoknader/sp-2025-002288","apiStatus":"SUBMITTED","typeCode":"LAND_BASED_AQUACULTURE","createdAt":"2025-11-20","result":null,"evaluationFinishedAt":null,"evaluation":[{"org":"Agder fylkeskommune","responsible":true,"decisions":[],"statements":[]}]}},{"type":"Feature","geometry":{"type":"Point","coordinates":[8.3125,61.636389]},"properties":{"appNo":"SP-2025-002290","applicant":"SEASHORE SJØ AS","orgNo":"836597702","type":"SPECIAL_INTENTION","kind":"Særlige formå","status":"SUBMITTED","submitted":"2025-11-21","url":"https://www.fiskeridir.no/akvakultur/akvakultursoknader/sp-2025-002290","apiStatus":"SUBMITTED","typeCode":"SPECIAL_INTENTION","createdAt":"2025-11-21","result":null,"evaluationFinishedAt":null,"evaluation":[{"org":"Fiskeridirektoratet","responsible":true,"decisions":[],"statements":[]}]}},{"type":"Feature","geometry":{"type":"Point","coordinates":[12.135,65.471383]},"properties":{"appNo":"SP-2025-002291","applicant":"CODFARM AS","orgNo":"919228288","type":"OTHER_FISH_SPECIES","kind":"Ny tillatelse til andre fiskearter enn laks, ørret og regnbueørret.","status":"SUBMITTED","submitted":"2025-12-02","loknr":10898,"navn":"LAMHOLMEN","kommune":"Brønnøy","fylke":"Nordland","biomass":10,"plannedProd":10,"feed":7,"cycleMonths":12,"species":"torsk","prodArea":"Helgeland til Bodø","url":"https://www.fiskeridir.no/akvakultur/akvakultursoknader/sp-2025-002291","apiStatus":"SUBMITTED","typeCode":"OTHER_FISH_SPECIES","createdAt":"2025-11-24","result":null,"evaluationFinishedAt":null,"evaluation":[{"org":"Nordland fylkeskommune","responsible":true,"decisions":[],"statements":[]},{"org":"Kystverket","responsible":false,"decisions":[{"result":"NO_DECISION","at":"2026-02-20"}],"statements":[]},{"org":"Mattilsynet","responsible":false,"decisions":[{"result":"GRANTED","at":"2026-03-17"}],"statements":[]},{"org":"Statsforvalteren i Nordland","responsible":false,"decisions":[{"result":"FOLLOWS_REGULATIONS","at":"2026-02-12"}],"statements":[]},{"org":"Brønnøy kommune","responsible":false,"decisions":[],"statements":[]},{"org":"Fiskeridirektoratet","responsible":false,"decisions":[],"statements":[{"at":"2026-02-25"}]}]}},{"type":"Feature","geometry":{"type":"Point","coordinates":[5.7915,58.50695]},"properties":{"appNo":"SP-2025-002293","applicant":"SIREVÅG LAKS AS","orgNo":"932081393","type":"LAND_BASED_AQUACULTURE","kind":"Akvakultur på land","status":"SUBMITTED","submitted":"2025-11-24","navn":"Sirevåg Laks","kommune":"Hå","fylke":"Rogaland","species":"laks","url":"https://www.fiskeridir.no/akvakultur/akvakultursoknader/sp-2025-002293","apiStatus":"SUBMITTED","typeCode":"LAND_BASED_AQUACULTURE","createdAt":"2025-11-24","result":null,"evaluationFinishedAt":null,"evaluation":[{"org":"Rogaland fylkeskommune","responsible":true,"decisions":[],"statements":[]},{"org":"Kystverket","responsible":false,"decisions":[],"statements":[]},{"org":"Mattilsynet","responsible":false,"decisions":[],"statements":[]},{"org":"Hå kommune","responsible":false,"decisions":[],"statements":[]},{"org":"Statsforvalteren i Rogaland","responsible":false,"decisions":[],"statements":[]},{"org":"Fiskeridirektoratet","responsible":false,"decisions":[],"statements":[]}]}},{"type":"Feature","geometry":{"type":"Point","coordinates":[5.104783,59.8958]},"properties":{"appNo":"SP-2025-002296","applicant":"EIDE BRANDASUND AS","orgNo":"933312550","type":"CHANGE_SITE","kind":"Endring av lokalitet for laks, ørret og regnbueørret i sjø.","status":"SUBMITTED","submitted":"2026-03-16","loknr":16281,"navn":"KASTEVIKA","kommune":"Bømlo","fylke":"Vestland","biomass":1200,"plannedProd":0,"feed":0,"cycleMonths":12,"netDepth":1400,"netType":"Standard notlin, nylon, uimpregnert.","netTreatment":"Ikkje aktuelt","species":"Laks, Ørret, Regnbueørret","url":"https://www.fiskeridir.no/akvakultur/akvakultursoknader/sp-2025-002296","apiStatus":"SUBMITTED","typeCode":"CHANGE_SITE","createdAt":"2025-11-26","result":null,"evaluationFinishedAt":null,"evaluation":[{"org":"Vestland fylkeskommune","responsible":true,"decisions":[],"statements":[]},{"org":"Kystverket","responsible":false,"decisions":[{"result":"NO_DECISION","at":"2026-03-31"}],"statements":[]},{"org":"Mattilsynet","responsible":false,"decisions":[],"statements":[]},{"org":"Statsforvalteren i Vestland","responsible":false,"decisions":[{"result":"NO_DECISION","at":"2026-05-18"}],"statements":[{"at":"2026-05-18"}]},{"org":"Bømlo kommune","responsible":false,"decisions":[],"statements":[{"at":"2026-06-30"}]},{"org":"Fiskeridirektoratet","responsible":false,"decisions":[],"statements":[{"at":"2026-07-10"}]}]}},{"type":"Feature","geometry":{"type":"Point","coordinates":[10.425907,64.406499]},"properties":{"appNo":"SP-2025-002298","applicant":"NORCOD AS","orgNo":"821489962","type":"OTHER_FISH_SPECIES","kind":"Ny tillatelse til andre fiskearter enn laks, ørret og regnbueørret.","status":"SUBMITTED","submitted":"2025-12-17","navn":"Sandholmtaren","kommune":"Osen","fylke":"Trøndelag","areaChanged":true,"biomass":3599,"plannedProd":4200,"feed":4650,"cycleMonths":22,"netDepth":3000,"netType":"Sylinderposer","netTreatment":"Coating uten kobber, Netkem MP30 eller Steen-Hanssen protect oker","species":"torsk","url":"https://www.fiskeridir.no/akvakultur/akvakultursoknader/sp-2025-002298","apiStatus":"SUBMITTED","typeCode":"OTHER_FISH_SPECIES","createdAt":"2025-11-30","result":null,"evaluationFinishedAt":null,"evaluation":[{"org":"Trøndelag fylkeskommune","responsible":true,"decisions":[],"statements":[]},{"org":"Kystverket","responsible":false,"decisions":[],"statements":[]},{"org":"Mattilsynet","responsible":false,"decisions":[],"statements":[]},{"org":"Osen kommune","responsible":false,"decisions":[],"statements":[{"at":"2026-06-26"}]},{"org":"Statsforvalteren i Trøndelag","responsible":false,"decisions":[],"statements":[]},{"org":"Fiskeridirektoratet","responsible":false,"decisions":[],"statements":[]}]}},{"type":"Feature","geometry":{"type":"Point","coordinates":[8.3125,61.636389]},"properties":{"appNo":"SP-2025-002332","applicant":"SALMO INNOVATION AS","orgNo":"915021352","type":"SPECIAL_INTENTION","kind":"Særlige formå","status":"SUBMITTED","submitted":"2025-12-08","url":"https://www.fiskeridir.no/akvakultur/akvakultursoknader/sp-2025-002332","apiStatus":"SUBMITTED","typeCode":"SPECIAL_INTENTION","createdAt":"2025-12-08","result":null,"evaluationFinishedAt":null,"evaluation":[{"org":"Fiskeridirektoratet","responsible":true,"decisions":[],"statements":[]}]}},{"type":"Feature","geometry":{"type":"Point","coordinates":[25.005956,70.914879]},"properties":{"appNo":"SP-2025-002333","applicant":"CERMAQ NORWAY SALMON AS","orgNo":"930152366","type":"CHANGE_SITE","kind":"Endring av lokalitet for laks, ørret og regnbueørret i sjø.","status":"SUBMITTED","submitted":"2025-12-12","loknr":32797,"navn":"ELVEVIKA","kommune":"Måsøy","fylke":"Finnmark","areaChanged":true,"plannedProd":5580,"feed":6630,"cycleMonths":22,"netDepth":4000,"netType":"Oppdrettsposen er en sylinderformet notpose i Dyneema, og tilpasset bruk i åpne merder med synkering. Dyneema-materialet gir høy styrke, lav vekt og god rømmingssikkerhet. Posen holdes utspent av flytering i overflaten og synkering i bunn, noe som sikrer stabil geometri og god vannutskiftning selv ved strøm. Notlinet er dimensjonert etter gjeldende krav (NYTEK/NS 9415), og konstruksjonen er tilrettelagt for effektiv inspeksjon og drift. Utformingen representerer standard industriell løsning for åpne merder i eksponerte områder.","netTreatment":"Netwax NI Gold, vannbasert BPR-godkjent.","species":"Laks, Ørret, Regnbueørret","prodArea":"Vest-Finnmark","licences":"F-A-0011,F-A-0034,F-A-0036,F-A-0039,F-A-0040,F-A-0041,F-A-0042,F-A-0055,F-H-0020,F-H-0021,F-HV-0003,F-KD-0008,F-KD-0027,F-KD-0029,F-KD-0031,F-KD-0032,F-L-0001,F-L-0004,F-L-0021,F-L-0035,F-L-0036,F-M-0021,F-M-0023,F-M-0045,F-M-0046,F-M-0047,F-M-0048,TF-A-0","url":"https://www.fiskeridir.no/akvakultur/akvakultursoknader/sp-2025-002333","apiStatus":"SUBMITTED","typeCode":"CHANGE_SITE","createdAt":"2025-12-12","result":null,"evaluationFinishedAt":null,"evaluation":[{"org":"Finnmark fylkeskommune","responsible":true,"decisions":[],"statements":[]}]}},{"type":"Feature","geometry":{"type":"Point","coordinates":[5.316667,59.618833]},"properties":{"appNo":"SP-2025-002334","applicant":"NASJONALT SENTER FOR UTVIKLING AV NYE MARINE OPPDRETTSARTER NUM AS","orgNo":"933725391","type":"LAND_BASED_AQUACULTURE","kind":"Akvakultur på land","status":"SUBMITTED","submitted":"2025-12-12","navn":"Tjernagel","kommune":"Sveio","fylke":"Vestland","species":"drøbaksjøpiggsvin","url":"https://www.fiskeridir.no/akvakultur/akvakultursoknader/sp-2025-002334","apiStatus":"SUBMITTED","typeCode":"LAND_BASED_AQUACULTURE","createdAt":"2025-12-12","result":null,"evaluationFinishedAt":null,"evaluation":[{"org":"Vestland fylkeskommune","responsible":true,"decisions":[],"statements":[]},{"org":"Kystverket","responsible":false,"decisions":[{"result":"GRANTED","at":"2026-09-10"}],"statements":[]},{"org":"Statsforvalteren i Vestland","responsible":false,"decisions":[],"statements":[]},{"org":"Sveio kommune","responsible":false,"decisions":[],"statements":[{"at":"2026-06-03"}]},{"org":"Fiskeridirektoratet","responsible":false,"decisions":[],"statements":[]}]}},{"type":"Feature","geometry":{"type":"Point","coordinates":[5.801617,61.1936]},"properties":{"appNo":"SP-2025-002337","applicant":"AUSTEVOLL MELAKS AS","orgNo":"959473706","type":"CO_LOCATION_APPLICATION","kind":"Søknad om samlokalisering","status":"RETURNED","submitted":"2025-12-15","loknr":21335,"navn":"FLOTENESET","kommune":"Høyanger","fylke":"Vestland","species":"Laks, Ørret, Regnbueørret","prodArea":"Nordhordland til Stadt","licences":"H-AV-0096","url":"https://www.fiskeridir.no/akvakultur/akvakultursoknader/sp-2025-002337","apiStatus":"RETURNED","typeCode":"CO_LOCATION_APPLICATION","createdAt":"2025-12-15","result":null,"evaluationFinishedAt":null,"evaluation":[{"org":"Vestland fylkeskommune","responsible":true,"decisions":[],"statements":[]}]}},{"type":"Feature","geometry":{"type":"Point","coordinates":[8.3125,61.636389]},"properties":{"appNo":"SP-2025-002342","applicant":"FOLLA ALGER AS","orgNo":"814439062","type":"RESEARCH_EXTENSION","kind":"RESEARCH_EXTENSION","status":"SUBMITTED","submitted":"2025-12-17","url":"https://www.fiskeridir.no/akvakultur/akvakultursoknader/sp-2025-002342","apiStatus":"SUBMITTED","typeCode":"RESEARCH_EXTENSION","createdAt":"2025-12-17","result":null,"evaluationFinishedAt":null,"evaluation":[{"org":"Fiskeridirektoratet","responsible":true,"decisions":[],"statements":[]}]}},{"type":"Feature","geometry":{"type":"Point","coordinates":[17.014024,69.147763]},"properties":{"appNo":"SP-2025-002345","applicant":"FLAKSTADVÅG LAKS AS","orgNo":"858000742","type":"CHANGE_SITE","kind":"Endring av lokalitet for laks, ørret og regnbueørret i sjø.","status":"RETURNED","submitted":"2025-12-22","loknr":11357,"navn":"SKARVBERGET","kommune":"Senja","fylke":"Troms","areaChanged":true,"plannedProd":6500,"feed":8000,"cycleMonths":17,"netDepth":5500,"netType":"Tradisjonell drift med åpne merder m/luseskjørt. Det vil brukes spissnøter, og fisken vil fôres fra overflaten.","netTreatment":"Biocidfri coating (NetCoating PLUS fra SteenHansen) som er tillatt for bruk i økologisk produksjon.","species":"Laks, Ørret, Regnbueørret","prodArea":"Andøya til Senja","url":"https://www.fiskeridir.no/akvakultur/akvakultursoknader/sp-2025-002345","apiStatus":"RETURNED","typeCode":"CHANGE_SITE","createdAt":"2025-12-22","result":null,"evaluationFinishedAt":null,"evaluation":[{"org":"Troms fylkeskommune","responsible":true,"decisions":[],"statements":[]}]}},{"type":"Feature","geometry":{"type":"Point","coordinates":[13.262572,66.761458]},"properties":{"appNo":"SP-2025-002347","applicant":"NORCOD AS","orgNo":"821489962","type":"OTHER_FISH_SPECIES","kind":"Ny tillatelse til andre fiskearter enn laks, ørret og regnbueørret.","status":"SUBMITTED","submitted":"2025-12-23","loknr":45073,"navn":"FROSVIKA","kommune":"Meløy","fylke":"Nordland","areaChanged":true,"biomass":5160,"plannedProd":6700,"feed":7900,"cycleMonths":22,"netDepth":3000,"netType":"Sylinderposer","netTreatment":"Coating uten kobber, Netkem MP30 eller Steen-Hanssen protect oker","species":"torsk","url":"https://www.fiskeridir.no/akvakultur/akvakultursoknader/sp-2025-002347","apiStatus":"SUBMITTED","typeCode":"OTHER_FISH_SPECIES","createdAt":"2025-12-23","result":null,"evaluationFinishedAt":null,"evaluation":[{"org":"Nordland fylkeskommune","responsible":true,"decisions":[],"statements":[]},{"org":"Kystverket","responsible":false,"decisions":[],"statements":[]},{"org":"Mattilsynet","responsible":false,"decisions":[],"statements":[]},{"org":"Statsforvalteren i Nordland","responsible":false,"decisions":[],"statements":[]},{"org":"Fiskeridirektoratet","responsible":false,"decisions":[],"statements":[]}]}},{"type":"Feature","geometry":{"type":"Point","coordinates":[29.612958,69.921742]},"properties":{"appNo":"SP-2026-002349","applicant":"LERØY AURORA SJØ AS","orgNo":"930155179","type":"NEW_SITE","kind":"Ny lokalitet for laks, ørret og regnbueørret i sjø.","status":"RETURNED","submitted":"2026-03-13","navn":"Kasterholmen","kommune":"Sør-Varanger","fylke":"Finnmark","areaChanged":true,"biomass":3600,"plannedProd":4000,"feed":4400,"cycleMonths":18,"netDepth":1500,"netType":"Rettvegget sylinderpose, Ø160 meter","netTreatment":"Netwax NI Gold, Netwax E5 Greenline, NetCoating Plus Oker","species":"Laks, Ørret, Regnbueørret","licences":"F-N-0006,F-SV-0008,F-SV-0009,F-SV-0010,F-SV-0011","url":"https://www.fiskeridir.no/akvakultur/akvakultursoknader/sp-2026-002349","apiStatus":"RETURNED","typeCode":"NEW_SITE","createdAt":"2026-01-06","result":null,"evaluationFinishedAt":null,"evaluation":[{"org":"Finnmark fylkeskommune","responsible":true,"decisions":[],"statements":[]}]}},{"type":"Feature","geometry":{"type":"Point","coordinates":[29.426232,70.016817]},"properties":{"appNo":"SP-2026-002350","applicant":"LERØY AURORA SJØ AS","orgNo":"930155179","type":"NEW_SITE","kind":"Ny lokalitet for laks, ørret og regnbueørret i sjø.","status":"RETURNED","submitted":"2026-03-13","navn":"Mattisnes","kommune":"Sør-Varanger","fylke":"Finnmark","areaChanged":true,"biomass":3600,"plannedProd":4000,"feed":4400,"cycleMonths":18,"netDepth":1500,"netType":"Rettvegget sylinderpose, Ø160 meter","netTreatment":"Netwax NI Gold, Netwax E5 Greenline, NetCoating Plus Oker","species":"Laks, Ørret, Regnbueørret","licences":"F-N-0006,F-SV-0008,F-SV-0009,F-SV-0010,F-SV-0011","url":"https://www.fiskeridir.no/akvakultur/akvakultursoknader/sp-2026-002350","apiStatus":"RETURNED","typeCode":"NEW_SITE","createdAt":"2026-01-06","result":null,"evaluationFinishedAt":null,"evaluation":[{"org":"Finnmark fylkeskommune","responsible":true,"decisions":[],"statements":[]}]}},{"type":"Feature","geometry":{"type":"Point","coordinates":[29.568475,69.994825]},"properties":{"appNo":"SP-2026-002351","applicant":"LERØY AURORA SJØ AS","orgNo":"930155179","type":"NEW_SITE","kind":"Ny lokalitet for laks, ørret og regnbueørret i sjø.","status":"SUBMITTED","submitted":"2026-03-13","navn":"Smørvika","kommune":"Sør-Varanger","fylke":"Finnmark","areaChanged":true,"biomass":3600,"plannedProd":4000,"feed":4400,"cycleMonths":18,"netDepth":1500,"netType":"Rettvegget sylinderpose, Ø160 meter","netTreatment":"Netwax NI Gold, Netwax E5 Greenline, NetCoating Plus Oker","species":"Laks, Ørret, Regnbueørret","licences":"F-N-0006,F-SV-0008,F-SV-0009,F-SV-0010,F-SV-0011","url":"https://www.fiskeridir.no/akvakultur/akvakultursoknader/sp-2026-002351","apiStatus":"SUBMITTED","typeCode":"NEW_SITE","createdAt":"2026-01-06","result":null,"evaluationFinishedAt":null,"evaluation":[{"org":"Finnmark fylkeskommune","responsible":true,"decisions":[],"statements":[]}]}},{"type":"Feature","geometry":{"type":"Point","coordinates":[5.801617,61.1936]},"properties":{"appNo":"SP-2026-002386","applicant":"AUSTEVOLL MELAKS AS","orgNo":"959473706","type":"CHANGE_SITE","kind":"Endring av lokalitet for laks, ørret og regnbueørret i sjø.","status":"SUBMITTED","submitted":"2026-01-28","loknr":21335,"navn":"FLOTENESET","kommune":"Høyanger","fylke":"Vestland","plannedProd":1500,"feed":1900,"cycleMonths":12,"netDepth":2200,"netType":"Firkantnøter i stålanlegg","netTreatment":"Coating eller impregnering i fra notleverandør","species":"Laks, Ørret, Regnbueørret","prodArea":"Nordhordland til Stadt","licences":"H-AV-0096","url":"https://www.fiskeridir.no/akvakultur/akvakultursoknader/sp-2026-002386","apiStatus":"SUBMITTED","typeCode":"CHANGE_SITE","createdAt":"2026-01-12","result":null,"evaluationFinishedAt":null,"evaluation":[{"org":"Vestland fylkeskommune","responsible":true,"decisions":[],"statements":[]},{"org":"Kystverket","responsible":false,"decisions":[],"statements":[]},{"org":"Mattilsynet","responsible":false,"decisions":[{"result":"GRANTED","at":"2026-09-14"}],"statements":[]},{"org":"Statsforvalteren i Vestland","responsible":false,"decisions":[],"statements":[]},{"org":"Høyanger kommune","responsible":false,"decisions":[],"statements":[{"at":"2026-05-13"}]},{"org":"Fiskeridirektoratet","responsible":false,"decisions":[],"statements":[{"at":"2026-05-26"}]}]}},{"type":"Feature","geometry":{"type":"Point","coordinates":[17.038389,69.191866]},"properties":{"appNo":"SP-2026-002387","applicant":"FLAKSTADVÅG LAKS AS","orgNo":"858000742","type":"SPECIAL_INTENTION_SITE_CLEARANCE","kind":"SPECIAL_INTENTION_SITE_CLEARANCE","status":"SUBMITTED","submitted":"2026-02-05","kommune":"Senja","fylke":"Troms","url":"https://www.fiskeridir.no/akvakultur/akvakultursoknader/sp-2026-002387","apiStatus":"SUBMITTED","typeCode":"SPECIAL_INTENTION_SITE_CLEARANCE","createdAt":"2026-01-13","result":null,"evaluationFinishedAt":null,"evaluation":[{"org":"Troms fylkeskommune","responsible":true,"decisions":[],"statements":[]},{"org":"Kystverket","responsible":false,"decisions":[],"statements":[]},{"org":"Mattilsynet","responsible":false,"decisions":[],"statements":[]},{"org":"Senja kommune","responsible":false,"decisions":[],"statements":[]},{"org":"Statsforvalteren i Troms og Finnmark","responsible":false,"decisions":[],"statements":[]},{"org":"Fiskeridirektoratet","responsible":false,"decisions":[],"statements":[]}]}},{"type":"Feature","geometry":{"type":"Point","coordinates":[15.400217,68.823767]},"properties":{"appNo":"SP-2026-002390","applicant":"HOLMØY HAVBRUK AS","orgNo":"929535081","type":"CO_LOCATION_APPLICATION","kind":"Søknad om samlokalisering","status":"SUBMITTED","submitted":"2026-01-16","loknr":36118,"navn":"BREMNESØYA","kommune":"Sortland","fylke":"Nordland","species":"Laks, Ørret, Regnbueørret","prodArea":"Vestfjorden og Vesterålen","licences":"N-H-0032","url":"https://www.fiskeridir.no/akvakultur/akvakultursoknader/sp-2026-002390","apiStatus":"SUBMITTED","typeCode":"CO_LOCATION_APPLICATION","createdAt":"2026-01-16","result":null,"evaluationFinishedAt":null,"evaluation":[{"org":"Nordland fylkeskommune","responsible":true,"decisions":[],"statements":[]}]}},{"type":"Feature","geometry":{"type":"Point","coordinates":[10.69651,64.418731]},"properties":{"appNo":"SP-2026-002392","applicant":"MOWI SEAWATER NORWAY AS","orgNo":"921668236","type":"CHANGE_SITE","kind":"Endring av lokalitet for laks, ørret og regnbueørret i sjø.","status":"SUBMITTED","submitted":"2026-02-13","loknr":26795,"navn":"AUSTVIKA","kommune":"Flatanger","fylke":"Trøndelag","areaChanged":true,"plannedProd":7500,"feed":8000,"cycleMonths":18,"netDepth":3500,"netType":"Tradisjonell sylinderpose","netTreatment":"AquaNet Protect","species":"Laks, Ørret, Regnbueørret","prodArea":"Nord-Trøndelag med Bindal","licences":"NT-F-0012,NT-FS-0001","url":"https://www.fiskeridir.no/akvakultur/akvakultursoknader/sp-2026-002392","apiStatus":"SUBMITTED","typeCode":"CHANGE_SITE","createdAt":"2026-01-20","result":null,"evaluationFinishedAt":null,"evaluation":[{"org":"Trøndelag fylkeskommune","responsible":true,"decisions":[],"statements":[]},{"org":"Kystverket","responsible":false,"decisions":[{"result":"GRANTED","at":"2026-07-22"}],"statements":[]},{"org":"Flatanger kommune","responsible":false,"decisions":[],"statements":[{"at":"2026-04-16"}]},{"org":"Statsforvalteren i Trøndelag","responsible":false,"decisions":[],"statements":[]},{"org":"Fiskeridirektoratet","responsible":false,"decisions":[],"statements":[{"at":"2026-06-17"}]}]}},{"type":"Feature","geometry":{"type":"Point","coordinates":[5.801257,61.19342]},"properties":{"appNo":"SP-2026-002393","applicant":"OSLAND SEAFOOD AS","orgNo":"920002218","type":"NEW_SITE","kind":"Ny lokalitet for laks, ørret og regnbueørret i sjø.","status":"SUBMITTED","submitted":"2026-02-19","navn":"Floteneset","kommune":"Høyanger","fylke":"Vestland","areaChanged":true,"biomass":1560,"plannedProd":1200,"feed":1440,"cycleMonths":22,"netDepth":3000,"netType":"Se vedlegg fra Fiizk hvor teknologien er beskrevet.  Noten er på innsiden av duken.","netTreatment":"Lukket enhet med bruk av coating eller annet egnet stoff for å redusere groe. Ikke kobber.","species":"Laks, Ørret, Regnbueørret","licences":"SF-HØ-0001,SF-HØ-0009,SF-HØ-0018","url":"https://www.fiskeridir.no/akvakultur/akvakultursoknader/sp-2026-002393","apiStatus":"SUBMITTED","typeCode":"NEW_SITE","createdAt":"2026-01-21","result":null,"evaluationFinishedAt":null,"evaluation":[{"org":"Vestland fylkeskommune","responsible":true,"decisions":[],"statements":[]},{"org":"Kystverket","responsible":false,"decisions":[],"statements":[]},{"org":"Mattilsynet","responsible":false,"decisions":[{"result":"GRANTED","at":"2026-09-14"}],"statements":[]},{"org":"Statsforvalteren i Vestland","responsible":false,"decisions":[],"statements":[]},{"org":"Høyanger kommune","responsible":false,"decisions":[],"statements":[{"at":"2026-05-13"}]},{"org":"Fiskeridirektoratet","responsible":false,"decisions":[],"statements":[{"at":"2026-05-27"}]}]}},{"type":"Feature","geometry":{"type":"Point","coordinates":[8.3125,61.636389]},"properties":{"appNo":"SP-2026-002398","applicant":"MULTIGEN AKVA AS","orgNo":"928923258","type":"RESEARCH","kind":"RESEARCH","status":"SUBMITTED","submitted":"2026-09-23","url":"https://www.fiskeridir.no/akvakultur/akvakultursoknader/sp-2026-002398","apiStatus":"SUBMITTED","typeCode":"RESEARCH","createdAt":"2026-01-29","result":null,"evaluationFinishedAt":null,"evaluation":[{"org":"Fiskeridirektoratet","responsible":true,"decisions":[],"statements":[]}]}},{"type":"Feature","geometry":{"type":"Point","coordinates":[17.014024,69.147763]},"properties":{"appNo":"SP-2026-002400","applicant":"FLAKSTADVÅG LAKS AS","orgNo":"858000742","type":"CHANGE_SITE","kind":"Endring av lokalitet for laks, ørret og regnbueørret i sjø.","status":"SUBMITTED","submitted":"2026-02-03","loknr":11357,"navn":"SKARVBERGET","kommune":"Senja","fylke":"Troms","areaChanged":true,"plannedProd":6500,"feed":8000,"cycleMonths":17,"netDepth":5500,"netType":"Tradisjonell drift med åpne merder m/luseskjørt. Det vil brukes spissnøter, og fisken vil fôres fra overflaten.","netTreatment":"Biocidfri coating (NetCoating PLUS fra SteenHansen) som er tillatt for bruk i økologisk produksjon.","species":"Laks, Ørret, Regnbueørret","prodArea":"Andøya til Senja","url":"https://www.fiskeridir.no/akvakultur/akvakultursoknader/sp-2026-002400","apiStatus":"SUBMITTED","typeCode":"CHANGE_SITE","createdAt":"2026-02-03","result":null,"evaluationFinishedAt":null,"evaluation":[{"org":"Troms fylkeskommune","responsible":true,"decisions":[],"statements":[]},{"org":"Kystverket","responsible":false,"decisions":[],"statements":[]},{"org":"Mattilsynet","responsible":false,"decisions":[{"result":"NO_DECISION","at":"2026-02-23"}],"statements":[]},{"org":"Senja kommune","responsible":false,"decisions":[],"statements":[]},{"org":"Statsforvalteren i Troms og Finnmark","responsible":false,"decisions":[],"statements":[]},{"org":"Fiskeridirektoratet","responsible":false,"decisions":[],"statements":[]}]}},{"type":"Feature","geometry":{"type":"Point","coordinates":[10.507128,59.77914]},"properties":{"appNo":"SP-2026-002403","applicant":"MILJØSTIFTELSEN BELLONA","orgNo":"948778599","type":"NON_FISH_SPECIES","kind":"Ny tillatelse til andre arter enn fisk","status":"SUBMITTED","submitted":"2026-02-05","navn":"Slemmestad","kommune":"Asker","fylke":"Akershus","areaChanged":true,"species":"sukkertare","url":"https://www.fiskeridir.no/akvakultur/akvakultursoknader/sp-2026-002403","apiStatus":"SUBMITTED","typeCode":"NON_FISH_SPECIES","createdAt":"2026-02-05","result":null,"evaluationFinishedAt":null,"evaluation":[{"org":"Akershus fylkeskommune","responsible":true,"decisions":[{"result":"DENIED","at":"2026-08-11"}],"statements":[]},{"org":"Kystverket","responsible":false,"decisions":[{"result":"GRANTED","at":"2026-06-17"}],"statements":[]},{"org":"Mattilsynet","responsible":false,"decisions":[],"statements":[]},{"org":"Asker kommune","responsible":false,"decisions":[],"statements":[]},{"org":"Statsforvalteren i Østfold, Buskerud, Oslo og Akershus","responsible":false,"decisions":[],"statements":[{"at":"2026-06-17"}]},{"org":"Fiskeridirektoratet","responsible":false,"decisions":[],"statements":[{"at":"2026-06-18"}]}]}},{"type":"Feature","geometry":{"type":"Point","coordinates":[16.305884,68.215886]},"properties":{"appNo":"SP-2026-002404","applicant":"GRATANGLAKS AS","orgNo":"988365777","type":"NEW_SITE","kind":"Ny lokalitet for laks, ørret og regnbueørret i sjø.","status":"SUBMITTED","submitted":"2026-02-05","navn":"Skjellnes","kommune":"Narvik","fylke":"Nordland","areaChanged":true,"biomass":3120,"plannedProd":4056,"feed":4461,"cycleMonths":15,"netDepth":5500,"netType":"Spissnot, bunnring","netTreatment":"Econea B30","species":"Laks, Ørret, Regnbueørret","licences":"N-H-0062","url":"https://www.fiskeridir.no/akvakultur/akvakultursoknader/sp-2026-002404","apiStatus":"SUBMITTED","typeCode":"NEW_SITE","createdAt":"2026-02-05","result":null,"evaluationFinishedAt":null,"evaluation":[{"org":"Nordland fylkeskommune","responsible":true,"decisions":[],"statements":[]},{"org":"Kystverket","responsible":false,"decisions":[],"statements":[]},{"org":"Mattilsynet","responsible":false,"decisions":[],"statements":[]},{"org":"Statsforvalteren i Nordland","responsible":false,"decisions":[],"statements":[]},{"org":"Fiskeridirektoratet","responsible":false,"decisions":[],"statements":[]}]}},{"type":"Feature","geometry":{"type":"Point","coordinates":[15.370299,68.611184]},"properties":{"appNo":"SP-2026-002405","applicant":"NORDLAKS HAVBRUK AS","orgNo":"929911946","type":"CHANGE_SITE","kind":"Endring av lokalitet for laks, ørret og regnbueørret i sjø.","status":"SUBMITTED","submitted":"2026-02-25","loknr":11410,"navn":"LITLEØYA","kommune":"Sortland","fylke":"Nordland","areaChanged":true,"biomass":5000,"plannedProd":5500,"feed":6000,"cycleMonths":17,"netDepth":5500,"netType":"I utgangspunktet vanlige spissposer i nylon, men andre materialer kan også være\naktuelt. Vanligvis 160m omkrets. Sylinderformede nøter kan potensielt være aktuelt i fremtiden.","netTreatment":"Impregnering med lav kobberkonsentrasjon.","species":"Laks, Ørret, Regnbueørret","prodArea":"Vestfjorden og Vesterålen","url":"https://www.fiskeridir.no/akvakultur/akvakultursoknader/sp-2026-002405","apiStatus":"SUBMITTED","typeCode":"CHANGE_SITE","createdAt":"2026-02-06","result":null,"evaluationFinishedAt":null,"evaluation":[{"org":"Nordland fylkeskommune","responsible":true,"decisions":[],"statements":[]},{"org":"Kystverket","responsible":false,"decisions":[{"result":"GRANTED","at":"2026-06-23"}],"statements":[]},{"org":"Mattilsynet","responsible":false,"decisions":[],"statements":[]},{"org":"Statsforvalteren i Nordland","responsible":false,"decisions":[],"statements":[]},{"org":"Fiskeridirektoratet","responsible":false,"decisions":[],"statements":[]}]}},{"type":"Feature","geometry":{"type":"Point","coordinates":[5.445867,59.058]},"properties":{"appNo":"SP-2026-002407","applicant":"GRIEG SEAFOOD FARMING AS","orgNo":"935496578","type":"CHANGE_SITE","kind":"Endring av lokalitet for laks, ørret og regnbueørret i sjø.","status":"SUBMITTED","submitted":"2026-02-06","loknr":14136,"navn":"HESTHOLMEN Ø","kommune":"Kvitsøy","fylke":"Rogaland","biomass":5999,"plannedProd":6000,"feed":7500,"cycleMonths":10,"netDepth":5000,"netType":"Primært spissnot, men kan variere.","netTreatment":"Coating.","species":"Laks, Ørret, Regnbueørret","prodArea":"Ryfylket","url":"https://www.fiskeridir.no/akvakultur/akvakultursoknader/sp-2026-002407","apiStatus":"SUBMITTED","typeCode":"CHANGE_SITE","createdAt":"2026-02-06","result":null,"evaluationFinishedAt":null,"evaluation":[{"org":"Rogaland fylkeskommune","responsible":true,"decisions":[],"statements":[]},{"org":"Kystverket","responsible":false,"decisions":[{"result":"NO_DECISION","at":"2026-06-10"}],"statements":[]},{"org":"Mattilsynet","responsible":false,"decisions":[],"statements":[]},{"org":"Kvitsøy kommune","responsible":false,"decisions":[],"statements":[]},{"org":"Statsforvalteren i Rogaland","responsible":false,"decisions":[{"result":"DENIED","at":"2026-06-17"}],"statements":[]},{"org":"Fiskeridirektoratet","responsible":false,"decisions":[],"statements":[{"at":"2026-05-20"}]}]}},{"type":"Feature","geometry":{"type":"Point","coordinates":[10.506142,59.523092]},"properties":{"appNo":"SP-2026-002408","applicant":"HAVSPIRE AS","orgNo":"935080355","type":"NON_FISH_SPECIES","kind":"Ny tillatelse til andre arter enn fisk","status":"SUBMITTED","submitted":"2026-02-09","navn":"Sandbukta Asker","kommune":"Asker","fylke":"Akershus","areaChanged":true,"species":"sukkertare","url":"https://www.fiskeridir.no/akvakultur/akvakultursoknader/sp-2026-002408","apiStatus":"SUBMITTED","typeCode":"NON_FISH_SPECIES","createdAt":"2026-02-09","result":null,"evaluationFinishedAt":null,"evaluation":[{"org":"Akershus fylkeskommune","responsible":true,"decisions":[],"statements":[]},{"org":"Kystverket","responsible":false,"decisions":[],"statements":[]},{"org":"Mattilsynet","responsible":false,"decisions":[{"result":"GRANTED","at":"2026-06-09"}],"statements":[]},{"org":"Asker kommune","responsible":false,"decisions":[],"statements":[{"at":"2026-05-28"}]},{"org":"Statsforvalteren i Østfold, Buskerud, Oslo og Akershus","responsible":false,"decisions":[],"statements":[{"at":"2026-06-12"}]},{"org":"Fiskeridirektoratet","responsible":false,"decisions":[],"statements":[{"at":"2026-06-08"}]}]}},{"type":"Feature","geometry":{"type":"Point","coordinates":[15.348453,68.604579]},"properties":{"appNo":"SP-2026-002443","applicant":"NORDLAKS HAVBRUK AS","orgNo":"929911946","type":"CHANGE_SITE","kind":"Endring av lokalitet for laks, ørret og regnbueørret i sjø.","status":"SUBMITTED","submitted":"2026-02-12","loknr":33117,"navn":"DJUPVIK","kommune":"Sortland","fylke":"Nordland","areaChanged":true,"biomass":5000,"plannedProd":5500,"feed":6000,"cycleMonths":17,"netDepth":5500,"netType":"I utgangspunktet vanlige spissposer i nylon, men andre materialer kan også være aktuelt. 130m og 160m omkrets. Sylinderformede nøter kan også være aktuelt.","netTreatment":"Primært behandlet med lett kobberimpregnering med lav innblandingsprosent.","species":"Laks, Ørret, Regnbueørret","prodArea":"Vestfjorden og Vesterålen","url":"https://www.fiskeridir.no/akvakultur/akvakultursoknader/sp-2026-002443","apiStatus":"SUBMITTED","typeCode":"CHANGE_SITE","createdAt":"2026-02-12","result":null,"evaluationFinishedAt":null,"evaluation":[{"org":"Nordland fylkeskommune","responsible":true,"decisions":[],"statements":[]},{"org":"Kystverket","responsible":false,"decisions":[{"result":"GRANTED","at":"2026-06-23"}],"statements":[]},{"org":"Mattilsynet","responsible":false,"decisions":[],"statements":[]},{"org":"Statsforvalteren i Nordland","responsible":false,"decisions":[],"statements":[]},{"org":"Fiskeridirektoratet","responsible":false,"decisions":[],"statements":[]}]}},{"type":"Feature","geometry":{"type":"Point","coordinates":[12.888433,66.532867]},"properties":{"appNo":"SP-2026-002444","applicant":"KVARØY FISKEOPPDRETT A/S","orgNo":"947672134","type":"CHANGE_SITE","kind":"Endring av lokalitet for laks, ørret og regnbueørret i sjø.","status":"SUBMITTED","submitted":"2026-02-17","loknr":33657,"navn":"MOVIKODDEN N","kommune":"Lurøy","fylke":"Nordland","biomass":4680,"plannedProd":7020,"feed":7722,"cycleMonths":16,"netDepth":3500,"netType":"Sylindernøter, smolt not og storfisknot. \nNedlodding ved hjelp av bunnring med glideloddsystem.","netTreatment":"Netpolish NP Quick","species":"Laks, Ørret, Regnbueørret","prodArea":"Helgeland til Bodø","url":"https://www.fiskeridir.no/akvakultur/akvakultursoknader/sp-2026-002444","apiStatus":"SUBMITTED","typeCode":"CHANGE_SITE","createdAt":"2026-02-17","result":null,"evaluationFinishedAt":null,"evaluation":[{"org":"Nordland fylkeskommune","responsible":true,"decisions":[],"statements":[]},{"org":"Kystverket","responsible":false,"decisions":[{"result":"NO_DECISION","at":"2026-06-10"}],"statements":[]},{"org":"Mattilsynet","responsible":false,"decisions":[],"statements":[]},{"org":"Lurøy kommune","responsible":false,"decisions":[],"statements":[{"at":"2026-06-15"}]},{"org":"Statsforvalteren i Nordland","responsible":false,"decisions":[],"statements":[]},{"org":"Fiskeridirektoratet","responsible":false,"decisions":[],"statements":[]}]}},{"type":"Feature","geometry":{"type":"Point","coordinates":[11.290017,64.88565]},"properties":{"appNo":"SP-2026-002445","applicant":"POLAR PRAWNS AS","orgNo":"930901180","type":"LAND_BASED_AQUACULTURE","kind":"Akvakultur på land","status":"SUBMITTED","submitted":"2026-06-09","navn":"Kråkøysundet","kommune":"Nærøysund","fylke":"Trøndelag","species":"unknown","url":"https://www.fiskeridir.no/akvakultur/akvakultursoknader/sp-2026-002445","apiStatus":"SUBMITTED","typeCode":"LAND_BASED_AQUACULTURE","createdAt":"2026-02-17","result":null,"evaluationFinishedAt":null,"evaluation":[{"org":"Trøndelag fylkeskommune","responsible":true,"decisions":[],"statements":[]},{"org":"Nærøysund kommune","responsible":false,"decisions":[],"statements":[]},{"org":"Kystverket","responsible":false,"decisions":[],"statements":[]},{"org":"Mattilsynet","responsible":false,"decisions":[],"statements":[]},{"org":"Statsforvalteren i Trøndelag","responsible":false,"decisions":[],"statements":[]},{"org":"Fiskeridirektoratet","responsible":false,"decisions":[],"statements":[]}]}},{"type":"Feature","geometry":{"type":"Point","coordinates":[14.418362,67.399734]},"properties":{"appNo":"SP-2026-002446","applicant":"LOFOTEN SJØPRODUKTER AS","orgNo":"943609551","type":"NEW_SITE","kind":"Ny lokalitet for laks, ørret og regnbueørret i sjø.","status":"SUBMITTED","submitted":"2026-02-17","navn":"Kalvøya Midt","kommune":"Bodø","fylke":"Nordland","areaChanged":true,"biomass":2340,"plannedProd":3500,"feed":4200,"cycleMonths":22,"netDepth":4500,"netType":"Spisspose","netTreatment":"Coating","species":"Laks, Ørret, Regnbueørret","licences":"N-VV-0005,N-VV-0006,N-VV-0059,N-VV-0065,N-VV-0068,N-VV-0069,N-VV-0073","url":"https://www.fiskeridir.no/akvakultur/akvakultursoknader/sp-2026-002446","apiStatus":"SUBMITTED","typeCode":"NEW_SITE","createdAt":"2026-02-17","result":null,"evaluationFinishedAt":null,"evaluation":[{"org":"Nordland fylkeskommune","responsible":true,"decisions":[],"statements":[]},{"org":"Kystverket","responsible":false,"decisions":[{"result":"GRANTED","at":"2026-07-22"}],"statements":[]},{"org":"Mattilsynet","responsible":false,"decisions":[],"statements":[]},{"org":"Statsforvalteren i Nordland","responsible":false,"decisions":[],"statements":[]},{"org":"Bodø kommune","responsible":false,"decisions":[],"statements":[{"at":"2026-06-15"}]},{"org":"Fiskeridirektoratet","responsible":false,"decisions":[],"statements":[]}]}},{"type":"Feature","geometry":{"type":"Point","coordinates":[15.368483,67.605683]},"properties":{"appNo":"SP-2026-002449","applicant":"MOWI ASA","orgNo":"964118191","type":"SPECIAL_INTENTION_SITE_CLEARANCE","kind":"SPECIAL_INTENTION_SITE_CLEARANCE","status":"SUBMITTED","submitted":"2026-02-19","kommune":"Sørfold","fylke":"Nordland","url":"https://www.fiskeridir.no/akvakultur/akvakultursoknader/sp-2026-002449","apiStatus":"SUBMITTED","typeCode":"SPECIAL_INTENTION_SITE_CLEARANCE","createdAt":"2026-02-19","result":null,"evaluationFinishedAt":null,"evaluation":[{"org":"Nordland fylkeskommune","responsible":true,"decisions":[],"statements":[]}]}},{"type":"Feature","geometry":{"type":"Point","coordinates":[5.417297,62.11595]},"properties":{"appNo":"SP-2026-002450","applicant":"MOWI SEAWATER NORWAY AS","orgNo":"921668236","type":"CHANGE_SITE","kind":"Endring av lokalitet for laks, ørret og regnbueørret i sjø.","status":"SUBMITTED","submitted":"2026-02-26","loknr":12237,"navn":"BRUDEVIKA","kommune":"Vanylven","fylke":"Møre og Romsdal","areaChanged":true,"plannedProd":7000,"feed":7700,"cycleMonths":20,"netDepth":3600,"netType":"Sylindernot","netTreatment":"Ubehandlet","species":"Laks, Ørret, Regnbueørret","prodArea":"Stadt til Hustadvika","url":"https://www.fiskeridir.no/akvakultur/akvakultursoknader/sp-2026-002450","apiStatus":"SUBMITTED","typeCode":"CHANGE_SITE","createdAt":"2026-02-19","result":null,"evaluationFinishedAt":null,"evaluation":[{"org":"Vanylven kommune","responsible":false,"decisions":[],"statements":[{"at":"2026-06-01"}]},{"org":"Kystverket","responsible":false,"decisions":[{"result":"GRANTED","at":"2026-06-16"}],"statements":[]},{"org":"Statsforvalteren i Møre og Romsdal","responsible":false,"decisions":[],"statements":[]},{"org":"Fiskeridirektoratet","responsible":false,"decisions":[],"statements":[{"at":"2026-06-05"}]},{"org":"Møre og Romsdal fylkeskommune","responsible":true,"decisions":[],"statements":[]}]}},{"type":"Feature","geometry":{"type":"Point","coordinates":[12.191314,65.832664]},"properties":{"appNo":"SP-2026-002451","applicant":"AKVAFUTURE AS","orgNo":"996482537","type":"NEW_SITE","kind":"Ny lokalitet for laks, ørret og regnbueørret i sjø.","status":"SUBMITTED","submitted":"2026-02-19","navn":"Kalvøya","kommune":"Alstahaug","fylke":"Nordland","areaChanged":true,"biomass":2184,"plannedProd":2400,"feed":2700,"cycleMonths":18,"netDepth":2000,"netType":"Det skal benyttes selskapets lukkede merder, Akvapods. Dette vil si at fisken befinner seg i en lukket barriere som fylles med vann fra dypet. Posematerialet er av fiberforsterket duk og er mer rømningssikkert enn en ordinær not. Det er i tillegg til dette en vanlig oppdrettsnot utenpå posen, som skal fungere som en ekstra sikring mot rømming og sedimenteringskammer for slam.","netTreatment":"Hverken pose eller not er impregnert med kobber eller andre antigroekjemikalier.","species":"Laks, Ørret, Regnbueørret","licences":"N-VS-0013,N-VS-0014,N-VS-0015","url":"https://www.fiskeridir.no/akvakultur/akvakultursoknader/sp-2026-002451","apiStatus":"SUBMITTED","typeCode":"NEW_SITE","createdAt":"2026-02-19","result":null,"evaluationFinishedAt":null,"evaluation":[{"org":"Nordland fylkeskommune","responsible":true,"decisions":[],"statements":[]},{"org":"Kystverket","responsible":false,"decisions":[{"result":"GRANTED","at":"2026-05-21"}],"statements":[]},{"org":"Mattilsynet","responsible":false,"decisions":[{"result":"GRANTED","at":"2026-09-03"}],"statements":[]},{"org":"Statsforvalteren i Nordland","responsible":false,"decisions":[],"statements":[]},{"org":"Fiskeridirektoratet","responsible":false,"decisions":[],"statements":[]}]}},{"type":"Feature","geometry":{"type":"Point","coordinates":[12.412408,66.400748]},"properties":{"appNo":"SP-2026-002453","applicant":"LOVUNDLAKS SJØ AS","orgNo":"929601610","type":"CHANGE_SITE","kind":"Endring av lokalitet for laks, ørret og regnbueørret i sjø.","status":"SUBMITTED","submitted":"2026-03-27","loknr":10974,"navn":"STORE BUKKØY N","kommune":"Lurøy","fylke":"Nordland","areaChanged":true,"plannedProd":3500,"feed":4200,"cycleMonths":10,"netDepth":1000,"netType":"Sylinderpose - 12 og 15 meter til blyet + 10 til 12 meter til senter av bunn.","netTreatment":"Coating","species":"Laks, Ørret, Regnbueørret","prodArea":"Helgeland til Bodø","url":"https://www.fiskeridir.no/akvakultur/akvakultursoknader/sp-2026-002453","apiStatus":"SUBMITTED","typeCode":"CHANGE_SITE","createdAt":"2026-02-23","result":null,"evaluationFinishedAt":null,"evaluation":[{"org":"Nordland fylkeskommune","responsible":true,"decisions":[],"statements":[]},{"org":"Kystverket","responsible":false,"decisions":[],"statements":[]},{"org":"Lurøy kommune","responsible":false,"decisions":[],"statements":[]},{"org":"Statsforvalteren i Nordland","responsible":false,"decisions":[],"statements":[]},{"org":"Fiskeridirektoratet","responsible":false,"decisions":[],"statements":[]}]}},{"type":"Feature","geometry":{"type":"Point","coordinates":[13.018317,66.420867]},"properties":{"appNo":"SP-2026-002454","applicant":"KVARØY FISKEOPPDRETT A/S","orgNo":"947672134","type":"CHANGE_SITE","kind":"Endring av lokalitet for laks, ørret og regnbueørret i sjø.","status":"SUBMITTED","submitted":"2026-03-17","loknr":17235,"navn":"ØRNES","kommune":"Lurøy","fylke":"Nordland","biomass":4680,"plannedProd":7020,"feed":7722,"cycleMonths":16,"netDepth":3500,"netType":"Sylindernøter, smolt not og storfisknot.\nNedlodding ved hjelp av bunnring med glideloddsystem.","netTreatment":"Netpolish NP Quick","species":"Laks, Ørret, Regnbueørret","prodArea":"Helgeland til Bodø","url":"https://www.fiskeridir.no/akvakultur/akvakultursoknader/sp-2026-002454","apiStatus":"SUBMITTED","typeCode":"CHANGE_SITE","createdAt":"2026-02-23","result":null,"evaluationFinishedAt":null,"evaluation":[{"org":"Nordland fylkeskommune","responsible":true,"decisions":[],"statements":[]},{"org":"Kystverket","responsible":false,"decisions":[],"statements":[]},{"org":"Mattilsynet","responsible":false,"decisions":[],"statements":[]},{"org":"Lurøy kommune","responsible":false,"decisions":[],"statements":[{"at":"2026-09-11"}]},{"org":"Statsforvalteren i Nordland","responsible":false,"decisions":[],"statements":[]},{"org":"Fiskeridirektoratet","responsible":false,"decisions":[],"statements":[]}]}},{"type":"Feature","geometry":{"type":"Point","coordinates":[13.110071,66.629479]},"properties":{"appNo":"SP-2026-002455","applicant":"NOVA SEA HAVBRUK AS","orgNo":"827248312","type":"MINOR_AREA_CHANGES","kind":"Endring av flåte eller forankring","status":"SUBMITTED","submitted":"2026-06-02","loknr":45140,"navn":"NORDSKAFTET","kommune":"Rødøy","fylke":"Nordland","areaChanged":true,"prodArea":"Helgeland til Bodø","url":"https://www.fiskeridir.no/akvakultur/akvakultursoknader/sp-2026-002455","apiStatus":"SUBMITTED","typeCode":"MINOR_AREA_CHANGES","createdAt":"2026-02-24","result":null,"evaluationFinishedAt":null,"evaluation":[{"org":"Nordland fylkeskommune","responsible":true,"decisions":[],"statements":[]},{"org":"Kystverket","responsible":false,"decisions":[{"result":"GRANTED","at":"2026-09-17"}],"statements":[]},{"org":"Statsforvalteren i Nordland","responsible":false,"decisions":[{"result":"FOLLOWS_REGULATIONS","at":"2026-06-08"}],"statements":[]},{"org":"Rødøy kommune","responsible":false,"decisions":[],"statements":[{"at":"2026-08-18"}]},{"org":"Fiskeridirektoratet","responsible":false,"decisions":[],"statements":[]}]}},{"type":"Feature","geometry":{"type":"Point","coordinates":[31.037589,70.36083]},"properties":{"appNo":"SP-2026-002456","applicant":"GAMST SHILOVA AS","orgNo":"925795089","type":"LAND_BASED_AQUACULTURE","kind":"Akvakultur på land","status":"SUBMITTED","submitted":"2026-03-09","navn":"SVARTNES","kommune":"Vardø","fylke":"Finnmark","species":"kongekrabbe","url":"https://www.fiskeridir.no/akvakultur/akvakultursoknader/sp-2026-002456","apiStatus":"SUBMITTED","typeCode":"LAND_BASED_AQUACULTURE","createdAt":"2026-02-25","result":null,"evaluationFinishedAt":null,"evaluation":[{"org":"Finnmark fylkeskommune","responsible":true,"decisions":[{"result":"GRANTED","at":"2026-08-12"}],"statements":[]},{"org":"Kystverket","responsible":false,"decisions":[{"result":"NO_DECISION","at":"2026-05-19"}],"statements":[]},{"org":"Mattilsynet","responsible":false,"decisions":[{"result":"GRANTED","at":"2026-07-07"}],"statements":[]},{"org":"Statsforvalteren i Troms og Finnmark","responsible":false,"decisions":[{"result":"GRANTED","at":"2026-05-20"}],"statements":[]},{"org":"Fiskeridirektoratet","responsible":false,"decisions":[],"statements":[{"at":"2026-05-13"}]}]}},{"type":"Feature","geometry":{"type":"Point","coordinates":[12.032152,65.245119]},"properties":{"appNo":"SP-2026-002458","applicant":"AKVAFUTURE AS","orgNo":"996482537","type":"NEW_SITE","kind":"Ny lokalitet for laks, ørret og regnbueørret i sjø.","status":"SUBMITTED","submitted":"2026-02-27","navn":"Rossvika","kommune":"Sømna","fylke":"Nordland","areaChanged":true,"biomass":2184,"plannedProd":2400,"feed":2700,"cycleMonths":18,"netDepth":2000,"netType":"Det skal benyttes selskapets lukkede merder, Akvapods. Dette vil si at fisken befinner seg i en lukket barriere som fylles med vann fra dypet. Posematerialet er av fiberforsterket duk og er mer rømningssikkert enn en ordinær not. Det er i tillegg til dette en vanlig oppdrettsnot utenpå posen, som skal fungere som en ekstra sikring mot rømming og sedimenteringskammer for slam.","netTreatment":"Hverken pose eller not er impregnert med kobber eller andre antigroekjemikalier.","species":"Laks, Ørret, Regnbueørret","licences":"N-VS-0013,N-VS-0014,N-VS-0015","url":"https://www.fiskeridir.no/akvakultur/akvakultursoknader/sp-2026-002458","apiStatus":"SUBMITTED","typeCode":"NEW_SITE","createdAt":"2026-02-27","result":null,"evaluationFinishedAt":null,"evaluation":[{"org":"Nordland fylkeskommune","responsible":true,"decisions":[],"statements":[]},{"org":"Kystverket","responsible":false,"decisions":[],"statements":[]},{"org":"Mattilsynet","responsible":false,"decisions":[],"statements":[]},{"org":"Statsforvalteren i Nordland","responsible":false,"decisions":[],"statements":[]},{"org":"Fiskeridirektoratet","responsible":false,"decisions":[],"statements":[]}]}},{"type":"Feature","geometry":{"type":"Point","coordinates":[12.941557,66.463571]},"properties":{"appNo":"SP-2026-002460","applicant":"KVARØY FISKEOPPDRETT A/S","orgNo":"947672134","type":"CHANGE_SITE","kind":"Endring av lokalitet for laks, ørret og regnbueørret i sjø.","status":"RETURNED","submitted":"2026-03-05","loknr":13765,"navn":"BREIVIKEN","kommune":"Lurøy","fylke":"Nordland","areaChanged":true,"biomass":3120,"plannedProd":5300,"feed":5850,"cycleMonths":16,"netDepth":3500,"netType":"Sylindernøter, smolt og storfisknot. \nNedlodding ved hjelp av bunnring med glideloddsytem.","netTreatment":"Netpolish NP Quick","species":"Laks, Ørret, Regnbueørret","prodArea":"Helgeland til Bodø","url":"https://www.fiskeridir.no/akvakultur/akvakultursoknader/sp-2026-002460","apiStatus":"RETURNED","typeCode":"CHANGE_SITE","createdAt":"2026-03-05","result":null,"evaluationFinishedAt":null,"evaluation":[{"org":"Nordland fylkeskommune","responsible":true,"decisions":[],"statements":[]}]}},{"type":"Feature","geometry":{"type":"Point","coordinates":[12.84965,66.5896]},"properties":{"appNo":"SP-2026-002462","applicant":"SELSØYVIK HAVBRUK AS","orgNo":"996236625","type":"CHANGE_SITE","kind":"Endring av lokalitet for laks, ørret og regnbueørret i sjø.","status":"SUBMITTED","submitted":"2026-03-06","loknr":36517,"navn":"SELSØYVÆR","kommune":"Rødøy","fylke":"Nordland","biomass":4850,"plannedProd":6500,"feed":7500,"cycleMonths":20,"netDepth":3500,"netType":"Sylindernøter, smolt not og storfisknot.\nNedlodding ved hjelp av bunnring med glideloddsystem.","netTreatment":"Netpolish NP Quick","species":"Laks, Ørret, Regnbueørret","prodArea":"Helgeland til Bodø","url":"https://www.fiskeridir.no/akvakultur/akvakultursoknader/sp-2026-002462","apiStatus":"SUBMITTED","typeCode":"CHANGE_SITE","createdAt":"2026-03-06","result":null,"evaluationFinishedAt":null,"evaluation":[{"org":"Nordland fylkeskommune","responsible":true,"decisions":[],"statements":[]},{"org":"Kystverket","responsible":false,"decisions":[],"statements":[]},{"org":"Mattilsynet","responsible":false,"decisions":[],"statements":[]},{"org":"Statsforvalteren i Nordland","responsible":false,"decisions":[],"statements":[]},{"org":"Fiskeridirektoratet","responsible":false,"decisions":[],"statements":[]}]}},{"type":"Feature","geometry":{"type":"Point","coordinates":[12.736517,66.72622]},"properties":{"appNo":"SP-2026-002463","applicant":"VIEWPOINT SPIDERCAGE AS","orgNo":"920936482","type":"NEW_SITE","kind":"Ny lokalitet for laks, ørret og regnbueørret i sjø.","status":"SUBMITTED","submitted":"2026-03-12","navn":"Gannflesa","kommune":"Rødøy","fylke":"Nordland","areaChanged":true,"biomass":3120,"plannedProd":4000,"feed":4600,"cycleMonths":10,"species":"Laks, Ørret, Regnbueørret","url":"https://www.fiskeridir.no/akvakultur/akvakultursoknader/sp-2026-002463","apiStatus":"SUBMITTED","typeCode":"NEW_SITE","createdAt":"2026-03-09","result":null,"evaluationFinishedAt":null,"evaluation":[{"org":"Nordland fylkeskommune","responsible":true,"decisions":[],"statements":[]}]}},{"type":"Feature","geometry":{"type":"Point","coordinates":[14.873438,68.811766]},"properties":{"appNo":"SP-2026-002464","applicant":"CERMAQ NORWAY SALMON AS","orgNo":"930152366","type":"NEW_SITE","kind":"Ny lokalitet for laks, ørret og regnbueørret i sjø.","status":"SUBMITTED","submitted":"2026-03-13","navn":"Langøy","kommune":"Øksnes","fylke":"Nordland","areaChanged":true,"biomass":3120,"plannedProd":4300,"feed":5000,"cycleMonths":16,"netDepth":3200,"netType":"Lokaliteten planlegges driftet med sylinderposer/kombinøter med omkrets 160 meter. Utspiles med bunnring.","netTreatment":"Netpolish NP Quick fra NetKem. Det er et biosidfritt coatingsmiddel.","species":"Laks, Ørret, Regnbueørret","licences":"N-HM-0002,N-SG-0007,N-SG-0016,N-SG-0027,N-SG-0028,N-SG-0063,N-SG-0064,N-SG-0065,N-SG-0068,N-SG-0069,N-SG-0070,N-SG-0071","url":"https://www.fiskeridir.no/akvakultur/akvakultursoknader/sp-2026-002464","apiStatus":"SUBMITTED","typeCode":"NEW_SITE","createdAt":"2026-03-13","result":null,"evaluationFinishedAt":null,"evaluation":[{"org":"Nordland fylkeskommune","responsible":true,"decisions":[],"statements":[]},{"org":"Kystverket","responsible":false,"decisions":[],"statements":[]},{"org":"Mattilsynet","responsible":false,"decisions":[],"statements":[]},{"org":"Statsforvalteren i Nordland","responsible":false,"decisions":[],"statements":[]},{"org":"Øksnes kommune","responsible":false,"decisions":[],"statements":[]},{"org":"Fiskeridirektoratet","responsible":false,"decisions":[],"statements":[]}]}},{"type":"Feature","geometry":{"type":"Point","coordinates":[14.856381,68.843693]},"properties":{"appNo":"SP-2026-002465","applicant":"CERMAQ NORWAY SALMON AS","orgNo":"930152366","type":"CHANGE_SITE","kind":"Endring av lokalitet for laks, ørret og regnbueørret i sjø.","status":"SUBMITTED","submitted":"2026-03-13","loknr":20876,"navn":"BØRØYA","kommune":"Øksnes","fylke":"Nordland","areaChanged":true,"biomass":3600,"plannedProd":4900,"feed":5600,"cycleMonths":16,"netDepth":3200,"netType":"Lokaliteten planlegges driftet med sylinderposer/kombinøter med omkrets 160 meter. Utspiles med bunnring.","netTreatment":"Netpolish NP Quick fra NetKem. Det er et biosidfritt coatingsmiddel","species":"Laks, Ørret, Regnbueørret","prodArea":"Vestfjorden og Vesterålen","url":"https://www.fiskeridir.no/akvakultur/akvakultursoknader/sp-2026-002465","apiStatus":"SUBMITTED","typeCode":"CHANGE_SITE","createdAt":"2026-03-13","result":null,"evaluationFinishedAt":null,"evaluation":[{"org":"Nordland fylkeskommune","responsible":true,"decisions":[],"statements":[]},{"org":"Kystverket","responsible":false,"decisions":[{"result":"GRANTED","at":"2026-09-14"}],"statements":[]},{"org":"Mattilsynet","responsible":false,"decisions":[],"statements":[]},{"org":"Statsforvalteren i Nordland","responsible":false,"decisions":[],"statements":[]},{"org":"Øksnes kommune","responsible":false,"decisions":[],"statements":[]},{"org":"Fiskeridirektoratet","responsible":false,"decisions":[],"statements":[]}]}},{"type":"Feature","geometry":{"type":"Point","coordinates":[12.520922,66.584015]},"properties":{"appNo":"SP-2026-002471","applicant":"KIME AKVA AS","orgNo":"925155748","type":"OTHER_FISH_SPECIES","kind":"Ny tillatelse til andre fiskearter enn laks, ørret og regnbueørret.","status":"SUBMITTED","submitted":"2026-05-13","navn":"Flatskjæret","kommune":"Lurøy","fylke":"Nordland","areaChanged":true,"biomass":3600,"plannedProd":4000,"feed":4400,"cycleMonths":22,"netDepth":2500,"netType":"Sylindernot med Entex-kvalitet med håndsydd sekundærsøm (torskesøm).","netTreatment":"AquaNet B30, kobberfri - Econea","species":"torsk","url":"https://www.fiskeridir.no/akvakultur/akvakultursoknader/sp-2026-002471","apiStatus":"SUBMITTED","typeCode":"OTHER_FISH_SPECIES","createdAt":"2026-03-17","result":null,"evaluationFinishedAt":null,"evaluation":[{"org":"Nordland fylkeskommune","responsible":true,"decisions":[],"statements":[]}]}},{"type":"Feature","geometry":{"type":"Point","coordinates":[5.63425,61.896086]},"properties":{"appNo":"SP-2026-002473","applicant":"MOWI SEAWATER NORWAY AS","orgNo":"921668236","type":"CHANGE_SITE","kind":"Endring av lokalitet for laks, ørret og regnbueørret i sjø.","status":"SUBMITTED","submitted":"2026-03-20","loknr":13242,"navn":"JUVIKA B","kommune":"Bremanger","fylke":"Vestland","areaChanged":true,"plannedProd":7000,"feed":7700,"cycleMonths":20,"netDepth":3600,"netType":"Sylindernot","netTreatment":"Ubehandlet","species":"Laks, Ørret, Regnbueørret","prodArea":"Nordhordland til Stadt","url":"https://www.fiskeridir.no/akvakultur/akvakultursoknader/sp-2026-002473","apiStatus":"SUBMITTED","typeCode":"CHANGE_SITE","createdAt":"2026-03-20","result":null,"evaluationFinishedAt":null,"evaluation":[{"org":"Vestland fylkeskommune","responsible":true,"decisions":[],"statements":[]},{"org":"Kystverket","responsible":false,"decisions":[{"result":"DENIED","at":"2026-06-03"}],"statements":[]},{"org":"Mattilsynet","responsible":false,"decisions":[{"result":"NO_DECISION","at":"2026-04-22"}],"statements":[]},{"org":"Statsforvalteren i Vestland","responsible":false,"decisions":[],"statements":[]},{"org":"Bremanger kommune","responsible":false,"decisions":[],"statements":[]},{"org":"Fiskeridirektoratet","responsible":false,"decisions":[],"statements":[]}]}},{"type":"Feature","geometry":{"type":"Point","coordinates":[10.702085,59.909466]},"properties":{"appNo":"SP-2026-002474","applicant":"MARINREPARATØRENE","orgNo":"914725747","type":"NON_FISH_SPECIES","kind":"Ny tillatelse til andre arter enn fisk","status":"SUBMITTED","submitted":"2026-03-21","navn":"Christiania Roklub","kommune":"Oslo","fylke":"Oslo","areaChanged":true,"species":"grønnsekkdyr","url":"https://www.fiskeridir.no/akvakultur/akvakultursoknader/sp-2026-002474","apiStatus":"SUBMITTED","typeCode":"NON_FISH_SPECIES","createdAt":"2026-03-21","result":null,"evaluationFinishedAt":null,"evaluation":[{"org":"Oslo kommune","responsible":true,"decisions":[],"statements":[]}]}},{"type":"Feature","geometry":{"type":"Point","coordinates":[8.5254,62.667467]},"properties":{"appNo":"SP-2026-002476","applicant":"NOFIMA AS","orgNo":"989278835","type":"LAND_BASED_AQUACULTURE","kind":"Akvakultur på land","status":"SUBMITTED","submitted":"2026-03-24","navn":"SJØLSENG","kommune":"Sunndal","fylke":"Møre og Romsdal","species":"søl","url":"https://www.fiskeridir.no/akvakultur/akvakultursoknader/sp-2026-002476","apiStatus":"SUBMITTED","typeCode":"LAND_BASED_AQUACULTURE","createdAt":"2026-03-24","result":null,"evaluationFinishedAt":null,"evaluation":[{"org":"Møre og Romsdal fylkeskommune","responsible":true,"decisions":[],"statements":[]},{"org":"Mattilsynet","responsible":false,"decisions":[{"result":"NO_DECISION","at":"2026-08-11"}],"statements":[]},{"org":"Statsforvalteren i Møre og Romsdal","responsible":false,"decisions":[],"statements":[]}]}},{"type":"Feature","geometry":{"type":"Point","coordinates":[6.954233,62.89365]},"properties":{"appNo":"SP-2026-002477","applicant":"MØRE OG ROMSDAL FYLKESKOMMUNE","orgNo":"944183779","type":"LAND_BASED_AQUACULTURE","kind":"Akvakultur på land","status":"RETURNED","submitted":"2026-08-12","navn":"YTRE HARØY","kommune":"Hustadvika","fylke":"Møre og Romsdal","species":"laks","url":"https://www.fiskeridir.no/akvakultur/akvakultursoknader/sp-2026-002477","apiStatus":"RETURNED","typeCode":"LAND_BASED_AQUACULTURE","createdAt":"2026-03-26","result":null,"evaluationFinishedAt":null,"evaluation":[{"org":"Møre og Romsdal fylkeskommune","responsible":true,"decisions":[],"statements":[]},{"org":"Trøndelag fylkeskommune","responsible":true,"decisions":[],"statements":[]}]}},{"type":"Feature","geometry":{"type":"Point","coordinates":[11.627167,64.61595]},"properties":{"appNo":"SP-2026-002478","applicant":"NEPTUN SALMO AS","orgNo":"958438370","type":"LAND_BASED_AQUACULTURE","kind":"Akvakultur på land","status":"SUBMITTED","submitted":"2026-04-13","navn":"RØYKLIBOTN","kommune":"Namsos","fylke":"Trøndelag","species":"laks","url":"https://www.fiskeridir.no/akvakultur/akvakultursoknader/sp-2026-002478","apiStatus":"SUBMITTED","typeCode":"LAND_BASED_AQUACULTURE","createdAt":"2026-03-27","result":null,"evaluationFinishedAt":null,"evaluation":[{"org":"Trøndelag fylkeskommune","responsible":true,"decisions":[],"statements":[]},{"org":"Mattilsynet","responsible":false,"decisions":[{"result":"NO_DECISION","at":"2026-04-22"}],"statements":[]},{"org":"Namsos kommune","responsible":false,"decisions":[],"statements":[]},{"org":"Statsforvalteren i Trøndelag","responsible":false,"decisions":[],"statements":[]},{"org":"Fiskeridirektoratet","responsible":false,"decisions":[],"statements":[]}]}},{"type":"Feature","geometry":{"type":"Point","coordinates":[8.3125,61.636389]},"properties":{"appNo":"SP-2026-002479","applicant":"BJØRØYA AS","orgNo":"932186497","type":"SPECIAL_INTENTION","kind":"Særlige formå","status":"SUBMITTED","submitted":"2026-03-27","url":"https://www.fiskeridir.no/akvakultur/akvakultursoknader/sp-2026-002479","apiStatus":"SUBMITTED","typeCode":"SPECIAL_INTENTION","createdAt":"2026-03-27","result":null,"evaluationFinishedAt":null,"evaluation":[{"org":"Fiskeridirektoratet","responsible":true,"decisions":[],"statements":[]}]}},{"type":"Feature","geometry":{"type":"Point","coordinates":[5.092217,61.911667]},"properties":{"appNo":"SP-2026-002480","applicant":"LANGØYLAKS AS","orgNo":"829512572","type":"CHANGE_SITE","kind":"Endring av lokalitet for laks, ørret og regnbueørret i sjø.","status":"SUBMITTED","submitted":"2026-03-27","loknr":45072,"navn":"BLEKET","kommune":"Kinn","fylke":"Vestland","plannedProd":5000,"feed":6000,"cycleMonths":16,"netDepth":4000,"netType":"Sylinderpose","netTreatment":"Ingen","species":"Laks, Ørret, Regnbueørret","prodArea":"Nordhordland til Stadt","url":"https://www.fiskeridir.no/akvakultur/akvakultursoknader/sp-2026-002480","apiStatus":"SUBMITTED","typeCode":"CHANGE_SITE","createdAt":"2026-03-27","result":null,"evaluationFinishedAt":null,"evaluation":[{"org":"Vestland fylkeskommune","responsible":true,"decisions":[],"statements":[]},{"org":"Kystverket","responsible":false,"decisions":[],"statements":[]},{"org":"Mattilsynet","responsible":false,"decisions":[],"statements":[]},{"org":"Statsforvalteren i Vestland","responsible":false,"decisions":[],"statements":[]},{"org":"Kinn kommune","responsible":false,"decisions":[],"statements":[{"at":"2026-08-12"}]},{"org":"Fiskeridirektoratet","responsible":false,"decisions":[],"statements":[]}]}},{"type":"Feature","geometry":{"type":"Point","coordinates":[5.084083,61.611117]},"properties":{"appNo":"SP-2026-002481","applicant":"HAVLANDET MARIN YNGEL AS","orgNo":"982732727","type":"LAND_BASED_AQUACULTURE","kind":"Akvakultur på land","status":"SUBMITTED","submitted":"2026-05-05","navn":"BOTNANESET","kommune":"Kinn","fylke":"Vestland","species":"torsk","url":"https://www.fiskeridir.no/akvakultur/akvakultursoknader/sp-2026-002481","apiStatus":"SUBMITTED","typeCode":"LAND_BASED_AQUACULTURE","createdAt":"2026-03-31","result":null,"evaluationFinishedAt":null,"evaluation":[{"org":"Vestland fylkeskommune","responsible":true,"decisions":[],"statements":[]},{"org":"Kystverket","responsible":false,"decisions":[{"result":"NO_DECISION","at":"2026-09-14"}],"statements":[]},{"org":"Mattilsynet","responsible":false,"decisions":[{"result":"GRANTED","at":"2026-09-07"}],"statements":[]},{"org":"Statsforvalteren i Vestland","responsible":false,"decisions":[],"statements":[]},{"org":"Kinn kommune","responsible":false,"decisions":[],"statements":[]},{"org":"Fiskeridirektoratet","responsible":false,"decisions":[],"statements":[]}]}},{"type":"Feature","geometry":{"type":"Point","coordinates":[6.927127,62.783451]},"properties":{"appNo":"SP-2026-002482","applicant":"MOWI SEAWATER NORWAY AS","orgNo":"921668236","type":"CHANGE_SITE","kind":"Endring av lokalitet for laks, ørret og regnbueørret i sjø.","status":"SUBMITTED","submitted":"2026-04-01","loknr":12988,"navn":"AUKRASANDEN","kommune":"Aukra","fylke":"Møre og Romsdal","areaChanged":true,"plannedProd":6500,"feed":7000,"cycleMonths":24,"netDepth":3600,"netType":"Sylindernot","netTreatment":"Ubehandlet","species":"Laks, Ørret, Regnbueørret","prodArea":"Stadt til Hustadvika","url":"https://www.fiskeridir.no/akvakultur/akvakultursoknader/sp-2026-002482","apiStatus":"SUBMITTED","typeCode":"CHANGE_SITE","createdAt":"2026-04-01","result":null,"evaluationFinishedAt":null,"evaluation":[{"org":"Møre og Romsdal fylkeskommune","responsible":true,"decisions":[],"statements":[]},{"org":"Kystverket","responsible":false,"decisions":[{"result":"GRANTED","at":"2026-07-14"}],"statements":[]},{"org":"Mattilsynet","responsible":false,"decisions":[{"result":"NO_DECISION","at":"2026-04-15"}],"statements":[]},{"org":"Aukra kommune","responsible":false,"decisions":[],"statements":[{"at":"2026-06-24"}]},{"org":"Statsforvalteren i Møre og Romsdal","responsible":false,"decisions":[],"statements":[]},{"org":"Fiskeridirektoratet","responsible":false,"decisions":[],"statements":[]}]}},{"type":"Feature","geometry":{"type":"Point","coordinates":[5.083617,61.610833]},"properties":{"appNo":"SP-2026-002483","applicant":"HAVLANDET HAVBRUK AS","orgNo":"982094003","type":"LAND_BASED_AQUACULTURE","kind":"Akvakultur på land","status":"RETURNED","submitted":"2026-04-01","navn":"BOTNANESET II","kommune":"Kinn","fylke":"Vestland","species":"torsk","url":"https://www.fiskeridir.no/akvakultur/akvakultursoknader/sp-2026-002483","apiStatus":"RETURNED","typeCode":"LAND_BASED_AQUACULTURE","createdAt":"2026-04-01","result":null,"evaluationFinishedAt":null,"evaluation":[{"org":"Vestland fylkeskommune","responsible":true,"decisions":[],"statements":[]}]}},{"type":"Feature","geometry":{"type":"Point","coordinates":[12.994913,66.552441]},"properties":{"appNo":"SP-2026-002484","applicant":"KVARØY FISKEOPPDRETT A/S","orgNo":"947672134","type":"NEW_SITE","kind":"Ny lokalitet for laks, ørret og regnbueørret i sjø.","status":"SUBMITTED","submitted":"2026-05-07","navn":"Lille Bjørnøya","kommune":"Rødøy","fylke":"Nordland","areaChanged":true,"biomass":3120,"plannedProd":5300,"feed":5850,"cycleMonths":16,"netDepth":3500,"netType":"Sylindernøter, smolt og storfisknot. \nNedlodding ved hjelp av bunnring med glideloddsytem.","netTreatment":"Netpolish NP Quick","species":"Laks, Ørret, Regnbueørret","licences":"N-L-0003,N-L-0005,N-L-0006,N-L-0051,N-L-0070","url":"https://www.fiskeridir.no/akvakultur/akvakultursoknader/sp-2026-002484","apiStatus":"SUBMITTED","typeCode":"NEW_SITE","createdAt":"2026-04-08","result":null,"evaluationFinishedAt":null,"evaluation":[{"org":"Nordland fylkeskommune","responsible":true,"decisions":[],"statements":[]},{"org":"Kystverket","responsible":false,"decisions":[],"statements":[]},{"org":"Mattilsynet","responsible":false,"decisions":[],"statements":[]},{"org":"Statsforvalteren i Nordland","responsible":false,"decisions":[],"statements":[]},{"org":"Rødøy kommune","responsible":false,"decisions":[],"statements":[]},{"org":"Fiskeridirektoratet","responsible":false,"decisions":[],"statements":[]}]}},{"type":"Feature","geometry":{"type":"Point","coordinates":[15.359683,67.528]},"properties":{"appNo":"SP-2026-002485","applicant":"MOWI SEAWATER NORWAY AS","orgNo":"921668236","type":"CO_LOCATION_APPLICATION","kind":"Søknad om samlokalisering","status":"SUBMITTED","submitted":"2026-04-09","loknr":36117,"navn":"MATVIKA","kommune":"Sørfold","fylke":"Nordland","species":"Laks, Ørret, Regnbueørret","prodArea":"Vestfjorden og Vesterålen","licences":"N-L-0004","url":"https://www.fiskeridir.no/akvakultur/akvakultursoknader/sp-2026-002485","apiStatus":"SUBMITTED","typeCode":"CO_LOCATION_APPLICATION","createdAt":"2026-04-09","result":null,"evaluationFinishedAt":null,"evaluation":[{"org":"Nordland fylkeskommune","responsible":true,"decisions":[],"statements":[]}]}},{"type":"Feature","geometry":{"type":"Point","coordinates":[5.45368,60.05914]},"properties":{"appNo":"SP-2026-002487","applicant":"LERØY VEST SJØ AS","orgNo":"930185698","type":"CHANGE_SITE","kind":"Endring av lokalitet for laks, ørret og regnbueørret i sjø.","status":"SUBMITTED","submitted":"2026-04-10","loknr":14799,"navn":"DJUPESTALLEN","kommune":"Tysnes","fylke":"Vestland","areaChanged":true,"plannedProd":2500,"feed":3000,"cycleMonths":12,"netDepth":4800,"netType":"Halvkonet not 160 meter i omkrets, med stål og presenningsbarriere. Dette gir en dobbelsikring mot lus og rømming.","netTreatment":"Biocidfri Coating","species":"Laks, Ørret, Regnbueørret","prodArea":"Karmøy til Sotra","url":"https://www.fiskeridir.no/akvakultur/akvakultursoknader/sp-2026-002487","apiStatus":"SUBMITTED","typeCode":"CHANGE_SITE","createdAt":"2026-04-10","result":null,"evaluationFinishedAt":null,"evaluation":[{"org":"Tysnes kommune","responsible":false,"decisions":[],"statements":[{"at":"2026-04-20"}]},{"org":"Kystverket","responsible":false,"decisions":[{"result":"GRANTED","at":"2026-07-10"}],"statements":[]},{"org":"Mattilsynet","responsible":false,"decisions":[],"statements":[]},{"org":"Statsforvalteren i Vestland","responsible":false,"decisions":[],"statements":[]},{"org":"Fiskeridirektoratet","responsible":false,"decisions":[],"statements":[]},{"org":"Vestland fylkeskommune","responsible":true,"decisions":[],"statements":[]}]}},{"type":"Feature","geometry":{"type":"Point","coordinates":[11.149765,64.828415]},"properties":{"appNo":"SP-2026-002488","applicant":"STERLING WHITE HALIBUT AS","orgNo":"983356494","type":"LAND_BASED_AQUACULTURE","kind":"Akvakultur på land","status":"SUBMITTED","submitted":"2026-07-02","navn":"RYUMSJØEN REIPHOLMEN","kommune":"Nærøysund","fylke":"Trøndelag","species":"kveite","url":"https://www.fiskeridir.no/akvakultur/akvakultursoknader/sp-2026-002488","apiStatus":"SUBMITTED","typeCode":"LAND_BASED_AQUACULTURE","createdAt":"2026-04-14","result":null,"evaluationFinishedAt":null,"evaluation":[{"org":"Trøndelag fylkeskommune","responsible":true,"decisions":[],"statements":[]},{"org":"Mattilsynet","responsible":false,"decisions":[],"statements":[]},{"org":"Statsforvalteren i Trøndelag","responsible":false,"decisions":[],"statements":[]},{"org":"Fiskeridirektoratet","responsible":false,"decisions":[],"statements":[]}]}},{"type":"Feature","geometry":{"type":"Point","coordinates":[7.515133,63.0573]},"properties":{"appNo":"SP-2026-002489","applicant":"PURE NORWEGIAN SEAFOOD AS","orgNo":"995292971","type":"SPECIAL_INTENTION_SITE_CLEARANCE","kind":"SPECIAL_INTENTION_SITE_CLEARANCE","status":"SUBMITTED","submitted":"2026-04-17","kommune":"Averøy","fylke":"Møre og Romsdal","url":"https://www.fiskeridir.no/akvakultur/akvakultursoknader/sp-2026-002489","apiStatus":"SUBMITTED","typeCode":"SPECIAL_INTENTION_SITE_CLEARANCE","createdAt":"2026-04-17","result":null,"evaluationFinishedAt":null,"evaluation":[{"org":"Møre og Romsdal fylkeskommune","responsible":true,"decisions":[],"statements":[]},{"org":"Mattilsynet","responsible":false,"decisions":[],"statements":[]}]}},{"type":"Feature","geometry":{"type":"Point","coordinates":[4.884572,60.752388]},"properties":{"appNo":"SP-2026-002490","applicant":"LINGALAKS AS","orgNo":"960900626","type":"MINOR_AREA_CHANGES","kind":"Endring av flåte eller forankring","status":"SUBMITTED","submitted":"2026-04-20","loknr":11665,"navn":"JIBBERSHOLMANE","kommune":"Alver","fylke":"Vestland","areaChanged":true,"prodArea":"Nordhordland til Stadt","url":"https://www.fiskeridir.no/akvakultur/akvakultursoknader/sp-2026-002490","apiStatus":"SUBMITTED","typeCode":"MINOR_AREA_CHANGES","createdAt":"2026-04-20","result":null,"evaluationFinishedAt":null,"evaluation":[{"org":"Vestland fylkeskommune","responsible":true,"decisions":[],"statements":[]},{"org":"Kystverket","responsible":false,"decisions":[{"result":"NO_DECISION","at":"2026-04-30"}],"statements":[]},{"org":"Statsforvalteren i Vestland","responsible":false,"decisions":[],"statements":[]},{"org":"Alver kommune","responsible":false,"decisions":[],"statements":[{"at":"2026-06-02"}]},{"org":"Fiskeridirektoratet","responsible":false,"decisions":[],"statements":[{"at":"2026-06-11"}]}]}},{"type":"Feature","geometry":{"type":"Point","coordinates":[11.911937,65.14396]},"properties":{"appNo":"SP-2026-002492","applicant":"BJØRØYA AS","orgNo":"932186497","type":"NEW_SITE","kind":"Ny lokalitet for laks, ørret og regnbueørret i sjø.","status":"SUBMITTED","submitted":"2026-06-17","navn":"Hestvika","kommune":"Leka","fylke":"Trøndelag","areaChanged":true,"biomass":4680,"plannedProd":6550,"feed":7200,"cycleMonths":21,"netDepth":3000,"netType":"Sylinderpose for overflatedrift. Ved nedsenket drift vil det benyttes nøter med tilsvarende utforming, men da med nottak. Det benyttes på søknadstidspunktet impregnering eller andre midler på not med kobber eller andre stoffer som motvirker begroing.","netTreatment":"Coating NP30","species":"Laks, Ørret, Regnbueørret","licences":"NT-F-0028,NT-F-0029,NT-F-0033","url":"https://www.fiskeridir.no/akvakultur/akvakultursoknader/sp-2026-002492","apiStatus":"SUBMITTED","typeCode":"NEW_SITE","createdAt":"2026-04-20","result":null,"evaluationFinishedAt":null,"evaluation":[{"org":"Trøndelag fylkeskommune","responsible":true,"decisions":[],"statements":[]},{"org":"Fiskeridirektoratet","responsible":false,"decisions":[],"statements":[]},{"org":"Statsforvalteren i Trøndelag","responsible":false,"decisions":[],"statements":[]},{"org":"Mattilsynet","responsible":false,"decisions":[],"statements":[]},{"org":"Kystverket","responsible":false,"decisions":[],"statements":[]},{"org":"Leka kommune","responsible":false,"decisions":[],"statements":[]}]}},{"type":"Feature","geometry":{"type":"Point","coordinates":[12.245826,65.772487]},"properties":{"appNo":"SP-2026-002494","applicant":"BIOMAR A.S.","orgNo":"937843860","type":"CHANGE_SITE","kind":"Endring av lokalitet for laks, ørret og regnbueørret i sjø.","status":"SUBMITTED","submitted":"2026-06-23","loknr":45003,"navn":"Ystøya","kommune":"Alstahaug","fylke":"Nordland","areaChanged":true,"biomass":5000,"plannedProd":5500,"feed":6000,"cycleMonths":18,"netDepth":3500,"netType":"Sylinderpose","netTreatment":"Kobberimpregnert av Netwax men jobber med andre alternativer","species":"Laks, Ørret, Regnbueørret","url":"https://www.fiskeridir.no/akvakultur/akvakultursoknader/sp-2026-002494","apiStatus":"SUBMITTED","typeCode":"CHANGE_SITE","createdAt":"2026-04-24","result":null,"evaluationFinishedAt":null,"evaluation":[{"org":"Nordland fylkeskommune","responsible":true,"decisions":[],"statements":[]},{"org":"Kystverket","responsible":false,"decisions":[{"result":"NO_DECISION","at":"2026-09-01"}],"statements":[]},{"org":"Mattilsynet","responsible":false,"decisions":[],"statements":[]},{"org":"Fiskeridirektoratet","responsible":false,"decisions":[],"statements":[]},{"org":"Statsforvalteren i Nordland","responsible":false,"decisions":[],"statements":[]},{"org":"Statsforvalteren i Rogaland","responsible":false,"decisions":[],"statements":[]}]}},{"type":"Feature","geometry":{"type":"Point","coordinates":[16.236874,68.76016]},"properties":{"appNo":"SP-2026-002495","applicant":"ARCTIC LOBSTER FARM AS","orgNo":"936222064","type":"NON_FISH_SPECIES","kind":"Ny tillatelse til andre arter enn fisk","status":"SUBMITTED","submitted":"2026-08-21","navn":"Gårasjyen","kommune":"Kvæfjord","fylke":"Troms","areaChanged":true,"species":"hummer","url":"https://www.fiskeridir.no/akvakultur/akvakultursoknader/sp-2026-002495","apiStatus":"SUBMITTED","typeCode":"NON_FISH_SPECIES","createdAt":"2026-04-27","result":null,"evaluationFinishedAt":null,"evaluation":[{"org":"Troms fylkeskommune","responsible":true,"decisions":[],"statements":[]},{"org":"Kystverket","responsible":false,"decisions":[],"statements":[]},{"org":"Mattilsynet","responsible":false,"decisions":[],"statements":[]},{"org":"Kvæfjord kommune","responsible":false,"decisions":[],"statements":[]},{"org":"Statsforvalteren i Troms og Finnmark","responsible":false,"decisions":[],"statements":[]},{"org":"Fiskeridirektoratet","responsible":false,"decisions":[],"statements":[]}]}},{"type":"Feature","geometry":{"type":"Point","coordinates":[22.658578,70.085448]},"properties":{"appNo":"SP-2026-002496","applicant":"CERMAQ NORWAY SALMON AS","orgNo":"930152366","type":"CHANGE_SITE","kind":"Endring av lokalitet for laks, ørret og regnbueørret i sjø.","status":"SUBMITTED","submitted":"2026-04-30","loknr":10822,"navn":"RIVARBUKT","kommune":"Alta","fylke":"Finnmark","areaChanged":true,"plannedProd":5800,"feed":4200,"cycleMonths":22,"netDepth":3700,"netType":"Rettveggede poser med kon i bunn, 160 m omkrets .Sylinderposer, kombinerte nøter med smolt lin og storfisklin og/eller smoltnøter og storfisknøter. Bunnring på alle","netTreatment":"Netwax NI Gold  Produktet er godkjent etter EUs kjemikalieforordning (BPR) frem til 2033.","species":"Laks, Ørret, Regnbueørret","prodArea":"Vest-Finnmark","url":"https://www.fiskeridir.no/akvakultur/akvakultursoknader/sp-2026-002496","apiStatus":"SUBMITTED","typeCode":"CHANGE_SITE","createdAt":"2026-04-30","result":null,"evaluationFinishedAt":null,"evaluation":[{"org":"Finnmark fylkeskommune","responsible":true,"decisions":[],"statements":[]},{"org":"Kystverket","responsible":false,"decisions":[],"statements":[]},{"org":"Mattilsynet","responsible":false,"decisions":[{"result":"NO_DECISION","at":"2026-05-19"}],"statements":[]},{"org":"Alta kommune","responsible":false,"decisions":[],"statements":[]},{"org":"Statsforvalteren i Troms og Finnmark","responsible":false,"decisions":[],"statements":[]},{"org":"Fiskeridirektoratet","responsible":false,"decisions":[],"statements":[]}]}},{"type":"Feature","geometry":{"type":"Point","coordinates":[19.931633,69.986917]},"properties":{"appNo":"SP-2026-002498","applicant":"SALMAR OPPDRETT AS","orgNo":"928957489","type":"CO_LOCATION_MESSAGE","kind":"Melding om samlokalisering","status":"SUBMITTED","submitted":"2026-05-06","loknr":36797,"navn":"KORSNES","kommune":"Karlsøy","fylke":"Troms","species":"Laks, Ørret, Regnbueørret","prodArea":"Kvaløya til Loppa","url":"https://www.fiskeridir.no/akvakultur/akvakultursoknader/sp-2026-002498","apiStatus":"SUBMITTED","typeCode":"CO_LOCATION_MESSAGE","createdAt":"2026-05-06","result":null,"evaluationFinishedAt":null,"evaluation":[{"org":"Troms fylkeskommune","responsible":true,"decisions":[],"statements":[]}]}},{"type":"Feature","geometry":{"type":"Point","coordinates":[22.896075,70.141698]},"properties":{"appNo":"SP-2026-002499","applicant":"CERMAQ NORWAY SALMON AS","orgNo":"930152366","type":"CHANGE_SITE","kind":"Endring av lokalitet for laks, ørret og regnbueørret i sjø.","status":"SUBMITTED","submitted":"2026-05-08","loknr":32617,"navn":"YTRE KOVEN","kommune":"Alta","fylke":"Finnmark","areaChanged":true,"plannedProd":7400,"feed":10400,"cycleMonths":22,"netDepth":3700,"netType":"Rettveggede sylinderformede nøter med kon. Knuteløst.","netTreatment":"Netwax Ni Gold","species":"Laks, Ørret, Regnbueørret","prodArea":"Vest-Finnmark","url":"https://www.fiskeridir.no/akvakultur/akvakultursoknader/sp-2026-002499","apiStatus":"SUBMITTED","typeCode":"CHANGE_SITE","createdAt":"2026-05-08","result":null,"evaluationFinishedAt":null,"evaluation":[{"org":"Finnmark fylkeskommune","responsible":true,"decisions":[],"statements":[]}]}},{"type":"Feature","geometry":{"type":"Point","coordinates":[5.294656,60.807772]},"properties":{"appNo":"SP-2026-002500","applicant":"ENGESUND FISKEOPPDRETT AS","orgNo":"923070591","type":"MINOR_AREA_CHANGES","kind":"Endring av flåte eller forankring","status":"SUBMITTED","submitted":"2026-05-11","loknr":11644,"navn":"DUESUND","kommune":"Masfjorden","fylke":"Vestland","areaChanged":true,"prodArea":"Nordhordland til Stadt","url":"https://www.fiskeridir.no/akvakultur/akvakultursoknader/sp-2026-002500","apiStatus":"SUBMITTED","typeCode":"MINOR_AREA_CHANGES","createdAt":"2026-05-11","result":null,"evaluationFinishedAt":null,"evaluation":[{"org":"Vestland fylkeskommune","responsible":true,"decisions":[],"statements":[]},{"org":"Kystverket","responsible":false,"decisions":[],"statements":[]},{"org":"Statsforvalteren i Vestland","responsible":false,"decisions":[],"statements":[]},{"org":"Fiskeridirektoratet","responsible":false,"decisions":[],"statements":[]},{"org":"Masfjorden kommune","responsible":false,"decisions":[],"statements":[]}]}},{"type":"Feature","geometry":{"type":"Point","coordinates":[11.268483,64.079917]},"properties":{"appNo":"SP-2026-002502","applicant":"MÅSØVAL AS","orgNo":"933792854","type":"LAND_BASED_AQUACULTURE","kind":"Akvakultur på land","status":"RETURNED","submitted":"2026-05-13","navn":"Malm industripark","kommune":"Steinkjer","fylke":"Trøndelag","species":"laks","url":"https://www.fiskeridir.no/akvakultur/akvakultursoknader/sp-2026-002502","apiStatus":"RETURNED","typeCode":"LAND_BASED_AQUACULTURE","createdAt":"2026-05-13","result":null,"evaluationFinishedAt":null,"evaluation":[{"org":"Trøndelag fylkeskommune","responsible":true,"decisions":[],"statements":[]}]}},{"type":"Feature","geometry":{"type":"Point","coordinates":[5.028367,60.87635]},"properties":{"appNo":"SP-2026-002503","applicant":"BLOM FISKEOPPDRETT AS","orgNo":"840215512","type":"CO_LOCATION_APPLICATION","kind":"Søknad om samlokalisering","status":"SUBMITTED","submitted":"2026-05-19","loknr":11700,"navn":"STORENESET","kommune":"Gulen","fylke":"Vestland","species":"Laks, Ørret, Regnbueørret","prodArea":"Nordhordland til Stadt","licences":"H-L-0019,H-ML-0001,H-R-0004,H-R-0008,H-R-0011,H-ØN-0001,H-ØN-0004","url":"https://www.fiskeridir.no/akvakultur/akvakultursoknader/sp-2026-002503","apiStatus":"SUBMITTED","typeCode":"CO_LOCATION_APPLICATION","createdAt":"2026-05-19","result":null,"evaluationFinishedAt":null,"evaluation":[{"org":"Vestland fylkeskommune","responsible":true,"decisions":[],"statements":[]}]}},{"type":"Feature","geometry":{"type":"Point","coordinates":[16.700758,68.928787]},"properties":{"appNo":"SP-2026-002506","applicant":"SALMAR OPPDRETT AS","orgNo":"928957489","type":"MINOR_AREA_CHANGES","kind":"Endring av flåte eller forankring","status":"SUBMITTED","submitted":"2026-07-15","loknr":31397,"navn":"OTERNESET","kommune":"Harstad","fylke":"Troms","areaChanged":true,"prodArea":"Andøya til Senja","url":"https://www.fiskeridir.no/akvakultur/akvakultursoknader/sp-2026-002506","apiStatus":"SUBMITTED","typeCode":"MINOR_AREA_CHANGES","createdAt":"2026-05-20","result":null,"evaluationFinishedAt":null,"evaluation":[{"org":"Troms fylkeskommune","responsible":true,"decisions":[],"statements":[]},{"org":"Kystverket","responsible":false,"decisions":[],"statements":[]},{"org":"Statsforvalteren i Troms og Finnmark","responsible":false,"decisions":[],"statements":[]},{"org":"Fiskeridirektoratet","responsible":false,"decisions":[],"statements":[]}]}},{"type":"Feature","geometry":{"type":"Point","coordinates":[8.3125,61.636389]},"properties":{"appNo":"SP-2026-002507","applicant":"CERMAQ NORWAY SALMON AS","orgNo":"930152366","type":"RESEARCH","kind":"RESEARCH","status":"SUBMITTED","submitted":"2026-07-03","url":"https://www.fiskeridir.no/akvakultur/akvakultursoknader/sp-2026-002507","apiStatus":"SUBMITTED","typeCode":"RESEARCH","createdAt":"2026-05-20","result":null,"evaluationFinishedAt":null,"evaluation":[{"org":"Fiskeridirektoratet","responsible":true,"decisions":[],"statements":[]}]}},{"type":"Feature","geometry":{"type":"Point","coordinates":[8.3125,61.636389]},"properties":{"appNo":"SP-2026-002508","applicant":"BJØRØYA AS","orgNo":"932186497","type":"RESEARCH","kind":"RESEARCH","status":"SUBMITTED","submitted":"2026-08-12","url":"https://www.fiskeridir.no/akvakultur/akvakultursoknader/sp-2026-002508","apiStatus":"SUBMITTED","typeCode":"RESEARCH","createdAt":"2026-05-20","result":null,"evaluationFinishedAt":null,"evaluation":[{"org":"Fiskeridirektoratet","responsible":true,"decisions":[],"statements":[]}]}},{"type":"Feature","geometry":{"type":"Point","coordinates":[8.3125,61.636389]},"properties":{"appNo":"SP-2026-002509","applicant":"SEASHORE SJØ AS","orgNo":"836597702","type":"RESEARCH","kind":"RESEARCH","status":"SUBMITTED","submitted":"2026-08-12","url":"https://www.fiskeridir.no/akvakultur/akvakultursoknader/sp-2026-002509","apiStatus":"SUBMITTED","typeCode":"RESEARCH","createdAt":"2026-05-20","result":null,"evaluationFinishedAt":null,"evaluation":[{"org":"Fiskeridirektoratet","responsible":true,"decisions":[],"statements":[]}]}},{"type":"Feature","geometry":{"type":"Point","coordinates":[10.726252,59.733635]},"properties":{"appNo":"SP-2026-002510","applicant":"MARINREPARATØRENE","orgNo":"914725747","type":"NON_FISH_SPECIES","kind":"Ny tillatelse til andre arter enn fisk","status":"SUBMITTED","submitted":"2026-05-21","navn":"Breivoll","kommune":"Ås","fylke":"Akershus","areaChanged":true,"species":"blåskjell","url":"https://www.fiskeridir.no/akvakultur/akvakultursoknader/sp-2026-002510","apiStatus":"SUBMITTED","typeCode":"NON_FISH_SPECIES","createdAt":"2026-05-21","result":null,"evaluationFinishedAt":null,"evaluation":[{"org":"Akershus fylkeskommune","responsible":true,"decisions":[],"statements":[]}]}},{"type":"Feature","geometry":{"type":"Point","coordinates":[5.614571,60.209732]},"properties":{"appNo":"SP-2026-002511","applicant":"BOLAKS SJØ AS","orgNo":"929068300","type":"CHANGE_SITE","kind":"Endring av lokalitet for laks, ørret og regnbueørret i sjø.","status":"SUBMITTED","submitted":"2026-05-21","loknr":13058,"navn":"FUSAVIKA","kommune":"Bjørnafjorden","fylke":"Vestland","areaChanged":true,"plannedProd":4500,"feed":4650,"cycleMonths":18,"netDepth":5000,"netType":"Spagettinot","netTreatment":"Respect E3 Hybrid","species":"Laks, Ørret, Regnbueørret","prodArea":"Karmøy til Sotra","url":"https://www.fiskeridir.no/akvakultur/akvakultursoknader/sp-2026-002511","apiStatus":"SUBMITTED","typeCode":"CHANGE_SITE","createdAt":"2026-05-21","result":null,"evaluationFinishedAt":null,"evaluation":[{"org":"Kystverket","responsible":false,"decisions":[],"statements":[]},{"org":"Bjørnafjorden kommune","responsible":false,"decisions":[],"statements":[]},{"org":"Statsforvalteren i Vestland","responsible":false,"decisions":[],"statements":[]},{"org":"Fiskeridirektoratet","responsible":false,"decisions":[],"statements":[]},{"org":"Vestland fylkeskommune","responsible":true,"decisions":[],"statements":[]}]}},{"type":"Feature","geometry":{"type":"Point","coordinates":[25.089342,70.493867]},"properties":{"appNo":"SP-2026-002512","applicant":"HAVFORSKNINGSINSTITUTTET","orgNo":"971349077","type":"NON_FISH_SPECIES","kind":"Ny tillatelse til andre arter enn fisk","status":"SUBMITTED","submitted":"2026-05-22","navn":"Olderfjorden","kommune":"Porsanger","fylke":"Finnmark","areaChanged":true,"species":"sukkertare","url":"https://www.fiskeridir.no/akvakultur/akvakultursoknader/sp-2026-002512","apiStatus":"SUBMITTED","typeCode":"NON_FISH_SPECIES","createdAt":"2026-05-22","result":null,"evaluationFinishedAt":null,"evaluation":[{"org":"Finnmark fylkeskommune","responsible":true,"decisions":[],"statements":[]}]}},{"type":"Feature","geometry":{"type":"Point","coordinates":[12.293969,66.243306]},"properties":{"appNo":"SP-2026-002513","applicant":"MOWI SEAWATER NORWAY AS","orgNo":"921668236","type":"MINOR_AREA_CHANGES","kind":"Endring av flåte eller forankring","status":"SUBMITTED","submitted":"2026-05-27","loknr":45029,"navn":"Ramnøya N","kommune":"Dønna","fylke":"Nordland","areaChanged":true,"prodArea":"Helgeland til Bodø","url":"https://www.fiskeridir.no/akvakultur/akvakultursoknader/sp-2026-002513","apiStatus":"SUBMITTED","typeCode":"MINOR_AREA_CHANGES","createdAt":"2026-05-27","result":null,"evaluationFinishedAt":null,"evaluation":[{"org":"Nordland fylkeskommune","responsible":true,"decisions":[],"statements":[]}]}},{"type":"Feature","geometry":{"type":"Point","coordinates":[8.3125,61.636389]},"properties":{"appNo":"SP-2026-002515","applicant":"SALMAR FARMING AS","orgNo":"966840528","type":"SPECIAL_INTENTION","kind":"Særlige formå","status":"SUBMITTED","submitted":"2026-05-27","url":"https://www.fiskeridir.no/akvakultur/akvakultursoknader/sp-2026-002515","apiStatus":"SUBMITTED","typeCode":"SPECIAL_INTENTION","createdAt":"2026-05-27","result":null,"evaluationFinishedAt":null,"evaluation":[{"org":"Fiskeridirektoratet","responsible":true,"decisions":[],"statements":[]}]}},{"type":"Feature","geometry":{"type":"Point","coordinates":[12.187702,65.630718]},"properties":{"appNo":"SP-2026-002516","applicant":"SINKABERG HAVBRUK AS","orgNo":"926968955","type":"NEW_SITE","kind":"Ny lokalitet for laks, ørret og regnbueørret i sjø.","status":"SUBMITTED","submitted":"2026-06-30","navn":"Rokneset","kommune":"Vega","fylke":"Nordland","areaChanged":true,"biomass":6000,"plannedProd":6900,"feed":7500,"cycleMonths":18,"netDepth":1000,"netType":"Sylindernot med tak og luftkuppel","netTreatment":"Mulig bruk av Greenline/Protect evt andre produkt som vurderes mer hensiktsmessig ved oppstart","species":"Laks, Ørret, Regnbueørret","licences":"N-BL-0001,N-BL-0007,N-BL-0012,N-BL-0013,N-BL-0019,NT-LA-0001,NT-V-0034,NT-V-0039","url":"https://www.fiskeridir.no/akvakultur/akvakultursoknader/sp-2026-002516","apiStatus":"SUBMITTED","typeCode":"NEW_SITE","createdAt":"2026-05-29","result":null,"evaluationFinishedAt":null,"evaluation":[{"org":"Nordland fylkeskommune","responsible":true,"decisions":[],"statements":[]}]}},{"type":"Feature","geometry":{"type":"Point","coordinates":[11.29617,64.733292]},"properties":{"appNo":"SP-2026-002517","applicant":"SINKABERG HAVBRUK AS","orgNo":"926968955","type":"NEW_SITE","kind":"Ny lokalitet for laks, ørret og regnbueørret i sjø.","status":"RETURNED","submitted":"2026-05-29","navn":"Rakvikodden","kommune":"Nærøysund","fylke":"Trøndelag","areaChanged":true,"biomass":6000,"plannedProd":6900,"feed":7500,"cycleMonths":18,"netDepth":1000,"netType":"Sylinderpose med nottak og luftkuppel.","netTreatment":"Mulig bruk av Greenline/Protect evt andre produkt som vurderes mer hensiktsmessig ved oppstart","species":"Laks, Ørret, Regnbueørret","licences":"NT-NR-0005,NT-NR-0007,NT-NR-0012,NT-NR-0021,NT-NR-0052,NT-V-0007,NT-V-0009,NT-V-0014","url":"https://www.fiskeridir.no/akvakultur/akvakultursoknader/sp-2026-002517","apiStatus":"RETURNED","typeCode":"NEW_SITE","createdAt":"2026-05-29","result":null,"evaluationFinishedAt":null,"evaluation":[{"org":"Trøndelag fylkeskommune","responsible":true,"decisions":[],"statements":[]}]}},{"type":"Feature","geometry":{"type":"Point","coordinates":[8.3125,61.636389]},"properties":{"appNo":"SP-2026-002518","applicant":"AQUAGEN AS","orgNo":"964367701","type":"RESEARCH","kind":"RESEARCH","status":"RETURNED","submitted":"2026-08-24","url":"https://www.fiskeridir.no/akvakultur/akvakultursoknader/sp-2026-002518","apiStatus":"RETURNED","typeCode":"RESEARCH","createdAt":"2026-05-29","result":null,"evaluationFinishedAt":null,"evaluation":[{"org":"Fiskeridirektoratet","responsible":true,"decisions":[],"statements":[]}]}},{"type":"Feature","geometry":{"type":"Point","coordinates":[5.671914,62.165937]},"properties":{"appNo":"SP-2026-002519","applicant":"NORDIC HALIBUT AS","orgNo":"974526441","type":"OTHER_FISH_SPECIES","kind":"Ny tillatelse til andre fiskearter enn laks, ørret og regnbueørret.","status":"SUBMITTED","submitted":"2026-06-01","navn":"Litlebø","kommune":"Vanylven","fylke":"Møre og Romsdal","areaChanged":true,"biomass":2340,"plannedProd":2400,"feed":3000,"cycleMonths":60,"netDepth":2000,"netType":"Hev/senk not med flatbunn tilpasset kveite.","netTreatment":"Kobberfri impregnering Aqua nett protect fra Steen Hansen.","species":"kveite","url":"https://www.fiskeridir.no/akvakultur/akvakultursoknader/sp-2026-002519","apiStatus":"SUBMITTED","typeCode":"OTHER_FISH_SPECIES","createdAt":"2026-06-01","result":null,"evaluationFinishedAt":null,"evaluation":[{"org":"Møre og Romsdal fylkeskommune","responsible":true,"decisions":[],"statements":[]},{"org":"Kystverket","responsible":false,"decisions":[{"result":"GRANTED","at":"2026-09-17"}],"statements":[]},{"org":"Mattilsynet","responsible":false,"decisions":[],"statements":[]},{"org":"Statsforvalteren i Møre og Romsdal","responsible":false,"decisions":[],"statements":[]},{"org":"Vanylven kommune","responsible":false,"decisions":[],"statements":[{"at":"2026-09-01"}]},{"org":"Fiskeridirektoratet","responsible":false,"decisions":[],"statements":[]}]}},{"type":"Feature","geometry":{"type":"Point","coordinates":[21.72711,69.886441]},"properties":{"appNo":"SP-2026-002521","applicant":"MOWI SEAWATER NORWAY AS","orgNo":"921668236","type":"CHANGE_SITE","kind":"Endring av lokalitet for laks, ørret og regnbueørret i sjø.","status":"SUBMITTED","submitted":"2026-06-19","loknr":10806,"navn":"RAKKENES","kommune":"Kvænangen","fylke":"Troms","areaChanged":true,"plannedProd":7020,"feed":7500,"cycleMonths":18,"netDepth":3500,"netType":"Tradisjonell sylinderpose.","netTreatment":"AquaNet Protect - kobberfri impregnering.  Produktblad følger vedlagt søknad.","species":"Laks, Ørret, Regnbueørret","prodArea":"Kvaløya til Loppa","url":"https://www.fiskeridir.no/akvakultur/akvakultursoknader/sp-2026-002521","apiStatus":"SUBMITTED","typeCode":"CHANGE_SITE","createdAt":"2026-06-03","result":null,"evaluationFinishedAt":null,"evaluation":[{"org":"Troms fylkeskommune","responsible":true,"decisions":[],"statements":[]},{"org":"Kystverket","responsible":false,"decisions":[],"statements":[]},{"org":"Kvænangen kommune","responsible":false,"decisions":[],"statements":[{"at":"2026-09-04"}]},{"org":"Statsforvalteren i Troms og Finnmark","responsible":false,"decisions":[],"statements":[]},{"org":"Fiskeridirektoratet","responsible":false,"decisions":[],"statements":[]}]}},{"type":"Feature","geometry":{"type":"Point","coordinates":[15.488281,67.448799]},"properties":{"appNo":"SP-2026-002522","applicant":"MOWI SEAWATER NORWAY AS","orgNo":"921668236","type":"MINOR_AREA_CHANGES","kind":"Endring av flåte eller forankring","status":"SUBMITTED","submitted":"2026-06-03","loknr":13297,"navn":"KINES","kommune":"Sørfold","fylke":"Nordland","areaChanged":true,"prodArea":"Vestfjorden og Vesterålen","url":"https://www.fiskeridir.no/akvakultur/akvakultursoknader/sp-2026-002522","apiStatus":"SUBMITTED","typeCode":"MINOR_AREA_CHANGES","createdAt":"2026-06-03","result":null,"evaluationFinishedAt":null,"evaluation":[{"org":"Nordland fylkeskommune","responsible":true,"decisions":[],"statements":[]}]}},{"type":"Feature","geometry":{"type":"Point","coordinates":[12.77755,66.43553]},"properties":{"appNo":"SP-2026-002523","applicant":"MORHUA AS","orgNo":"929027043","type":"OTHER_FISH_SPECIES","kind":"Ny tillatelse til andre fiskearter enn laks, ørret og regnbueørret.","status":"SUBMITTED","submitted":"2026-06-03","navn":"Sørvær","kommune":"Lurøy","fylke":"Nordland","areaChanged":true,"biomass":3510,"plannedProd":4200,"feed":4650,"cycleMonths":22,"netDepth":3000,"netType":"Sylinderposer tilpasset arten, med best mulig teknologi mtp rømningsfare.","netTreatment":"Impregnering uten kobber, Steen-Hanssen protect, NetKem MP30","species":"torsk","url":"https://www.fiskeridir.no/akvakultur/akvakultursoknader/sp-2026-002523","apiStatus":"SUBMITTED","typeCode":"OTHER_FISH_SPECIES","createdAt":"2026-06-03","result":null,"evaluationFinishedAt":null,"evaluation":[{"org":"Nordland fylkeskommune","responsible":true,"decisions":[],"statements":[]},{"org":"Kystverket","responsible":false,"decisions":[],"statements":[]},{"org":"Mattilsynet","responsible":false,"decisions":[],"statements":[]},{"org":"Lurøy kommune","responsible":false,"decisions":[],"statements":[]},{"org":"Statsforvalteren i Nordland","responsible":false,"decisions":[],"statements":[]},{"org":"Fiskeridirektoratet","responsible":false,"decisions":[],"statements":[]}]}},{"type":"Feature","geometry":{"type":"Point","coordinates":[10.622806,64.494091]},"properties":{"appNo":"SP-2026-002525","applicant":"ODE AS","orgNo":"925795488","type":"OTHER_FISH_SPECIES","kind":"Ny tillatelse til andre fiskearter enn laks, ørret og regnbueørret.","status":"SUBMITTED","submitted":"2026-06-25","navn":"Fauskan","kommune":"Flatanger","fylke":"Trøndelag","areaChanged":true,"biomass":5780,"plannedProd":6117,"feed":7040,"cycleMonths":24,"netDepth":3700,"netType":"Sylindernot (notdybde:37) og hev-senk not(Not blir stående med tak/spiss mellom 35-80 m)","netTreatment":"Coating (biocidfri)","species":"torsk","url":"https://www.fiskeridir.no/akvakultur/akvakultursoknader/sp-2026-002525","apiStatus":"SUBMITTED","typeCode":"OTHER_FISH_SPECIES","createdAt":"2026-06-07","result":null,"evaluationFinishedAt":null,"evaluation":[{"org":"Kystverket","responsible":false,"decisions":[{"result":"GRANTED","at":"2026-09-17"}],"statements":[]},{"org":"Mattilsynet","responsible":false,"decisions":[],"statements":[]},{"org":"Flatanger kommune","responsible":false,"decisions":[],"statements":[{"at":"2026-09-04"}]},{"org":"Statsforvalteren i Trøndelag","responsible":false,"decisions":[],"statements":[]},{"org":"Fiskeridirektoratet","responsible":false,"decisions":[],"statements":[]},{"org":"Trøndelag fylkeskommune","responsible":true,"decisions":[],"statements":[]}]}},{"type":"Feature","geometry":{"type":"Point","coordinates":[4.9816,61.248267]},"properties":{"appNo":"SP-2026-002526","applicant":"BUE SALMON AS","orgNo":"916066899","type":"LAND_BASED_AQUACULTURE","kind":"Akvakultur på land","status":"SUBMITTED","submitted":"2026-06-08","navn":"LUTELANDET","kommune":"Fjaler","fylke":"Vestland","url":"https://www.fiskeridir.no/akvakultur/akvakultursoknader/sp-2026-002526","apiStatus":"SUBMITTED","typeCode":"LAND_BASED_AQUACULTURE","createdAt":"2026-06-08","result":null,"evaluationFinishedAt":null,"evaluation":[{"org":"Vestland fylkeskommune","responsible":true,"decisions":[],"statements":[]},{"org":"Mattilsynet","responsible":false,"decisions":[],"statements":[]}]}},{"type":"Feature","geometry":{"type":"Point","coordinates":[6.98345,58.049417]},"properties":{"appNo":"SP-2026-002527","applicant":"HAUSVIK HAVLAB AS","orgNo":"926289675","type":"LAND_BASED_AQUACULTURE","kind":"Akvakultur på land","status":"SUBMITTED","submitted":"2026-06-08","navn":"HAUSVIK II","kommune":"Lyngdal","fylke":"Agder","species":"flekksteinbit","url":"https://www.fiskeridir.no/akvakultur/akvakultursoknader/sp-2026-002527","apiStatus":"SUBMITTED","typeCode":"LAND_BASED_AQUACULTURE","createdAt":"2026-06-08","result":null,"evaluationFinishedAt":null,"evaluation":[{"org":"Agder fylkeskommune","responsible":true,"decisions":[],"statements":[]},{"org":"Kystverket","responsible":false,"decisions":[],"statements":[]},{"org":"Mattilsynet","responsible":false,"decisions":[],"statements":[]},{"org":"Statsforvalteren i Agder","responsible":false,"decisions":[],"statements":[]},{"org":"Fiskeridirektoratet","responsible":false,"decisions":[],"statements":[]},{"org":"Lyngdal kommune","responsible":false,"decisions":[],"statements":[]}]}},{"type":"Feature","geometry":{"type":"Point","coordinates":[12.221967,65.910537]},"properties":{"appNo":"SP-2026-002528","applicant":"MOWI SEAWATER NORWAY AS","orgNo":"921668236","type":"CHANGE_SITE","kind":"Endring av lokalitet for laks, ørret og regnbueørret i sjø.","status":"SUBMITTED","submitted":"2026-06-19","loknr":11015,"navn":"BRATTHOLMEN","kommune":"Alstahaug","fylke":"Nordland","areaChanged":true,"plannedProd":6000,"feed":6600,"cycleMonths":18,"netDepth":3500,"netType":"Tradisjonell sylinderpose.","netTreatment":"AquaNet Protect (kobberfri impregnering). Produktblad følger vedlagt","species":"Laks, Ørret, Regnbueørret","prodArea":"Helgeland til Bodø","url":"https://www.fiskeridir.no/akvakultur/akvakultursoknader/sp-2026-002528","apiStatus":"SUBMITTED","typeCode":"CHANGE_SITE","createdAt":"2026-06-09","result":null,"evaluationFinishedAt":null,"evaluation":[{"org":"Nordland fylkeskommune","responsible":true,"decisions":[],"statements":[]},{"org":"Kystverket","responsible":false,"decisions":[],"statements":[]},{"org":"Statsforvalteren i Nordland","responsible":false,"decisions":[],"statements":[]},{"org":"Fiskeridirektoratet","responsible":false,"decisions":[],"statements":[]}]}},{"type":"Feature","geometry":{"type":"Point","coordinates":[6.984717,58.049783]},"properties":{"appNo":"SP-2026-002529","applicant":"HALINOR AS","orgNo":"934928601","type":"LAND_BASED_AQUACULTURE","kind":"Akvakultur på land","status":"SUBMITTED","submitted":"2026-06-09","navn":"HAUSVIK III","kommune":"Lyngdal","fylke":"Agder","species":"kveite","url":"https://www.fiskeridir.no/akvakultur/akvakultursoknader/sp-2026-002529","apiStatus":"SUBMITTED","typeCode":"LAND_BASED_AQUACULTURE","createdAt":"2026-06-09","result":null,"evaluationFinishedAt":null,"evaluation":[{"org":"Agder fylkeskommune","responsible":true,"decisions":[],"statements":[]},{"org":"Kystverket","responsible":false,"decisions":[],"statements":[]},{"org":"Mattilsynet","responsible":false,"decisions":[],"statements":[]},{"org":"Statsforvalteren i Agder","responsible":false,"decisions":[],"statements":[]},{"org":"Fiskeridirektoratet","responsible":false,"decisions":[],"statements":[]},{"org":"Lyngdal kommune","responsible":false,"decisions":[],"statements":[]}]}},{"type":"Feature","geometry":{"type":"Point","coordinates":[15.583833,67.355283]},"properties":{"appNo":"SP-2026-002530","applicant":"SISOMAR AS","orgNo":"987520507","type":"LAND_BASED_AQUACULTURE","kind":"Akvakultur på land","status":"SUBMITTED","submitted":"2026-06-11","navn":"TROLLBUKTA","kommune":"Sørfold","fylke":"Nordland","species":"laks","url":"https://www.fiskeridir.no/akvakultur/akvakultursoknader/sp-2026-002530","apiStatus":"SUBMITTED","typeCode":"LAND_BASED_AQUACULTURE","createdAt":"2026-06-11","result":null,"evaluationFinishedAt":null,"evaluation":[{"org":"Kystverket","responsible":false,"decisions":[],"statements":[]},{"org":"Mattilsynet","responsible":false,"decisions":[],"statements":[]},{"org":"Statsforvalteren i Nordland","responsible":false,"decisions":[],"statements":[]},{"org":"Fiskeridirektoratet","responsible":false,"decisions":[],"statements":[]},{"org":"Nordland fylkeskommune","responsible":true,"decisions":[],"statements":[]}]}},{"type":"Feature","geometry":{"type":"Point","coordinates":[12.19735,65.373617]},"properties":{"appNo":"SP-2026-002531","applicant":"CAPIPRO AS","orgNo":"933023796","type":"LAND_BASED_AQUACULTURE","kind":"Akvakultur på land","status":"SUBMITTED","submitted":"2026-06-12","navn":"Berg N","kommune":"Sømna","fylke":"Nordland","species":"unknown","url":"https://www.fiskeridir.no/akvakultur/akvakultursoknader/sp-2026-002531","apiStatus":"SUBMITTED","typeCode":"LAND_BASED_AQUACULTURE","createdAt":"2026-06-12","result":null,"evaluationFinishedAt":null,"evaluation":[{"org":"Nordland fylkeskommune","responsible":true,"decisions":[],"statements":[]}]}},{"type":"Feature","geometry":{"type":"Point","coordinates":[5.330246,62.010228]},"properties":{"appNo":"SP-2026-002532","applicant":"MOWI SEAWATER NORWAY AS","orgNo":"921668236","type":"CHANGE_SITE","kind":"Endring av lokalitet for laks, ørret og regnbueørret i sjø.","status":"SUBMITTED","submitted":"2026-06-12","loknr":13612,"navn":"RUNDREIMSTRANDA","kommune":"Stad","fylke":"Vestland","areaChanged":true,"plannedProd":2900,"feed":3100,"cycleMonths":22,"netDepth":2600,"netType":"Dobbel barriere med både dukpose og notpose.\n\nDukpose: Biobrane 2050, V 30.000m3, ø 44m, dybde ca 30 m\n\nNotpose: V 25.000 m3, dybde 26 m","netTreatment":"Ingen","species":"Laks, Ørret, Regnbueørret","prodArea":"Nordhordland til Stadt","url":"https://www.fiskeridir.no/akvakultur/akvakultursoknader/sp-2026-002532","apiStatus":"SUBMITTED","typeCode":"CHANGE_SITE","createdAt":"2026-06-12","result":null,"evaluationFinishedAt":null,"evaluation":[{"org":"Kystverket","responsible":false,"decisions":[],"statements":[]},{"org":"Mattilsynet","responsible":false,"decisions":[],"statements":[]},{"org":"Statsforvalteren i Vestland","responsible":false,"decisions":[],"statements":[]},{"org":"Fiskeridirektoratet","responsible":false,"decisions":[],"statements":[]},{"org":"Stad kommune","responsible":false,"decisions":[],"statements":[{"at":"2026-09-07"}]},{"org":"Vestland fylkeskommune","responsible":true,"decisions":[],"statements":[]}]}},{"type":"Feature","geometry":{"type":"Point","coordinates":[10.720333,59.945767]},"properties":{"appNo":"SP-2026-002533","applicant":"UNIVERSITETET I OSLO","orgNo":"971035854","type":"LAND_BASED_AQUACULTURE","kind":"Akvakultur på land","status":"SUBMITTED","submitted":"2026-07-01","navn":"UiO LVB FISK","kommune":"Oslo","fylke":"Oslo","species":"gullfisk","url":"https://www.fiskeridir.no/akvakultur/akvakultursoknader/sp-2026-002533","apiStatus":"SUBMITTED","typeCode":"LAND_BASED_AQUACULTURE","createdAt":"2026-06-14","result":null,"evaluationFinishedAt":null,"evaluation":[{"org":"Oslo kommune","responsible":true,"decisions":[],"statements":[]}]}},{"type":"Feature","geometry":{"type":"Point","coordinates":[6.64522,62.854276]},"properties":{"appNo":"SP-2026-002534","applicant":"ODE AS","orgNo":"925795488","type":"OTHER_FISH_SPECIES","kind":"Ny tillatelse til andre fiskearter enn laks, ørret og regnbueørret.","status":"RETURNED","submitted":"2026-06-15","loknr":45155,"navn":"HOLMSKALLEN","kommune":"Ålesund","fylke":"Møre og Romsdal","areaChanged":true,"biomass":6240,"plannedProd":6666,"feed":7672,"cycleMonths":24,"netDepth":3800,"netType":"ScaleAQ 560 Dyneema 172m, sylinderpose.","netTreatment":"Kopperfri coating","species":"torsk","prodArea":"Stadt til Hustadvika","url":"https://www.fiskeridir.no/akvakultur/akvakultursoknader/sp-2026-002534","apiStatus":"RETURNED","typeCode":"OTHER_FISH_SPECIES","createdAt":"2026-06-15","result":null,"evaluationFinishedAt":null,"evaluation":[{"org":"Møre og Romsdal fylkeskommune","responsible":true,"decisions":[],"statements":[]}]}},{"type":"Feature","geometry":{"type":"Point","coordinates":[5.014117,61.292783]},"properties":{"appNo":"SP-2026-002536","applicant":"FLOKENES FISKEFARM AS","orgNo":"931887750","type":"CO_LOCATION_APPLICATION","kind":"Søknad om samlokalisering","status":"SUBMITTED","submitted":"2026-06-18","loknr":33597,"navn":"GRYTØYRAHOLMEN","kommune":"Fjaler","fylke":"Vestland","species":"Laks, Ørret, Regnbueørret","prodArea":"Nordhordland til Stadt","licences":"SF-A-0009","url":"https://www.fiskeridir.no/akvakultur/akvakultursoknader/sp-2026-002536","apiStatus":"SUBMITTED","typeCode":"CO_LOCATION_APPLICATION","createdAt":"2026-06-18","result":null,"evaluationFinishedAt":null,"evaluation":[{"org":"Vestland fylkeskommune","responsible":true,"decisions":[],"statements":[]}]}},{"type":"Feature","geometry":{"type":"Point","coordinates":[10.951531,64.808391]},"properties":{"appNo":"SP-2026-002538","applicant":"SALMAR OPPDRETT AS","orgNo":"928957489","type":"NEW_SITE","kind":"Ny lokalitet for laks, ørret og regnbueørret i sjø.","status":"SUBMITTED","submitted":"2026-06-24","navn":"Vardholmen","kommune":"Nærøysund","fylke":"Trøndelag","areaChanged":true,"biomass":6240,"plannedProd":6500,"feed":7500,"cycleMonths":17,"netDepth":3500,"netType":"Mest aktuelt med konvensjonell sylindernot tilpasset 160m sirkelmerder i PE. Dybde fra overflate ned til 15 -20 meter i sider og 35 meter i spiss. Mulighet for hev -senkenot -nedsenket drift 30 - 70 meters notdybde.","netTreatment":"HDPE-nøter ubehandlet HDPE. Nylonnøter NP 30 (Biocidfri coating)..","species":"Laks, Ørret, Regnbueørret","licences":"NT-NR-0002,NT-NR-0051,NT-NR-0055,NT-NR-0056,NT-V-0001,NT-V-0010,NT-V-0013,NT-V-0027","url":"https://www.fiskeridir.no/akvakultur/akvakultursoknader/sp-2026-002538","apiStatus":"SUBMITTED","typeCode":"NEW_SITE","createdAt":"2026-06-24","result":null,"evaluationFinishedAt":null,"evaluation":[{"org":"Trøndelag fylkeskommune","responsible":true,"decisions":[],"statements":[]},{"org":"Nærøysund kommune","responsible":false,"decisions":[],"statements":[{"at":"2026-09-15"}]},{"org":"Kystverket","responsible":false,"decisions":[],"statements":[]},{"org":"Mattilsynet","responsible":false,"decisions":[],"statements":[]},{"org":"Statsforvalteren i Trøndelag","responsible":false,"decisions":[],"statements":[]},{"org":"Fiskeridirektoratet","responsible":false,"decisions":[],"statements":[]}]}},{"type":"Feature","geometry":{"type":"Point","coordinates":[6.115229,62.081045]},"properties":{"appNo":"SP-2026-002571","applicant":"NORDIC HALIBUT AS","orgNo":"974526441","type":"OTHER_FISH_SPECIES","kind":"Ny tillatelse til andre fiskearter enn laks, ørret og regnbueørret.","status":"SUBMITTED","submitted":"2026-06-25","navn":"Skardsteinane","kommune":"Volda","fylke":"Møre og Romsdal","areaChanged":true,"biomass":2340,"plannedProd":2400,"feed":3000,"cycleMonths":60,"netDepth":2000,"netType":"Hev/senk not med flatbunn tilpasset kveite.","netTreatment":"Kobberfri impregnering Aqua nett protect fra Steen Hansen.","species":"kveite","url":"https://www.fiskeridir.no/akvakultur/akvakultursoknader/sp-2026-002571","apiStatus":"SUBMITTED","typeCode":"OTHER_FISH_SPECIES","createdAt":"2026-06-25","result":null,"evaluationFinishedAt":null,"evaluation":[{"org":"Møre og Romsdal fylkeskommune","responsible":true,"decisions":[],"statements":[]},{"org":"Kystverket","responsible":false,"decisions":[],"statements":[]},{"org":"Mattilsynet","responsible":false,"decisions":[],"statements":[]},{"org":"Statsforvalteren i Møre og Romsdal","responsible":false,"decisions":[],"statements":[]},{"org":"Fiskeridirektoratet","responsible":false,"decisions":[],"statements":[]},{"org":"Volda kommune","responsible":false,"decisions":[],"statements":[]}]}},{"type":"Feature","geometry":{"type":"Point","coordinates":[6.696767,62.664767]},"properties":{"appNo":"SP-2026-002573","applicant":"NORSK EDELFISK HAVBRUK AS","orgNo":"921709218","type":"CO_LOCATION_APPLICATION","kind":"Søknad om samlokalisering","status":"SUBMITTED","submitted":"2026-06-25","loknr":12260,"navn":"JUVIKA","kommune":"Molde","fylke":"Møre og Romsdal","species":"Laks, Ørret, Regnbueørret","prodArea":"Stadt til Hustadvika","licences":"M-VS-0025","url":"https://www.fiskeridir.no/akvakultur/akvakultursoknader/sp-2026-002573","apiStatus":"SUBMITTED","typeCode":"CO_LOCATION_APPLICATION","createdAt":"2026-06-25","result":null,"evaluationFinishedAt":null,"evaluation":[{"org":"Møre og Romsdal fylkeskommune","responsible":true,"decisions":[],"statements":[]},{"org":"Kystverket","responsible":false,"decisions":[],"statements":[]},{"org":"Mattilsynet","responsible":false,"decisions":[],"statements":[]},{"org":"Statsforvalteren i Møre og Romsdal","responsible":false,"decisions":[],"statements":[]},{"org":"Fiskeridirektoratet","responsible":false,"decisions":[],"statements":[]}]}},{"type":"Feature","geometry":{"type":"Point","coordinates":[20.69315,69.957833]},"properties":{"appNo":"SP-2026-002576","applicant":"Lerøy Aurora AS","orgNo":"985940460","kind":"Samlokaliseringsmelding","status":"SUBMITTED","submitted":"2026-06-26","navn":"KÅVIKA","loknr":16736,"kommune":"Skjervøy","fylke":"Troms","prodArea":"Kvaløya til Loppa","species":"Laks, Ørret, Regnbueørret","url":"https://www.fiskeridir.no/akvakultur/akvakultursoknader/sp-2026-002576","source":"list","apiStatus":"PROCESSED","typeCode":"CO_LOCATION_MESSAGE","createdAt":"2026-06-26","result":"GRANTED","evaluationFinishedAt":"2026-09-23","evaluation":[{"org":"Fiskeridirektoratet","responsible":false,"decisions":[],"statements":[{"at":"2026-09-18"}]},{"org":"Statsforvalteren i Troms og Finnmark","responsible":false,"decisions":[{"result":"NO_DECISION","at":"2026-08-28"}],"statements":[{"at":"2026-08-28"}]},{"org":"Mattilsynet","responsible":false,"decisions":[],"statements":[]},{"org":"Troms fylkeskommune","responsible":true,"decisions":[{"result":"GRANTED","at":"2026-09-23"}],"statements":[]}]}},{"type":"Feature","geometry":{"type":"Point","coordinates":[13.206577,66.582145]},"properties":{"appNo":"SP-2026-002577","applicant":"MOWI SEAWATER NORWAY AS","orgNo":"921668236","type":"CHANGE_SITE","kind":"Endring av lokalitet for laks, ørret og regnbueørret i sjø.","status":"SUBMITTED","submitted":"2026-06-26","loknr":45080,"navn":"HESTVIK","kommune":"Rødøy","fylke":"Nordland","areaChanged":true,"biomass":5400,"plannedProd":6000,"feed":6500,"cycleMonths":18,"netDepth":3500,"netType":"Tradisjonell sylinderpose.","netTreatment":"AquaNet Protect (kobberfri). Produktblad følger vedlagt søknad.","species":"Laks, Ørret, Regnbueørret","prodArea":"Helgeland til Bodø","url":"https://www.fiskeridir.no/akvakultur/akvakultursoknader/sp-2026-002577","apiStatus":"SUBMITTED","typeCode":"CHANGE_SITE","createdAt":"2026-06-26","result":null,"evaluationFinishedAt":null,"evaluation":[{"org":"Nordland fylkeskommune","responsible":true,"decisions":[],"statements":[]}]}},{"type":"Feature","geometry":{"type":"Point","coordinates":[8.3125,61.636389]},"properties":{"appNo":"SP-2026-002578","applicant":"LERØY MIDT AS","orgNo":"985848718","type":"SPECIAL_INTENTION","kind":"Særlige formå","status":"SUBMITTED","submitted":"2026-06-26","url":"https://www.fiskeridir.no/akvakultur/akvakultursoknader/sp-2026-002578","apiStatus":"SUBMITTED","typeCode":"SPECIAL_INTENTION","createdAt":"2026-06-26","result":null,"evaluationFinishedAt":null,"evaluation":[{"org":"Fiskeridirektoratet","responsible":true,"decisions":[],"statements":[]}]}},{"type":"Feature","geometry":{"type":"Point","coordinates":[8.409207,63.819661]},"properties":{"appNo":"SP-2026-002579","applicant":"MOWI SEAWATER NORWAY AS","orgNo":"921668236","type":"MINOR_AREA_CHANGES","kind":"Endring av flåte eller forankring","status":"SUBMITTED","submitted":"2026-06-26","loknr":36877,"navn":"MUNKSKJÆRA","kommune":"Frøya","fylke":"Trøndelag","areaChanged":true,"prodArea":"Nordmøre og Sør-Trøndelag","url":"https://www.fiskeridir.no/akvakultur/akvakultursoknader/sp-2026-002579","apiStatus":"SUBMITTED","typeCode":"MINOR_AREA_CHANGES","createdAt":"2026-06-26","result":null,"evaluationFinishedAt":null,"evaluation":[{"org":"Trøndelag fylkeskommune","responsible":true,"decisions":[],"statements":[]},{"org":"Mattilsynet","responsible":false,"decisions":[],"statements":[]},{"org":"Frøya kommune","responsible":false,"decisions":[],"statements":[]},{"org":"Statsforvalteren i Trøndelag","responsible":false,"decisions":[],"statements":[]},{"org":"Fiskeridirektoratet","responsible":false,"decisions":[],"statements":[]}]}},{"type":"Feature","geometry":{"type":"Point","coordinates":[8.3125,61.636389]},"properties":{"appNo":"SP-2026-002580","applicant":"KLEIVA FISKEFARM AS","orgNo":"942027672","type":"SPECIAL_INTENTION","kind":"Særlige formå","status":"SUBMITTED","submitted":"2026-06-26","url":"https://www.fiskeridir.no/akvakultur/akvakultursoknader/sp-2026-002580","apiStatus":"SUBMITTED","typeCode":"SPECIAL_INTENTION","createdAt":"2026-06-26","result":null,"evaluationFinishedAt":null,"evaluation":[{"org":"Fiskeridirektoratet","responsible":true,"decisions":[],"statements":[]}]}},{"type":"Feature","geometry":{"type":"Point","coordinates":[5.176167,61.916833]},"properties":{"appNo":"SP-2026-002581","applicant":"VESTLAND FYLKESKOMMUNE","orgNo":"821311632","type":"LAND_BASED_AQUACULTURE","kind":"Akvakultur på land","status":"RETURNED","submitted":"2026-06-27","navn":"Måløy vgs","kommune":"Kinn","fylke":"Vestland","species":"laks","url":"https://www.fiskeridir.no/akvakultur/akvakultursoknader/sp-2026-002581","apiStatus":"RETURNED","typeCode":"LAND_BASED_AQUACULTURE","createdAt":"2026-06-27","result":null,"evaluationFinishedAt":null,"evaluation":[{"org":"Vestland fylkeskommune","responsible":true,"decisions":[],"statements":[]},{"org":"Rogaland fylkeskommune","responsible":true,"decisions":[],"statements":[]}]}},{"type":"Feature","geometry":{"type":"Point","coordinates":[14.2901,67.174967]},"properties":{"appNo":"SP-2026-002582","applicant":"ORGANIC SEAFARM AS","orgNo":"996198944","type":"CHANGE_SITE","kind":"Endring av lokalitet for laks, ørret og regnbueørret i sjø.","status":"SUBMITTED","submitted":"2026-07-02","loknr":45037,"navn":"Kjølvika I","kommune":"Gildeskål","fylke":"Nordland","biomass":2576,"plannedProd":3700,"feed":4200,"cycleMonths":17,"netDepth":3500,"netType":"Sylyndernot fra Egersund","netTreatment":"Greenline og Aquanet B30","species":"Laks, Ørret, Regnbueørret","prodArea":"Helgeland til Bodø","url":"https://www.fiskeridir.no/akvakultur/akvakultursoknader/sp-2026-002582","apiStatus":"SUBMITTED","typeCode":"CHANGE_SITE","createdAt":"2026-06-29","result":null,"evaluationFinishedAt":null,"evaluation":[{"org":"Kystverket","responsible":false,"decisions":[],"statements":[]},{"org":"Mattilsynet","responsible":false,"decisions":[],"statements":[]},{"org":"Statsforvalteren i Nordland","responsible":false,"decisions":[],"statements":[]},{"org":"Gildeskål kommune","responsible":false,"decisions":[],"statements":[]},{"org":"Fiskeridirektoratet","responsible":false,"decisions":[],"statements":[]},{"org":"Nordland fylkeskommune","responsible":true,"decisions":[],"statements":[]}]}},{"type":"Feature","geometry":{"type":"Point","coordinates":[5.637294,60.221857]},"properties":{"appNo":"SP-2026-002583","applicant":"BOLAKS SJØ AS","orgNo":"929068300","type":"CHANGE_SITE","kind":"Endring av lokalitet for laks, ørret og regnbueørret i sjø.","status":"SUBMITTED","submitted":"2026-06-30","loknr":10324,"navn":"GJERDEVIKSFLUA","kommune":"Bjørnafjorden","fylke":"Vestland","areaChanged":true,"plannedProd":2000,"feed":2200,"cycleMonths":16,"netDepth":5000,"netType":"Spagettinot","netTreatment":"Respect E3 Hybrid","species":"Laks, Ørret, Regnbueørret","prodArea":"Karmøy til Sotra","url":"https://www.fiskeridir.no/akvakultur/akvakultursoknader/sp-2026-002583","apiStatus":"SUBMITTED","typeCode":"CHANGE_SITE","createdAt":"2026-06-30","result":null,"evaluationFinishedAt":null,"evaluation":[{"org":"Kystverket","responsible":false,"decisions":[],"statements":[]},{"org":"Bjørnafjorden kommune","responsible":false,"decisions":[],"statements":[]},{"org":"Statsforvalteren i Vestland","responsible":false,"decisions":[],"statements":[]},{"org":"Fiskeridirektoratet","responsible":false,"decisions":[],"statements":[]},{"org":"Vestland fylkeskommune","responsible":true,"decisions":[],"statements":[]}]}},{"type":"Feature","geometry":{"type":"Point","coordinates":[5.802245,59.350969]},"properties":{"appNo":"SP-2026-002616","applicant":"RYFYLKE RENSEFISK AS","orgNo":"983350755","type":"LAND_BASED_AQUACULTURE","kind":"Akvakultur på land","status":"SUBMITTED","submitted":"2026-06-30","navn":"HINDERÅVÅG","species":"berggylte","url":"https://www.fiskeridir.no/akvakultur/akvakultursoknader/sp-2026-002616","apiStatus":"SUBMITTED","typeCode":"LAND_BASED_AQUACULTURE","createdAt":"2026-06-30","result":null,"evaluationFinishedAt":null,"evaluation":[{"org":"Rogaland fylkeskommune","responsible":true,"decisions":[],"statements":[]},{"org":"Mattilsynet","responsible":false,"decisions":[],"statements":[]}]}},{"type":"Feature","geometry":{"type":"Point","coordinates":[6.35625,60.406717]},"properties":{"appNo":"SP-2026-002618","applicant":"LINGALAKS AS","orgNo":"960900626","type":"CO_LOCATION_APPLICATION","kind":"Søknad om samlokalisering","status":"SUBMITTED","submitted":"2026-06-30","loknr":10338,"navn":"DJUPEVIK","kommune":"Kvam","fylke":"Vestland","species":"Laks, Ørret, Regnbueørret","prodArea":"Karmøy til Sotra","licences":"H-AV-0006","url":"https://www.fiskeridir.no/akvakultur/akvakultursoknader/sp-2026-002618","apiStatus":"SUBMITTED","typeCode":"CO_LOCATION_APPLICATION","createdAt":"2026-06-30","result":null,"evaluationFinishedAt":null,"evaluation":[{"org":"Vestland fylkeskommune","responsible":true,"decisions":[],"statements":[]}]}},{"type":"Feature","geometry":{"type":"Point","coordinates":[6.697752,62.664209]},"properties":{"appNo":"SP-2026-002619","applicant":"PROPHYLAXIA AS","orgNo":"994829750","type":"CHANGE_SITE","kind":"Endring av lokalitet for laks, ørret og regnbueørret i sjø.","status":"SUBMITTED","submitted":"2026-06-30","loknr":12260,"navn":"JUVIKA","kommune":"Molde","fylke":"Møre og Romsdal","areaChanged":true,"biomass":3120,"plannedProd":3120,"feed":3900,"cycleMonths":22,"netDepth":2700,"netType":"Not som er planlagt benyttet på lokaliteten vil ha følgende eller tilsvarende spesifikasjon: \n\nNottype: Klasse 5 not\n125,7 m merd\n17,5 mm generasjonsnot\n\nDybde: 15 m + 12 m spiss (totalt 27 m dyp)","netTreatment":"E5 Greenline eller AquaNet permium","species":"Laks, Ørret, Regnbueørret","prodArea":"Stadt til Hustadvika","url":"https://www.fiskeridir.no/akvakultur/akvakultursoknader/sp-2026-002619","apiStatus":"SUBMITTED","typeCode":"CHANGE_SITE","createdAt":"2026-06-30","result":null,"evaluationFinishedAt":null,"evaluation":[{"org":"Kystverket","responsible":false,"decisions":[],"statements":[]},{"org":"Mattilsynet","responsible":false,"decisions":[],"statements":[]},{"org":"Statsforvalteren i Møre og Romsdal","responsible":false,"decisions":[],"statements":[]},{"org":"Fiskeridirektoratet","responsible":false,"decisions":[],"statements":[]},{"org":"Molde kommune","responsible":false,"decisions":[],"statements":[]},{"org":"Møre og Romsdal fylkeskommune","responsible":true,"decisions":[],"statements":[]}]}},{"type":"Feature","geometry":{"type":"Point","coordinates":[6.4012,60.41365]},"properties":{"appNo":"SP-2026-002620","applicant":"LINGALAKS AS","orgNo":"960900626","type":"CO_LOCATION_APPLICATION","kind":"Søknad om samlokalisering","status":"SUBMITTED","submitted":"2026-06-30","loknr":30717,"navn":"TVEITNES","kommune":"Kvam","fylke":"Vestland","species":"Laks, Ørret, Regnbueørret","prodArea":"Karmøy til Sotra","licences":"H-AV-0006","url":"https://www.fiskeridir.no/akvakultur/akvakultursoknader/sp-2026-002620","apiStatus":"SUBMITTED","typeCode":"CO_LOCATION_APPLICATION","createdAt":"2026-06-30","result":null,"evaluationFinishedAt":null,"evaluation":[{"org":"Vestland fylkeskommune","responsible":true,"decisions":[],"statements":[]}]}},{"type":"Feature","geometry":{"type":"Point","coordinates":[6.4012,60.41365]},"properties":{"appNo":"SP-2026-002621","applicant":"LINGALAKS AS","orgNo":"960900626","type":"CO_LOCATION_APPLICATION","kind":"Søknad om samlokalisering","status":"SUBMITTED","submitted":"2026-06-30","loknr":30717,"navn":"TVEITNES","kommune":"Kvam","fylke":"Vestland","species":"Laks, Ørret, Regnbueørret","prodArea":"Karmøy til Sotra","licences":"H-AV-0022","url":"https://www.fiskeridir.no/akvakultur/akvakultursoknader/sp-2026-002621","apiStatus":"SUBMITTED","typeCode":"CO_LOCATION_APPLICATION","createdAt":"2026-06-30","result":null,"evaluationFinishedAt":null,"evaluation":[{"org":"Vestland fylkeskommune","responsible":true,"decisions":[],"statements":[]}]}},{"type":"Feature","geometry":{"type":"Point","coordinates":[6.35625,60.406717]},"properties":{"appNo":"SP-2026-002622","applicant":"LINGALAKS AS","orgNo":"960900626","type":"CO_LOCATION_APPLICATION","kind":"Søknad om samlokalisering","status":"SUBMITTED","submitted":"2026-06-30","loknr":10338,"navn":"DJUPEVIK","kommune":"Kvam","fylke":"Vestland","species":"Laks, Ørret, Regnbueørret","prodArea":"Karmøy til Sotra","licences":"H-AV-0022","url":"https://www.fiskeridir.no/akvakultur/akvakultursoknader/sp-2026-002622","apiStatus":"SUBMITTED","typeCode":"CO_LOCATION_APPLICATION","createdAt":"2026-06-30","result":null,"evaluationFinishedAt":null,"evaluation":[{"org":"Vestland fylkeskommune","responsible":true,"decisions":[],"statements":[]}]}},{"type":"Feature","geometry":{"type":"Point","coordinates":[8.527802,63.824835]},"properties":{"appNo":"SP-2026-002623","applicant":"MOWI SEAWATER NORWAY AS","orgNo":"921668236","type":"MINOR_AREA_CHANGES","kind":"Endring av flåte eller forankring","status":"SUBMITTED","submitted":"2026-07-01","loknr":45244,"navn":"HINGSSKJÆRET","kommune":"Frøya","fylke":"Trøndelag","areaChanged":true,"prodArea":"Nordmøre og Sør-Trøndelag","url":"https://www.fiskeridir.no/akvakultur/akvakultursoknader/sp-2026-002623","apiStatus":"SUBMITTED","typeCode":"MINOR_AREA_CHANGES","createdAt":"2026-07-01","result":null,"evaluationFinishedAt":null,"evaluation":[{"org":"Statsforvalteren i Trøndelag","responsible":false,"decisions":[],"statements":[]},{"org":"Fiskeridirektoratet","responsible":false,"decisions":[],"statements":[]},{"org":"Trøndelag fylkeskommune","responsible":true,"decisions":[],"statements":[]},{"org":"Kystverket","responsible":false,"decisions":[],"statements":[]},{"org":"Frøya kommune","responsible":false,"decisions":[],"statements":[]}]}},{"type":"Feature","geometry":{"type":"Point","coordinates":[12.743668,66.616141]},"properties":{"appNo":"SP-2026-002624","applicant":"MORHUA AS","orgNo":"929027043","type":"OTHER_FISH_SPECIES","kind":"Ny tillatelse til andre fiskearter enn laks, ørret og regnbueørret.","status":"RETURNED","submitted":"2026-07-02","navn":"Risøya","kommune":"Rødøy","fylke":"Nordland","areaChanged":true,"biomass":3510,"plannedProd":4200,"feed":4650,"cycleMonths":22,"netDepth":3000,"netType":"Kombinasjonsnøter tilpasset arten, med best mulig teknologi mtp rømningsfare.","netTreatment":"Impregnering uten kobber, Steen-Hanssen protect, NetKem MP30","species":"torsk","url":"https://www.fiskeridir.no/akvakultur/akvakultursoknader/sp-2026-002624","apiStatus":"RETURNED","typeCode":"OTHER_FISH_SPECIES","createdAt":"2026-07-02","result":null,"evaluationFinishedAt":null,"evaluation":[{"org":"Nordland fylkeskommune","responsible":true,"decisions":[],"statements":[]}]}},{"type":"Feature","geometry":{"type":"Point","coordinates":[10.793867,64.432495]},"properties":{"appNo":"SP-2026-002626","applicant":"SEAWEED NORWAY AS","orgNo":"918529861","type":"NON_FISH_SPECIES","kind":"Ny tillatelse til andre arter enn fisk","status":"RETURNED","submitted":"2026-09-03","navn":"Vedvika","kommune":"Flatanger","fylke":"Trøndelag","areaChanged":true,"species":"sukkertare","url":"https://www.fiskeridir.no/akvakultur/akvakultursoknader/sp-2026-002626","apiStatus":"RETURNED","typeCode":"NON_FISH_SPECIES","createdAt":"2026-07-03","result":null,"evaluationFinishedAt":null,"evaluation":[{"org":"Trøndelag fylkeskommune","responsible":true,"decisions":[],"statements":[]}]}},{"type":"Feature","geometry":{"type":"Point","coordinates":[12.815283,65.249433]},"properties":{"appNo":"SP-2026-002627","applicant":"BENCHMARK GENETICS NORWAY AS","orgNo":"983506925","type":"CO_LOCATION_APPLICATION","kind":"Søknad om samlokalisering","status":"SUBMITTED","submitted":"2026-07-03","loknr":34917,"navn":"TOSEN","kommune":"Bindal","fylke":"Nordland","species":"Laks, Ørret, Regnbueørret","prodArea":"Nord-Trøndelag med Bindal","licences":"NT-NR-0062","url":"https://www.fiskeridir.no/akvakultur/akvakultursoknader/sp-2026-002627","apiStatus":"SUBMITTED","typeCode":"CO_LOCATION_APPLICATION","createdAt":"2026-07-03","result":null,"evaluationFinishedAt":null,"evaluation":[{"org":"Nordland fylkeskommune","responsible":true,"decisions":[],"statements":[]},{"org":"Kystverket","responsible":false,"decisions":[],"statements":[]},{"org":"Mattilsynet","responsible":false,"decisions":[],"statements":[{"at":"2026-07-21"}]},{"org":"Statsforvalteren i Nordland","responsible":false,"decisions":[],"statements":[]},{"org":"Fiskeridirektoratet","responsible":false,"decisions":[{"result":"DENIED","at":"2026-09-01"}],"statements":[]}]}},{"type":"Feature","geometry":{"type":"Point","coordinates":[12.071983,65.126583]},"properties":{"appNo":"SP-2026-002628","applicant":"BENCHMARK GENETICS NORWAY AS","orgNo":"983506925","type":"CO_LOCATION_APPLICATION","kind":"Søknad om samlokalisering","status":"SUBMITTED","submitted":"2026-07-03","loknr":10425,"navn":"HEGGVIKA","kommune":"Bindal","fylke":"Nordland","species":"Laks, Ørret, Regnbueørret","prodArea":"Nord-Trøndelag med Bindal","licences":"NT-NR-0062","url":"https://www.fiskeridir.no/akvakultur/akvakultursoknader/sp-2026-002628","apiStatus":"SUBMITTED","typeCode":"CO_LOCATION_APPLICATION","createdAt":"2026-07-03","result":null,"evaluationFinishedAt":null,"evaluation":[{"org":"Nordland fylkeskommune","responsible":true,"decisions":[],"statements":[]},{"org":"Kystverket","responsible":false,"decisions":[],"statements":[]},{"org":"Mattilsynet","responsible":false,"decisions":[],"statements":[{"at":"2026-07-21"}]},{"org":"Statsforvalteren i Nordland","responsible":false,"decisions":[],"statements":[]},{"org":"Fiskeridirektoratet","responsible":false,"decisions":[{"result":"DENIED","at":"2026-09-01"}],"statements":[]}]}},{"type":"Feature","geometry":{"type":"Point","coordinates":[8.447833,63.66275]},"properties":{"appNo":"SP-2026-002629","applicant":"MÅSØVAL LISENS AS","orgNo":"994300474","type":"CHANGE_SITE","kind":"Endring av lokalitet for laks, ørret og regnbueørret i sjø.","status":"SUBMITTED","submitted":"2026-07-06","loknr":38997,"navn":"ILSØYA 2","kommune":"Frøya","fylke":"Trøndelag","biomass":4680,"plannedProd":5000,"feed":5500,"cycleMonths":18,"netDepth":3000,"netType":"Sylinderpose","netTreatment":"miljøvennlig coating","species":"Laks, Ørret, Regnbueørret","prodArea":"Nordmøre og Sør-Trøndelag","url":"https://www.fiskeridir.no/akvakultur/akvakultursoknader/sp-2026-002629","apiStatus":"SUBMITTED","typeCode":"CHANGE_SITE","createdAt":"2026-07-06","result":null,"evaluationFinishedAt":null,"evaluation":[{"org":"Trøndelag fylkeskommune","responsible":true,"decisions":[],"statements":[]},{"org":"Mattilsynet","responsible":false,"decisions":[],"statements":[]},{"org":"Frøya kommune","responsible":false,"decisions":[],"statements":[]},{"org":"Statsforvalteren i Trøndelag","responsible":false,"decisions":[],"statements":[]},{"org":"Fiskeridirektoratet","responsible":false,"decisions":[],"statements":[]}]}},{"type":"Feature","geometry":{"type":"Point","coordinates":[8.86245,63.72205]},"properties":{"appNo":"SP-2026-002634","applicant":"TRØNDELAG FYLKESKOMMUNE","orgNo":"817920632","type":"SPECIAL_INTENTION_SITE_CLEARANCE","kind":"SPECIAL_INTENTION_SITE_CLEARANCE","status":"SUBMITTED","submitted":"2026-07-07","kommune":"Frøya","fylke":"Trøndelag","url":"https://www.fiskeridir.no/akvakultur/akvakultursoknader/sp-2026-002634","apiStatus":"SUBMITTED","typeCode":"SPECIAL_INTENTION_SITE_CLEARANCE","createdAt":"2026-07-07","result":null,"evaluationFinishedAt":null,"evaluation":[{"org":"Trøndelag fylkeskommune","responsible":true,"decisions":[],"statements":[]}]}},{"type":"Feature","geometry":{"type":"Point","coordinates":[10.53018,64.463301]},"properties":{"appNo":"SP-2026-002635","applicant":"ODE AS","orgNo":"925795488","type":"OTHER_FISH_SPECIES","kind":"Ny tillatelse til andre fiskearter enn laks, ørret og regnbueørret.","status":"SUBMITTED","submitted":"2026-08-10","navn":"Hasvåg","kommune":"Flatanger","fylke":"Trøndelag","areaChanged":true,"biomass":5780,"plannedProd":6117,"feed":7040,"cycleMonths":24,"netDepth":3700,"netType":"Sylindernot (notdybde: 37) og/eller hev-senk not (Not blir stående med tak/spiss mellom 35-80 m)","netTreatment":"Coating (biocidfri)","species":"torsk","url":"https://www.fiskeridir.no/akvakultur/akvakultursoknader/sp-2026-002635","apiStatus":"SUBMITTED","typeCode":"OTHER_FISH_SPECIES","createdAt":"2026-07-09","result":null,"evaluationFinishedAt":null,"evaluation":[{"org":"Trøndelag fylkeskommune","responsible":true,"decisions":[],"statements":[]},{"org":"Kystverket","responsible":false,"decisions":[],"statements":[]},{"org":"Mattilsynet","responsible":false,"decisions":[],"statements":[]},{"org":"Flatanger kommune","responsible":false,"decisions":[],"statements":[]},{"org":"Statsforvalteren i Trøndelag","responsible":false,"decisions":[],"statements":[]},{"org":"Fiskeridirektoratet","responsible":false,"decisions":[],"statements":[]}]}},{"type":"Feature","geometry":{"type":"Point","coordinates":[8.377197,63.547968]},"properties":{"appNo":"SP-2026-002636","applicant":"AMAR SEAFOOD AS","orgNo":"921211570","type":"OTHER_FISH_SPECIES","kind":"Ny tillatelse til andre fiskearter enn laks, ørret og regnbueørret.","status":"SUBMITTED","submitted":"2026-07-09","loknr":45287,"navn":"HELSØYA II","kommune":"Hitra","fylke":"Trøndelag","areaChanged":true,"biomass":3900,"plannedProd":2250,"feed":3150,"cycleMonths":30,"netDepth":2000,"netType":"160 meters flytekrager med sylinderposer og hyllesystem for kveite","netTreatment":"Coating (ikke kobber)","species":"kveite","url":"https://www.fiskeridir.no/akvakultur/akvakultursoknader/sp-2026-002636","apiStatus":"SUBMITTED","typeCode":"OTHER_FISH_SPECIES","createdAt":"2026-07-09","result":null,"evaluationFinishedAt":null,"evaluation":[{"org":"Trøndelag fylkeskommune","responsible":true,"decisions":[],"statements":[]},{"org":"Kystverket","responsible":false,"decisions":[],"statements":[]},{"org":"Hitra kommune","responsible":false,"decisions":[],"statements":[]},{"org":"Statsforvalteren i Trøndelag","responsible":false,"decisions":[],"statements":[]},{"org":"Fiskeridirektoratet","responsible":false,"decisions":[],"statements":[]}]}},{"type":"Feature","geometry":{"type":"Point","coordinates":[7.579364,62.928437]},"properties":{"appNo":"SP-2026-002637","applicant":"NORDIC HALIBUT AS","orgNo":"974526441","type":"OTHER_FISH_SPECIES","kind":"Ny tillatelse til andre fiskearter enn laks, ørret og regnbueørret.","status":"SUBMITTED","submitted":"2026-07-10","loknr":28776,"navn":"KREKVIKBOGEN","kommune":"Hustadvika","fylke":"Møre og Romsdal","areaChanged":true,"biomass":1560,"plannedProd":1600,"feed":2000,"cycleMonths":60,"netDepth":2000,"netType":"Hev/senk not med flatbunn tilpasset kveite","netTreatment":"Kobberfri impregnering Aqua nett protect fra Steen Hansen","species":"kveite","url":"https://www.fiskeridir.no/akvakultur/akvakultursoknader/sp-2026-002637","apiStatus":"SUBMITTED","typeCode":"OTHER_FISH_SPECIES","createdAt":"2026-07-10","result":null,"evaluationFinishedAt":null,"evaluation":[{"org":"Møre og Romsdal fylkeskommune","responsible":true,"decisions":[],"statements":[]},{"org":"Kystverket","responsible":false,"decisions":[],"statements":[]},{"org":"Hustadvika kommune","responsible":false,"decisions":[],"statements":[]},{"org":"Statsforvalteren i Møre og Romsdal","responsible":false,"decisions":[],"statements":[]},{"org":"Fiskeridirektoratet","responsible":false,"decisions":[],"statements":[]}]}},{"type":"Feature","geometry":{"type":"Point","coordinates":[12.469867,66.350267]},"properties":{"appNo":"SP-2026-002638","applicant":"LOVUNDLAKS SJØ AS","orgNo":"929601610","type":"CO_LOCATION_APPLICATION","kind":"Søknad om samlokalisering","status":"SUBMITTED","submitted":"2026-07-14","loknr":36337,"navn":"VARDSKJÆRET S","kommune":"Lurøy","fylke":"Nordland","species":"Laks, Ørret, Regnbueørret","prodArea":"Helgeland til Bodø","licences":"N-G-0063,N-G-0064,N-L-0069","url":"https://www.fiskeridir.no/akvakultur/akvakultursoknader/sp-2026-002638","apiStatus":"SUBMITTED","typeCode":"CO_LOCATION_APPLICATION","createdAt":"2026-07-14","result":null,"evaluationFinishedAt":null,"evaluation":[{"org":"Nordland fylkeskommune","responsible":true,"decisions":[],"statements":[]}]}},{"type":"Feature","geometry":{"type":"Point","coordinates":[12.66755,66.317367]},"properties":{"appNo":"SP-2026-002639","applicant":"LOVUNDLAKS SJØ AS","orgNo":"929601610","type":"CO_LOCATION_APPLICATION","kind":"Søknad om samlokalisering","status":"SUBMITTED","submitted":"2026-07-14","loknr":45241,"navn":"MANGVARDAN","kommune":"Lurøy","fylke":"Nordland","species":"Laks, Ørret, Regnbueørret","prodArea":"Helgeland til Bodø","licences":"N-G-0063,N-G-0064,N-L-0069","url":"https://www.fiskeridir.no/akvakultur/akvakultursoknader/sp-2026-002639","apiStatus":"SUBMITTED","typeCode":"CO_LOCATION_APPLICATION","createdAt":"2026-07-14","result":null,"evaluationFinishedAt":null,"evaluation":[{"org":"Nordland fylkeskommune","responsible":true,"decisions":[],"statements":[]}]}},{"type":"Feature","geometry":{"type":"Point","coordinates":[12.777717,66.3489]},"properties":{"appNo":"SP-2026-002640","applicant":"LOVUNDLAKS SJØ AS","orgNo":"929601610","type":"CO_LOCATION_APPLICATION","kind":"Søknad om samlokalisering","status":"SUBMITTED","submitted":"2026-07-14","loknr":32037,"navn":"GRASHOLMAN","kommune":"Lurøy","fylke":"Nordland","species":"Laks, Ørret, Regnbueørret","prodArea":"Helgeland til Bodø","licences":"N-G-0063,N-G-0064,N-L-0069","url":"https://www.fiskeridir.no/akvakultur/akvakultursoknader/sp-2026-002640","apiStatus":"SUBMITTED","typeCode":"CO_LOCATION_APPLICATION","createdAt":"2026-07-14","result":null,"evaluationFinishedAt":null,"evaluation":[{"org":"Nordland fylkeskommune","responsible":true,"decisions":[],"statements":[]}]}},{"type":"Feature","geometry":{"type":"Point","coordinates":[12.691067,66.578467]},"properties":{"appNo":"SP-2026-002641","applicant":"LOVUNDLAKS SJØ AS","orgNo":"929601610","type":"CO_LOCATION_APPLICATION","kind":"Søknad om samlokalisering","status":"SUBMITTED","submitted":"2026-07-14","loknr":45002,"navn":"Korsvika","kommune":"Lurøy","fylke":"Nordland","species":"Laks, Ørret, Regnbueørret","prodArea":"Helgeland til Bodø","licences":"N-G-0063,N-G-0064,N-L-0069","url":"https://www.fiskeridir.no/akvakultur/akvakultursoknader/sp-2026-002641","apiStatus":"SUBMITTED","typeCode":"CO_LOCATION_APPLICATION","createdAt":"2026-07-14","result":null,"evaluationFinishedAt":null,"evaluation":[{"org":"Nordland fylkeskommune","responsible":true,"decisions":[],"statements":[]}]}},{"type":"Feature","geometry":{"type":"Point","coordinates":[12.575617,66.550333]},"properties":{"appNo":"SP-2026-002642","applicant":"LOVUNDLAKS SJØ AS","orgNo":"929601610","type":"CO_LOCATION_APPLICATION","kind":"Søknad om samlokalisering","status":"SUBMITTED","submitted":"2026-07-14","loknr":45231,"navn":"SLØNGA","kommune":"Lurøy","fylke":"Nordland","species":"Laks, Ørret, Regnbueørret","prodArea":"Helgeland til Bodø","licences":"N-G-0063,N-G-0064,N-L-0069","url":"https://www.fiskeridir.no/akvakultur/akvakultursoknader/sp-2026-002642","apiStatus":"SUBMITTED","typeCode":"CO_LOCATION_APPLICATION","createdAt":"2026-07-14","result":null,"evaluationFinishedAt":null,"evaluation":[{"org":"Nordland fylkeskommune","responsible":true,"decisions":[],"statements":[]}]}},{"type":"Feature","geometry":{"type":"Point","coordinates":[15.161721,67.534672]},"properties":{"appNo":"SP-2026-002644","applicant":"MOWI SEAWATER NORWAY AS","orgNo":"921668236","type":"CHANGE_SITE","kind":"Endring av lokalitet for laks, ørret og regnbueørret i sjø.","status":"RETURNED","submitted":"2026-07-15","loknr":19235,"navn":"VINDVIKA","kommune":"Bodø","fylke":"Nordland","areaChanged":true,"biomass":3120,"plannedProd":4000,"feed":4500,"cycleMonths":18,"netDepth":3500,"netType":"Tradisjonell sylinderpose.","netTreatment":"Aquanet Protect","species":"Laks, Ørret, Regnbueørret","prodArea":"Vestfjorden og Vesterålen","url":"https://www.fiskeridir.no/akvakultur/akvakultursoknader/sp-2026-002644","apiStatus":"RETURNED","typeCode":"CHANGE_SITE","createdAt":"2026-07-15","result":null,"evaluationFinishedAt":null,"evaluation":[{"org":"Nordland fylkeskommune","responsible":true,"decisions":[],"statements":[]}]}},{"type":"Feature","geometry":{"type":"Point","coordinates":[13.524459,66.557496]},"properties":{"appNo":"SP-2026-002645","applicant":"MOWI SEAWATER NORWAY AS","orgNo":"921668236","type":"CHANGE_SITE","kind":"Endring av lokalitet for laks, ørret og regnbueørret i sjø.","status":"SUBMITTED","submitted":"2026-07-17","loknr":35977,"navn":"LIAN","kommune":"Rødøy","fylke":"Nordland","areaChanged":true,"plannedProd":4500,"feed":5000,"cycleMonths":18,"netDepth":3500,"netType":"Tredisjonell sylinderpose.","netTreatment":"AquaNet protect","species":"Laks, Ørret, Regnbueørret","prodArea":"Helgeland til Bodø","url":"https://www.fiskeridir.no/akvakultur/akvakultursoknader/sp-2026-002645","apiStatus":"SUBMITTED","typeCode":"CHANGE_SITE","createdAt":"2026-07-17","result":null,"evaluationFinishedAt":null,"evaluation":[{"org":"Nordland fylkeskommune","responsible":true,"decisions":[],"statements":[]}]}},{"type":"Feature","geometry":{"type":"Point","coordinates":[15.239067,67.752283]},"properties":{"appNo":"SP-2026-002646","applicant":"FOLLA ALGER AS","orgNo":"814439062","type":"SPECIAL_INTENTION_SITE_CLEARANCE","kind":"SPECIAL_INTENTION_SITE_CLEARANCE","status":"SUBMITTED","submitted":"2026-07-20","kommune":"Steigen","fylke":"Nordland","url":"https://www.fiskeridir.no/akvakultur/akvakultursoknader/sp-2026-002646","apiStatus":"SUBMITTED","typeCode":"SPECIAL_INTENTION_SITE_CLEARANCE","createdAt":"2026-07-20","result":null,"evaluationFinishedAt":null,"evaluation":[{"org":"Nordland fylkeskommune","responsible":true,"decisions":[],"statements":[]}]}},{"type":"Feature","geometry":{"type":"Point","coordinates":[12.575617,66.550333]},"properties":{"appNo":"SP-2026-002647","applicant":"HELGELAND LAKS AS","orgNo":"931064649","type":"CO_LOCATION_APPLICATION","kind":"Søknad om samlokalisering","status":"RETURNED","submitted":"2026-07-22","loknr":45231,"navn":"SLØNGA","kommune":"Lurøy","fylke":"Nordland","species":"Laks, Ørret, Regnbueørret","prodArea":"Helgeland til Bodø","licences":"N-G-0066","url":"https://www.fiskeridir.no/akvakultur/akvakultursoknader/sp-2026-002647","apiStatus":"RETURNED","typeCode":"CO_LOCATION_APPLICATION","createdAt":"2026-07-22","result":null,"evaluationFinishedAt":null,"evaluation":[{"org":"Nordland fylkeskommune","responsible":true,"decisions":[],"statements":[]}]}},{"type":"Feature","geometry":{"type":"Point","coordinates":[12.73575,66.476117]},"properties":{"appNo":"SP-2026-002648","applicant":"HELGELAND LAKS AS","orgNo":"931064649","type":"CO_LOCATION_APPLICATION","kind":"Søknad om samlokalisering","status":"SUBMITTED","submitted":"2026-07-22","loknr":38517,"navn":"MÅVÆR","kommune":"Lurøy","fylke":"Nordland","species":"Laks, Ørret, Regnbueørret","prodArea":"Helgeland til Bodø","licences":"N-G-0066,N-G-0067","url":"https://www.fiskeridir.no/akvakultur/akvakultursoknader/sp-2026-002648","apiStatus":"SUBMITTED","typeCode":"CO_LOCATION_APPLICATION","createdAt":"2026-07-22","result":null,"evaluationFinishedAt":null,"evaluation":[{"org":"Nordland fylkeskommune","responsible":true,"decisions":[],"statements":[]}]}},{"type":"Feature","geometry":{"type":"Point","coordinates":[12.777717,66.3489]},"properties":{"appNo":"SP-2026-002649","applicant":"HELGELAND LAKS AS","orgNo":"931064649","type":"CO_LOCATION_APPLICATION","kind":"Søknad om samlokalisering","status":"SUBMITTED","submitted":"2026-07-22","loknr":32037,"navn":"GRASHOLMAN","kommune":"Lurøy","fylke":"Nordland","species":"Laks, Ørret, Regnbueørret","prodArea":"Helgeland til Bodø","licences":"N-G-0066,N-G-0067","url":"https://www.fiskeridir.no/akvakultur/akvakultursoknader/sp-2026-002649","apiStatus":"SUBMITTED","typeCode":"CO_LOCATION_APPLICATION","createdAt":"2026-07-22","result":null,"evaluationFinishedAt":null,"evaluation":[{"org":"Nordland fylkeskommune","responsible":true,"decisions":[],"statements":[]}]}},{"type":"Feature","geometry":{"type":"Point","coordinates":[11.931067,65.880967]},"properties":{"appNo":"SP-2026-002650","applicant":"PHARMAQ AS","orgNo":"886953402","type":"SPECIAL_INTENTION_SITE_CLEARANCE","kind":"SPECIAL_INTENTION_SITE_CLEARANCE","status":"SUBMITTED","submitted":"2026-07-23","kommune":"Herøy","fylke":"Nordland","url":"https://www.fiskeridir.no/akvakultur/akvakultursoknader/sp-2026-002650","apiStatus":"SUBMITTED","typeCode":"SPECIAL_INTENTION_SITE_CLEARANCE","createdAt":"2026-07-23","result":null,"evaluationFinishedAt":null,"evaluation":[{"org":"Nordland fylkeskommune","responsible":true,"decisions":[],"statements":[]}]}},{"type":"Feature","geometry":{"type":"Point","coordinates":[6.696767,62.664767]},"properties":{"appNo":"SP-2026-002651","applicant":"PROPHYLAXIA AS","orgNo":"994829750","type":"CO_LOCATION_APPLICATION","kind":"Søknad om samlokalisering","status":"SUBMITTED","submitted":"2026-07-28","loknr":12260,"navn":"JUVIKA","kommune":"Molde","fylke":"Møre og Romsdal","species":"Laks, Ørret, Regnbueørret","prodArea":"Stadt til Hustadvika","licences":"M-SJ-0003,M-SJ-0005","url":"https://www.fiskeridir.no/akvakultur/akvakultursoknader/sp-2026-002651","apiStatus":"SUBMITTED","typeCode":"CO_LOCATION_APPLICATION","createdAt":"2026-07-28","result":null,"evaluationFinishedAt":null,"evaluation":[{"org":"Møre og Romsdal fylkeskommune","responsible":true,"decisions":[],"statements":[]},{"org":"Mattilsynet","responsible":false,"decisions":[],"statements":[]},{"org":"Statsforvalteren i Møre og Romsdal","responsible":false,"decisions":[],"statements":[]},{"org":"Fiskeridirektoratet","responsible":false,"decisions":[],"statements":[]}]}},{"type":"Feature","geometry":{"type":"Point","coordinates":[21.829884,69.852442]},"properties":{"appNo":"SP-2026-002684","applicant":"MOWI SEAWATER NORWAY AS","orgNo":"921668236","type":"CHANGE_SITE","kind":"Endring av lokalitet for laks, ørret og regnbueørret i sjø.","status":"SUBMITTED","submitted":"2026-07-29","loknr":10804,"navn":"KARVIKA","kommune":"Kvænangen","fylke":"Troms","areaChanged":true,"biomass":3900,"plannedProd":4500,"feed":5000,"cycleMonths":18,"netDepth":3500,"netType":"Tradisjonell sylinderpose.","netTreatment":"Aquanet Potect","species":"Laks, Ørret, Regnbueørret","prodArea":"Kvaløya til Loppa","licences":"T-KN-0005","url":"https://www.fiskeridir.no/akvakultur/akvakultursoknader/sp-2026-002684","apiStatus":"SUBMITTED","typeCode":"CHANGE_SITE","createdAt":"2026-07-29","result":null,"evaluationFinishedAt":null,"evaluation":[{"org":"Troms fylkeskommune","responsible":true,"decisions":[],"statements":[]},{"org":"Kystverket","responsible":false,"decisions":[],"statements":[]},{"org":"Mattilsynet","responsible":false,"decisions":[],"statements":[]},{"org":"Kvænangen kommune","responsible":false,"decisions":[],"statements":[]},{"org":"Statsforvalteren i Troms og Finnmark","responsible":false,"decisions":[],"statements":[]},{"org":"Fiskeridirektoratet","responsible":false,"decisions":[],"statements":[]}]}},{"type":"Feature","geometry":{"type":"Point","coordinates":[12.777864,66.556947]},"properties":{"appNo":"SP-2026-002717","applicant":"NORCOD AS","orgNo":"821489962","type":"MINOR_AREA_CHANGES","kind":"Endring av flåte eller forankring","status":"SUBMITTED","submitted":"2026-08-07","loknr":45225,"navn":"SELSØY","kommune":"Rødøy","fylke":"Nordland","areaChanged":true,"url":"https://www.fiskeridir.no/akvakultur/akvakultursoknader/sp-2026-002717","apiStatus":"SUBMITTED","typeCode":"MINOR_AREA_CHANGES","createdAt":"2026-07-31","result":null,"evaluationFinishedAt":null,"evaluation":[{"org":"Nordland fylkeskommune","responsible":true,"decisions":[],"statements":[]},{"org":"Kystverket","responsible":false,"decisions":[],"statements":[]},{"org":"Statsforvalteren i Nordland","responsible":false,"decisions":[],"statements":[]},{"org":"Rødøy kommune","responsible":false,"decisions":[],"statements":[]},{"org":"Fiskeridirektoratet","responsible":false,"decisions":[],"statements":[]}]}},{"type":"Feature","geometry":{"type":"Point","coordinates":[17.440567,69.00265]},"properties":{"appNo":"SP-2026-002718","applicant":"NORDLAKS HAVBRUK AS","orgNo":"929911946","type":"CHANGE_SITE","kind":"Endring av lokalitet for laks, ørret og regnbueørret i sjø.","status":"SUBMITTED","submitted":"2026-08-04","loknr":35317,"navn":"LITJEVIKA","kommune":"Dyrøy","fylke":"Troms","biomass":5400,"plannedProd":6000,"feed":6700,"cycleMonths":17,"netDepth":5500,"netType":"Bruker ordinære spissposer, vanligvis med notlin av nylon. Sylinderposer kan også være aktuelt.","netTreatment":"Bruker vanligvis impregnering med antigroemiddel. Som regel kobber i relativt lav konsentrasjon.","species":"Laks, Ørret, Regnbueørret","prodArea":"Andøya til Senja","url":"https://www.fiskeridir.no/akvakultur/akvakultursoknader/sp-2026-002718","apiStatus":"SUBMITTED","typeCode":"CHANGE_SITE","createdAt":"2026-08-04","result":null,"evaluationFinishedAt":null,"evaluation":[{"org":"Troms fylkeskommune","responsible":true,"decisions":[],"statements":[]},{"org":"Kystverket","responsible":false,"decisions":[],"statements":[]},{"org":"Mattilsynet","responsible":false,"decisions":[],"statements":[]},{"org":"Statsforvalteren i Troms og Finnmark","responsible":false,"decisions":[],"statements":[]},{"org":"Fiskeridirektoratet","responsible":false,"decisions":[],"statements":[]}]}},{"type":"Feature","geometry":{"type":"Point","coordinates":[10.424967,64.356583]},"properties":{"appNo":"SP-2026-002719","applicant":"BJØRØYA AS","orgNo":"932186497","type":"CHANGE_SITE","kind":"Endring av lokalitet for laks, ørret og regnbueørret i sjø.","status":"SUBMITTED","submitted":"2026-08-05","loknr":38277,"navn":"NORDRE SKOKKELØY","kommune":"Osen","fylke":"Trøndelag","plannedProd":4000,"feed":4700,"cycleMonths":18,"netDepth":3000,"netType":"Sylinderpose 15m sider og 30m i spiss.","netTreatment":"Coating","species":"Laks, Ørret, Regnbueørret","prodArea":"Nordmøre og Sør-Trøndelag","url":"https://www.fiskeridir.no/akvakultur/akvakultursoknader/sp-2026-002719","apiStatus":"SUBMITTED","typeCode":"CHANGE_SITE","createdAt":"2026-08-05","result":null,"evaluationFinishedAt":null,"evaluation":[{"org":"Statsforvalteren i Trøndelag","responsible":false,"decisions":[],"statements":[]},{"org":"Trøndelag fylkeskommune","responsible":true,"decisions":[],"statements":[]}]}},{"type":"Feature","geometry":{"type":"Point","coordinates":[12.385102,65.954218]},"properties":{"appNo":"SP-2026-002720","applicant":"KOBBVÅGLAKS AS","orgNo":"937875312","type":"NEW_SITE","kind":"Ny lokalitet for laks, ørret og regnbueørret i sjø.","status":"SUBMITTED","submitted":"2026-08-27","navn":"Valløya","kommune":"Alstahaug","fylke":"Nordland","areaChanged":true,"biomass":2608,"plannedProd":2828,"feed":3394,"cycleMonths":20,"netDepth":2600,"netType":"120 meter sylindernot. \nStandard 15 meter til bly, og 26 meter i spiss.","netTreatment":"NP Quick","species":"Laks, Ørret, Regnbueørret","licences":"N-HR-0017,N-HR-0070,N-HR-0075","url":"https://www.fiskeridir.no/akvakultur/akvakultursoknader/sp-2026-002720","apiStatus":"SUBMITTED","typeCode":"NEW_SITE","createdAt":"2026-08-10","result":null,"evaluationFinishedAt":null,"evaluation":[{"org":"Nordland fylkeskommune","responsible":true,"decisions":[],"statements":[]},{"org":"Kystverket","responsible":false,"decisions":[],"statements":[]},{"org":"Mattilsynet","responsible":false,"decisions":[],"statements":[]},{"org":"Alstahaug kommune","responsible":false,"decisions":[],"statements":[]},{"org":"Statsforvalteren i Nordland","responsible":false,"decisions":[],"statements":[]},{"org":"Fiskeridirektoratet","responsible":false,"decisions":[],"statements":[]}]}},{"type":"Feature","geometry":{"type":"Point","coordinates":[5.390342,59.251746]},"properties":{"appNo":"SP-2026-002722","applicant":"GRIEG SEAFOOD FARMING AS","orgNo":"935496578","type":"CHANGE_SITE","kind":"Endring av lokalitet for laks, ørret og regnbueørret i sjø.","status":"SUBMITTED","submitted":"2026-08-14","loknr":17575,"navn":"TOLLAKSHOLMEN","kommune":"Bokn","fylke":"Rogaland","areaChanged":true,"plannedProd":5680,"feed":7100,"cycleMonths":10,"netDepth":4000,"netType":"Sylindernot","netTreatment":"NetCoating Plus og Respect C1.","species":"Laks, Ørret, Regnbueørret","prodArea":"Ryfylket","url":"https://www.fiskeridir.no/akvakultur/akvakultursoknader/sp-2026-002722","apiStatus":"SUBMITTED","typeCode":"CHANGE_SITE","createdAt":"2026-08-14","result":null,"evaluationFinishedAt":null,"evaluation":[{"org":"Rogaland fylkeskommune","responsible":true,"decisions":[],"statements":[]},{"org":"Kystverket","responsible":false,"decisions":[],"statements":[]},{"org":"Bokn kommune","responsible":false,"decisions":[],"statements":[]}]}},{"type":"Feature","geometry":{"type":"Point","coordinates":[12.157333,66.1008]},"properties":{"appNo":"SP-2026-002723","applicant":"KOBBVÅGLAKS AS","orgNo":"937875312","type":"CO_LOCATION_APPLICATION","kind":"Søknad om samlokalisering","status":"SUBMITTED","submitted":"2026-08-18","loknr":35777,"navn":"KVITSKJÆRET","kommune":"Herøy","fylke":"Nordland","species":"Laks, Ørret, Regnbueørret","prodArea":"Helgeland til Bodø","licences":"N-G-0063,N-G-0064,N-L-0069","url":"https://www.fiskeridir.no/akvakultur/akvakultursoknader/sp-2026-002723","apiStatus":"SUBMITTED","typeCode":"CO_LOCATION_APPLICATION","createdAt":"2026-08-18","result":null,"evaluationFinishedAt":null,"evaluation":[{"org":"Nordland fylkeskommune","responsible":true,"decisions":[],"statements":[]}]}},{"type":"Feature","geometry":{"type":"Point","coordinates":[12.2005,66.081417]},"properties":{"appNo":"SP-2026-002724","applicant":"KOBBVÅGLAKS AS","orgNo":"937875312","type":"CO_LOCATION_APPLICATION","kind":"Søknad om samlokalisering","status":"SUBMITTED","submitted":"2026-08-18","loknr":31637,"navn":"MELKØYA","kommune":"Herøy","fylke":"Nordland","species":"Laks, Ørret, Regnbueørret","prodArea":"Helgeland til Bodø","licences":"N-G-0063,N-G-0064,N-L-0069","url":"https://www.fiskeridir.no/akvakultur/akvakultursoknader/sp-2026-002724","apiStatus":"SUBMITTED","typeCode":"CO_LOCATION_APPLICATION","createdAt":"2026-08-18","result":null,"evaluationFinishedAt":null,"evaluation":[{"org":"Nordland fylkeskommune","responsible":true,"decisions":[],"statements":[]}]}},{"type":"Feature","geometry":{"type":"Point","coordinates":[14.690312,68.63864]},"properties":{"appNo":"SP-2026-002726","applicant":"EGIL KRISTOFFERSEN & SØNNER AS","orgNo":"913601963","type":"NEW_SITE","kind":"Ny lokalitet for laks, ørret og regnbueørret i sjø.","status":"SUBMITTED","submitted":"2026-08-19","navn":"Flagskallen","kommune":"Bø","fylke":"Nordland","areaChanged":true,"biomass":3900,"plannedProd":4500,"feed":5200,"cycleMonths":18,"netDepth":2000,"netType":"Sylinderpose er planlagt å bruke på lokaliteten. \nAnnen type not-teknologi kan også være aktuelt.","netTreatment":"Netwax NI 3","species":"Laks, Ørret, Regnbueørret","licences":"N-BØ-0003,N-BØ-0004,N-BØ-0009,N-BØ-0016,N-BØ-0021","url":"https://www.fiskeridir.no/akvakultur/akvakultursoknader/sp-2026-002726","apiStatus":"SUBMITTED","typeCode":"NEW_SITE","createdAt":"2026-08-19","result":null,"evaluationFinishedAt":null,"evaluation":[{"org":"Nordland fylkeskommune","responsible":true,"decisions":[],"statements":[]},{"org":"Kystverket","responsible":false,"decisions":[],"statements":[]},{"org":"Mattilsynet","responsible":false,"decisions":[],"statements":[]},{"org":"Statsforvalteren i Nordland","responsible":false,"decisions":[],"statements":[]},{"org":"Fiskeridirektoratet","responsible":false,"decisions":[],"statements":[]}]}},{"type":"Feature","geometry":{"type":"Point","coordinates":[4.808494,60.797776]},"properties":{"appNo":"SP-2026-002727","applicant":"ODE AS","orgNo":"925795488","type":"MINOR_AREA_CHANGES","kind":"Endring av flåte eller forankring","status":"SUBMITTED","submitted":"2026-08-19","loknr":37637,"navn":"TRØVIKA","kommune":"Austrheim","fylke":"Vestland","areaChanged":true,"url":"https://www.fiskeridir.no/akvakultur/akvakultursoknader/sp-2026-002727","apiStatus":"SUBMITTED","typeCode":"MINOR_AREA_CHANGES","createdAt":"2026-08-19","result":null,"evaluationFinishedAt":null,"evaluation":[{"org":"Kystverket","responsible":false,"decisions":[],"statements":[]},{"org":"Austrheim kommune","responsible":false,"decisions":[],"statements":[]},{"org":"Statsforvalteren i Vestland","responsible":false,"decisions":[{"result":"NO_DECISION","at":"2026-09-21"}],"statements":[{"at":"2026-08-31"}]},{"org":"Fiskeridirektoratet","responsible":false,"decisions":[],"statements":[]},{"org":"Vestland fylkeskommune","responsible":true,"decisions":[],"statements":[]}]}},{"type":"Feature","geometry":{"type":"Point","coordinates":[12.139167,65.6862]},"properties":{"appNo":"SP-2026-002728","applicant":"NOVA SEA HAVBRUK AS","orgNo":"827248312","type":"CO_LOCATION_APPLICATION","kind":"Søknad om samlokalisering","status":"SUBMITTED","submitted":"2026-08-19","loknr":18936,"navn":"IGERØY Ø","kommune":"Vega","fylke":"Nordland","species":"Laks, Ørret, Regnbueørret","prodArea":"Helgeland til Bodø","licences":"N-NA-0001,N-NA-0007","url":"https://www.fiskeridir.no/akvakultur/akvakultursoknader/sp-2026-002728","apiStatus":"SUBMITTED","typeCode":"CO_LOCATION_APPLICATION","createdAt":"2026-08-19","result":null,"evaluationFinishedAt":null,"evaluation":[{"org":"Nordland fylkeskommune","responsible":true,"decisions":[],"statements":[]}]}},{"type":"Feature","geometry":{"type":"Point","coordinates":[5.959163,62.284836]},"properties":{"appNo":"SP-2026-002729","applicant":"NORDIC HALIBUT AS","orgNo":"974526441","type":"OTHER_FISH_SPECIES","kind":"Ny tillatelse til andre fiskearter enn laks, ørret og regnbueørret.","status":"RETURNED","submitted":"2026-09-17","navn":"Laupsneset","kommune":"Hareid","fylke":"Møre og Romsdal","areaChanged":true,"biomass":3120,"plannedProd":3200,"feed":3800,"cycleMonths":60,"netDepth":2000,"netType":"Hev/senk not med flatbunn tilpasset kveite.","netTreatment":"Kobberfri impregnering Aqua nett protect fra Steen Hansen","species":"kveite","url":"https://www.fiskeridir.no/akvakultur/akvakultursoknader/sp-2026-002729","apiStatus":"RETURNED","typeCode":"OTHER_FISH_SPECIES","createdAt":"2026-08-19","result":null,"evaluationFinishedAt":null,"evaluation":[{"org":"Møre og Romsdal fylkeskommune","responsible":true,"decisions":[],"statements":[]}]}},{"type":"Feature","geometry":{"type":"Point","coordinates":[8.3125,61.636389]},"properties":{"appNo":"SP-2026-002730","applicant":"LOFOTEN SJØPRODUKTER AS","orgNo":"943609551","type":"SPECIAL_INTENTION","kind":"Særlige formå","status":"SUBMITTED","submitted":"2026-08-25","url":"https://www.fiskeridir.no/akvakultur/akvakultursoknader/sp-2026-002730","apiStatus":"SUBMITTED","typeCode":"SPECIAL_INTENTION","createdAt":"2026-08-25","result":null,"evaluationFinishedAt":null,"evaluation":[{"org":"Fiskeridirektoratet","responsible":true,"decisions":[],"statements":[]}]}},{"type":"Feature","geometry":{"type":"Point","coordinates":[5.58627,59.721836]},"properties":{"appNo":"SP-2026-002731","applicant":"NORDSJØ FJORDBRUK AS","orgNo":"914725739","type":"CHANGE_SITE","kind":"Endring av lokalitet for laks, ørret og regnbueørret i sjø.","status":"SUBMITTED","submitted":"2026-08-26","loknr":27095,"navn":"IHLHOLMEN","kommune":"Vindafjord","fylke":"Rogaland","areaChanged":true,"plannedProd":3000,"feed":3600,"cycleMonths":15,"netDepth":6800,"netType":"Spaghettinøter\n160-metringar","netTreatment":"Coating","species":"Laks, Ørret, Regnbueørret","prodArea":"Karmøy til Sotra","url":"https://www.fiskeridir.no/akvakultur/akvakultursoknader/sp-2026-002731","apiStatus":"SUBMITTED","typeCode":"CHANGE_SITE","createdAt":"2026-08-26","result":null,"evaluationFinishedAt":null,"evaluation":[{"org":"Rogaland fylkeskommune","responsible":true,"decisions":[],"statements":[]}]}},{"type":"Feature","geometry":{"type":"Point","coordinates":[22.504417,70.49585]},"properties":{"appNo":"SP-2026-002732","applicant":"CERMAQ NORWAY AS","orgNo":"961922976","type":"CO_LOCATION_APPLICATION","kind":"Søknad om samlokalisering","status":"SUBMITTED","submitted":"2026-08-31","loknr":45168,"navn":"KIPPARFJORD","kommune":"Hasvik","fylke":"Finnmark","species":"Laks, Ørret, Regnbueørret","prodArea":"Vest-Finnmark","licences":"F-A-0069,F-A-0070","url":"https://www.fiskeridir.no/akvakultur/akvakultursoknader/sp-2026-002732","apiStatus":"SUBMITTED","typeCode":"CO_LOCATION_APPLICATION","createdAt":"2026-08-31","result":null,"evaluationFinishedAt":null,"evaluation":[{"org":"Finnmark fylkeskommune","responsible":true,"decisions":[],"statements":[]},{"org":"Mattilsynet","responsible":false,"decisions":[],"statements":[]},{"org":"Statsforvalteren i Troms og Finnmark","responsible":false,"decisions":[],"statements":[]},{"org":"Fiskeridirektoratet","responsible":false,"decisions":[],"statements":[]}]}},{"type":"Feature","geometry":{"type":"Point","coordinates":[15.979433,68.699]},"properties":{"appNo":"SP-2026-002733","applicant":"NORDLAKS HAVBRUK AS","orgNo":"929911946","type":"CHANGE_SITE","kind":"Endring av lokalitet for laks, ørret og regnbueørret i sjø.","status":"SUBMITTED","submitted":"2026-09-01","loknr":17176,"navn":"HOLANDSELV","kommune":"Kvæfjord","fylke":"Troms","biomass":5999,"plannedProd":6500,"feed":7500,"cycleMonths":18,"netDepth":5500,"netType":"Bruker ordinære spissposer av nylon, men andre nottyper kan også bli aktuelt.","netTreatment":"Bruker impregnering med lavt kobberinnhold (ca. 13%) som standard.","species":"Laks, Ørret, Regnbueørret","prodArea":"Andøya til Senja","licences":"T-KF-0007,T-KF-0010","url":"https://www.fiskeridir.no/akvakultur/akvakultursoknader/sp-2026-002733","apiStatus":"SUBMITTED","typeCode":"CHANGE_SITE","createdAt":"2026-09-01","result":null,"evaluationFinishedAt":null,"evaluation":[{"org":"Kystverket","responsible":false,"decisions":[],"statements":[]},{"org":"Mattilsynet","responsible":false,"decisions":[],"statements":[]},{"org":"Statsforvalteren i Troms og Finnmark","responsible":false,"decisions":[],"statements":[]},{"org":"Fiskeridirektoratet","responsible":false,"decisions":[],"statements":[]},{"org":"Troms fylkeskommune","responsible":true,"decisions":[],"statements":[]}]}},{"type":"Feature","geometry":{"type":"Point","coordinates":[8.993725,63.61908]},"properties":{"appNo":"SP-2026-002734","applicant":"MOWI SEAWATER NORWAY AS","orgNo":"921668236","type":"CHANGE_SITE","kind":"Endring av lokalitet for laks, ørret og regnbueørret i sjø.","status":"SUBMITTED","submitted":"2026-09-01","loknr":12348,"navn":"KÅHOLMEN","kommune":"Hitra","fylke":"Trøndelag","areaChanged":true,"plannedProd":4000,"feed":4500,"cycleMonths":18,"netDepth":3000,"netType":"syldindernot","netTreatment":"Ingen impregnering eller coating","species":"Laks, Ørret, Regnbueørret","prodArea":"Nordmøre og Sør-Trøndelag","url":"https://www.fiskeridir.no/akvakultur/akvakultursoknader/sp-2026-002734","apiStatus":"SUBMITTED","typeCode":"CHANGE_SITE","createdAt":"2026-09-01","result":null,"evaluationFinishedAt":null,"evaluation":[{"org":"Kystverket","responsible":false,"decisions":[],"statements":[]},{"org":"Hitra kommune","responsible":false,"decisions":[],"statements":[]},{"org":"Statsforvalteren i Trøndelag","responsible":false,"decisions":[],"statements":[]},{"org":"Fiskeridirektoratet","responsible":false,"decisions":[],"statements":[]},{"org":"Trøndelag fylkeskommune","responsible":true,"decisions":[],"statements":[]}]}},{"type":"Feature","geometry":{"type":"Point","coordinates":[8.3125,61.636389]},"properties":{"appNo":"SP-2026-002736","applicant":"AKVAPLAN-NIVA AS","orgNo":"937375158","type":"RESEARCH_EXPERIMENT_PLAN","kind":"RESEARCH_EXPERIMENT_PLAN","status":"RETURNED","submitted":"2026-09-07","url":"https://www.fiskeridir.no/akvakultur/akvakultursoknader/sp-2026-002736","apiStatus":"RETURNED","typeCode":"RESEARCH_EXPERIMENT_PLAN","createdAt":"2026-09-07","result":null,"evaluationFinishedAt":null,"evaluation":[{"org":"Fiskeridirektoratet","responsible":true,"decisions":[],"statements":[]}]}},{"type":"Feature","geometry":{"type":"Point","coordinates":[14.615971,68.783668]},"properties":{"appNo":"SP-2026-002737","applicant":"EGIL KRISTOFFERSEN & SØNNER AS","orgNo":"913601963","type":"CHANGE_SITE","kind":"Endring av lokalitet for laks, ørret og regnbueørret i sjø.","status":"SUBMITTED","submitted":"2026-09-09","loknr":10504,"navn":"VEDVIKA","kommune":"Bø","fylke":"Nordland","areaChanged":true,"plannedProd":1800,"feed":2000,"cycleMonths":10,"netDepth":2000,"netType":"Her brukes sylindernot.","netTreatment":"Netwax NI 3","species":"Laks, Ørret, Regnbueørret","prodArea":"Vestfjorden og Vesterålen","url":"https://www.fiskeridir.no/akvakultur/akvakultursoknader/sp-2026-002737","apiStatus":"SUBMITTED","typeCode":"CHANGE_SITE","createdAt":"2026-09-09","result":null,"evaluationFinishedAt":null,"evaluation":[{"org":"Nordland fylkeskommune","responsible":true,"decisions":[],"statements":[]}]}},{"type":"Feature","geometry":{"type":"Point","coordinates":[11.074956,64.5709]},"properties":{"appNo":"SP-2026-002770","applicant":"NORCOD AS","orgNo":"821489962","type":"OTHER_FISH_SPECIES","kind":"Ny tillatelse til andre fiskearter enn laks, ørret og regnbueørret.","status":"SUBMITTED","submitted":"2026-09-11","navn":"Tamtodden","kommune":"Flatanger","fylke":"Trøndelag","areaChanged":true,"biomass":3599,"plannedProd":4200,"feed":4650,"cycleMonths":22,"netDepth":3000,"netType":"Sylinderposer.","netTreatment":"Coating uten kobber, Netkem MP30 eller Steen-Hanssen protect oker","species":"torsk","url":"https://www.fiskeridir.no/akvakultur/akvakultursoknader/sp-2026-002770","apiStatus":"SUBMITTED","typeCode":"OTHER_FISH_SPECIES","createdAt":"2026-09-11","result":null,"evaluationFinishedAt":null,"evaluation":[{"org":"Trøndelag fylkeskommune","responsible":true,"decisions":[],"statements":[]}]}},{"type":"Feature","geometry":{"type":"Point","coordinates":[8.3125,61.636389]},"properties":{"appNo":"SP-2026-002771","applicant":"OSMARE AS","orgNo":"924524014","type":"RESEARCH","kind":"RESEARCH","status":"SUBMITTED","submitted":"2026-09-12","url":"https://www.fiskeridir.no/akvakultur/akvakultursoknader/sp-2026-002771","apiStatus":"SUBMITTED","typeCode":"RESEARCH","createdAt":"2026-09-12","result":null,"evaluationFinishedAt":null,"evaluation":[{"org":"Fiskeridirektoratet","responsible":true,"decisions":[],"statements":[]}]}},{"type":"Feature","geometry":{"type":"Point","coordinates":[15.017414,68.704456]},"properties":{"appNo":"SP-2026-002772","applicant":"HOLMØY HAVBRUK AS","orgNo":"929535081","type":"MINOR_AREA_CHANGES","kind":"Endring av flåte eller forankring","status":"SUBMITTED","submitted":"2026-09-14","loknr":13594,"navn":"TROLLØYA SV","kommune":"Sortland","fylke":"Nordland","areaChanged":true,"prodArea":"Vestfjorden og Vesterålen","url":"https://www.fiskeridir.no/akvakultur/akvakultursoknader/sp-2026-002772","apiStatus":"SUBMITTED","typeCode":"MINOR_AREA_CHANGES","createdAt":"2026-09-14","result":null,"evaluationFinishedAt":null,"evaluation":[{"org":"Nordland fylkeskommune","responsible":true,"decisions":[],"statements":[]}]}},{"type":"Feature","geometry":{"type":"Point","coordinates":[5.563633,60.171767]},"properties":{"appNo":"SP-2026-002773","applicant":"TOMBRE FISKEANLEGG AS","orgNo":"941541240","type":"CO_LOCATION_APPLICATION","kind":"Søknad om samlokalisering","status":"SUBMITTED","submitted":"2026-09-16","loknr":34117,"navn":"SKÅTHOLMEN","kommune":"Bjørnafjorden","fylke":"Vestland","species":"Laks, Ørret, Regnbueørret","prodArea":"Karmøy til Sotra","licences":"H-K-0032","url":"https://www.fiskeridir.no/akvakultur/akvakultursoknader/sp-2026-002773","apiStatus":"SUBMITTED","typeCode":"CO_LOCATION_APPLICATION","createdAt":"2026-09-16","result":null,"evaluationFinishedAt":null,"evaluation":[{"org":"Vestland fylkeskommune","responsible":true,"decisions":[],"statements":[]}]}},{"type":"Feature","geometry":{"type":"Point","coordinates":[16.236874,68.76016]},"properties":{"appNo":"SP-2026-002774","applicant":"Arctic Lobster Farm AS","orgNo":"936222064","kind":"Andre arter enn fisk","status":"SUBMITTED","submitted":"2026-09-16","navn":"Gårasjyen","kommune":"Kvæfjord","fylke":"Troms","species":"Hummer","url":"https://www.fiskeridir.no/akvakultur/akvakultursoknader/sp-2026-002774","source":"list","apiStatus":"WITHDRAWN","typeCode":"NON_FISH_SPECIES","createdAt":"2026-09-16","withdrawn":"2026-09-23","result":null,"evaluationFinishedAt":null,"evaluation":[{"org":"Troms fylkeskommune","responsible":true,"decisions":[],"statements":[]}]}},{"type":"Feature","geometry":{"type":"Point","coordinates":[25.650367,70.939883]},"properties":{"appNo":"SP-2026-002775","applicant":"CERMAQ NORWAY SALMON AS","orgNo":"930152366","type":"SPECIAL_INTENTION_SITE_CLEARANCE","kind":"SPECIAL_INTENTION_SITE_CLEARANCE","status":"SUBMITTED","submitted":"2026-09-18","kommune":"Nordkapp","fylke":"Finnmark","url":"https://www.fiskeridir.no/akvakultur/akvakultursoknader/sp-2026-002775","apiStatus":"SUBMITTED","typeCode":"SPECIAL_INTENTION_SITE_CLEARANCE","createdAt":"2026-09-18","result":null,"evaluationFinishedAt":null,"evaluation":[{"org":"Finnmark fylkeskommune","responsible":true,"decisions":[],"statements":[]},{"org":"Statsforvalteren i Troms og Finnmark","responsible":false,"decisions":[],"statements":[]},{"org":"Fiskeridirektoratet","responsible":false,"decisions":[],"statements":[]}]}},{"type":"Feature","geometry":{"type":"Point","coordinates":[8.3125,61.636389]},"properties":{"appNo":"SP-2026-002777","applicant":"HARDANGER SEAFOOD AS","orgNo":"826167572","type":"SPECIAL_INTENTION","kind":"Særlige formå","status":"SUBMITTED","submitted":"2026-09-21","url":"https://www.fiskeridir.no/akvakultur/akvakultursoknader/sp-2026-002777","apiStatus":"SUBMITTED","typeCode":"SPECIAL_INTENTION","createdAt":"2026-09-21","result":null,"evaluationFinishedAt":null,"evaluation":[{"org":"Fiskeridirektoratet","responsible":true,"decisions":[],"statements":[]}]}},{"type":"Feature","geometry":{"type":"Point","coordinates":[9.0329,63.672233]},"properties":{"appNo":"SP-2026-002779","applicant":"MÅSØVAL HARVEST AS","orgNo":"932986493","type":"SPECIAL_INTENTION_SITE_CLEARANCE","kind":"SPECIAL_INTENTION_SITE_CLEARANCE","status":"SUBMITTED","submitted":"2026-09-22","kommune":"Hitra","fylke":"Trøndelag","url":"https://www.fiskeridir.no/akvakultur/akvakultursoknader/sp-2026-002779","apiStatus":"SUBMITTED","typeCode":"SPECIAL_INTENTION_SITE_CLEARANCE","createdAt":"2026-09-22","result":null,"evaluationFinishedAt":null,"evaluation":[{"org":"Trøndelag fylkeskommune","responsible":true,"decisions":[],"statements":[]}]}},{"type":"Feature","geometry":{"type":"Point","coordinates":[12.475658,66.406655]},"properties":{"appNo":"SP-2026-002780","applicant":"LOVUNDLAKS SJØ AS","orgNo":"929601610","type":"NEW_SITE","kind":"Ny lokalitet for laks, ørret og regnbueørret i sjø.","status":"SUBMITTED","submitted":"2026-09-22","navn":"Seiongultaren","kommune":"Lurøy","fylke":"Nordland","areaChanged":true,"biomass":4200,"plannedProd":7000,"feed":8400,"cycleMonths":12,"netDepth":1500,"netType":"Nøtene som brukes er 20m til bunntelne og 36m til spissen i de dype områdene, og 15m til bunntelne og 26m til spissen i de grunne områdene på NV-siden av anlegget","netTreatment":"NP Quick (biocid- og kobberfri)","species":"Laks, Ørret, Regnbueørret","licences":"N-L-0008,N-L-0011,N-L-0045,N-L-0059,N-L-0060,N-L-0061,N-L-0071,N-L-0072","url":"https://www.fiskeridir.no/akvakultur/akvakultursoknader/sp-2026-002780","apiStatus":"SUBMITTED","typeCode":"NEW_SITE","createdAt":"2026-09-22","result":null,"evaluationFinishedAt":null,"evaluation":[{"org":"Nordland fylkeskommune","responsible":true,"decisions":[],"statements":[]}]}}]}