All feed values in kg/day
Date
Day
Total daily
feed Dept 2
SF
Total daily
feed Dept 3
parr
Total daily
feed facility
Dept 4 smolt
Total daily
feed facility
PS1
Total daily
feed facility
PS2
Facility
total feed
daily kg
1/1/2024
0
0
0
0
0
0
0
Total daily fTotal daily fTotal daily fTotal daily fTotal daily fFacility total feed daily kg
1/2/2024
1
0
0
0
0
0
0
0
0
0
0
0
0
0
1/3/2024
2
0
0
0
0
0
0
1
0
0
0
0
0
0
1/4/2024
3
0
0
0
0
0
0
2
0
0
0
0
0
0
1/5/2024
4
0
0
0
0
0
0
3
0
0
0
0
0
0
1/6/2024
5
0
0
0
0
0
0
4
0
0
0
0
0
0
1/7/2024
6
0
0
0
0
0
0
5
0
0
0
0
0
0
1/8/2024
7
0
0
0
0
0
0
6
0
0
0
0
0
0
1/9/2024
8
0
0
0
0
0
0
7
0
0
0
0
0
0
1/10/2024
9
0
0
0
0
0
0
8
0
0
0
0
0
0
1/11/2024
10
0
0
0
0
0
0
9
0
0
0
0
0
0
1/12/2024
11
0
0
0
0
0
0
10
0
0
0
0
0
0
1/13/2024
12
0
0
0
0
0
0
11
0
0
0
0
0
0
1/14/2024
13
0
0
0
0
0
0
12
0
0
0
0
0
0
1/15/2024
14
0
0
0
0
0
0
13
0
0
0
0
0
0
1/16/2024
15
0
0
0
0
0
0
14
0
0
0
0
0
0
1/17/2024
16
0
0
0
0
0
0
15
0
0
0
0
0
0
1/18/2024
17
0
0
0
0
0
0
16
0
0
0
0
0
0
1/19/2024
18
0
0
0
0
0
0
17
0
0
0
0
0
0
1/20/2024
19
0
0
0
0
0
0
18
0
0
0
0
0
0
1/21/2024
20
0
0
0
0
0
0
19
0
0
0
0
0
0
1/22/2024
21
0
0
0
0
0
0
20
0
0
0
0
0
0
1/23/2024
22
0
0
0
0
0
0
21
0
0
0
0
0
0
1/24/2024
23
0
0
0
0
0
0
22
0
0
0
0
0
0
1/25/2024
24
0
0
0
0
0
0
23
0
0
0
0
0
0
1/26/2024
25
0
0
0
0
0
0
24
0
0
0
0
0
0
1/27/2024
26
0
0
0
0
0
0
25
0
0
0
0
0
0
1/28/2024
27
0
0
0
0
0
0
26
0
0
0
0
0
0
1/29/2024
28
0
0
0
0
0
0
27
0
0
0
0
0
0
1/30/2024
29
0
0
0
0
0
0
28
0
0
0
0
0
0
1/31/2024
30
0
0
0
0
0
0
29
0
0
0
0
0
0
2/1/2024
31
0
0
0
0
0
0
30
0
0
0
0
0
0
2/2/2024
32
0
0
0
0
0
0
31
0
0
0
0
0
0
2/3/2024
33
0
0
0
0
0
0
32
0
0
0
0
0
0
2/4/2024
34
0
0
0
0
0
0
33
0
0
0
0
0
0
2/5/2024
35
0
0
0
0
0
0
34
0
0
0
0
0
0
2/6/2024
36
0
0
0
0
0
0
35
0
0
0
0
0
0
2/7/2024
37
0
0
0
0
0
0
36
0
0
0
0
0
0
2/8/2024
38
0
0
0
0
0
0
37
0
0
0
0
0
0
2/9/2024
39
0
0
0
0
0
0
38
0
0
0
0
0
0
2/10/2024
40
0
0
0
0
0
0
39
0
0
0
0
0
0
2/11/2024
41
0
0
0
0
0
0
40
0
0
0
0
0
0
2/12/2024
42
0
0
0
0
0
0
41
0
0
0
0
0
0
2/13/2024
43
0
0
0
0
0
0
42
0
0
0
0
0
0
2/14/2024
44
0
0
0
0
0
0
43
0
0
0
0
0
0
2/15/2024
45
0
0
0
0
0
0
44
0
0
0
0
0
0
2/16/2024
46
0
0
0
0
0
0
45
0
0
0
0
0
0
2/17/2024
47
0
0
0
0
0
0
46
0
0
0
0
0
0
2/18/2024
48
0
0
0
0
0
0
47
0
0
0
0
0
0
2/19/2024
49
0
0
0
0
0
0
48
0
0
0
0
0
0
2/20/2024
50
0
0
0
0
0
0
49
0
0
0
0
0
0
2/21/2024
51
0
0
0
0
0
0
50
0
0
0
0
0
0
2/22/2024
52
0
0
0
0
0
0
51
0
0
0
0
0
0
2/23/2024
53
0
0
0
0
0
0
52
0
0
0
0
0
0
2/24/2024
54
0
0
0
0
0
0
53
0
0
0
0
0
0
2/25/2024
55
0
0
0
0
0
0
54
0
0
0
0
0
0
2/26/2024
56
0
0
0
0
0
0
55
0
0
0
0
0
0
2/27/2024
57
0
0
0
0
0
0
56
0
0
0
0
0
0
2/28/2024
58
0
0
0
0
0
0
57
0
0
0
0
0
0
2/29/2024
59
0
0
0
0
0
0
58
0
0
0
0
0
0
3/1/2024
60
0
0
0
0
0
0
59
0
0
0
0
0
0
3/2/2024
61
0
0
0
0
0
0
60
0
0
0
0
0
0
3/3/2024
62
0
0
0
0
0
0
61
0
0
0
0
0
0
3/4/2024
63
0
0
0
0
0
0
62
0
0
0
0
0
0
3/5/2024
64
0
0
0
0
0
0
63
0
0
0
0
0
0
3/6/2024
65
0
0
0
0
0
0
64
0
0
0
0
0
0
3/7/2024
66
0
0
0
0
0
0
65
0
0
0
0
0
0
3/8/2024
67
0
0
0
0
0
0
66
0
0
0
0
0
0
3/9/2024
68
0
0
0
0
0
0
67
0
0
0
0
0
0
3/10/2024
69
0
0
0
0
0
0
68
0
0
0
0
0
0
3/11/2024
70
0
0
0
0
0
0
69
0
0
0
0
0
0
3/12/2024
71
0
0
0
0
0
0
70
0
0
0
0
0
0
3/13/2024
72 11.24172363
0
0
0
0
11.24172
71
0
0
0
0
0
0
3/14/2024
73 11.82846832
0
0
0
0
11.82847
72
11.24172
0
0
0
0
11.24172
3/15/2024
74 12.42993268
0
0
0
0
12.42993
73
11.82847
0
0
0
0
11.82847
3/16/2024
75 13.04593073
0
0
0
0
13.04593
74
12.42993
0
0
0
0
12.42993
3/17/2024
76 13.67666476
0
0
0
0
13.67666
75
13.04593
0
0
0
0
13.04593
3/18/2024
77 14.32143412
0
0
0
0
14.32143
76
13.67666
0
0
0
0
13.67666
3/19/2024
78
14.9808686
0
0
0
0
14.98087
77
14.32143
0
0
0
0
14.32143
3/20/2024
79 15.65472651
0
0
0
0
15.65473
78
14.98087
0
0
0
0
14.98087
3/21/2024
80 16.34328071
0
0
0
0
16.34328
79
15.65473
0
0
0
0
15.65473
3/22/2024
81 17.04562198
0
0
0
0
17.04562
80
16.34328
0
0
0
0
16.34328
3/23/2024
82 17.76258558
0
0
0
0
17.76259
81
17.04562
0
0
0
0
17.04562
3/24/2024
83 18.49386234
0
0
0
0
18.49386
82
17.76259
0
0
0
0
17.76259
3/25/2024
84 19.23980884
0
0
0
0
19.23981
83
18.49386
0
0
0
0
18.49386
3/26/2024
85 19.99926815
0
0
0
0
19.99927
84
19.23981
0
0
0
0
19.23981
3/27/2024
86 20.77331986
0
0
0
0
20.77332
85
19.99927
0
0
0
0
19.99927
3/28/2024
87 21.56157445
0
0
0
0
21.56157
86
20.77332
0
0
0
0
20.77332
3/29/2024
88
22.3644865
0
0
0
0
22.36449
87
21.56157
0
0
0
0
21.56157
3/30/2024
89 23.18060886
0
0
0
0
23.18061
88
22.36449
0
0
0
0
22.36449
3/31/2024
90 24.01130766
0
0
0
0
24.01131
89
23.18061
0
0
0
0
23.18061
4/1/2024
91 24.85609907
0
0
0
0
24.8561
90
24.01131
0
0
0
0
24.01131
4/2/2024
92 25.71495553
0
0
0
0
25.71496
91
24.8561
0
0
0
0
24.8561
4/3/2024
93 26.58847587
0
0
0
0
26.58848
92
25.71496
0
0
0
0
25.71496
4/4/2024
94 27.47478522
0
0
0
0
27.47479
93
26.58848
0
0
0
0
26.58848
4/5/2024
95 28.37567244
0
0
0
0
28.37567
94
27.47479
0
0
0
0
27.47479
4/6/2024
96 29.29051444
0
0
0
0
29.29051
95
28.37567
0
0
0
0
28.37567
4/7/2024
97 30.22004425
0
0
0
0
30.22004
96
29.29051
0
0
0
0
29.29051
4/8/2024
98 31.16198877
0
0
0
0
31.16199
97
30.22004
0
0
0
0
30.22004
4/9/2024
99
32.1185308
0
0
0
0
32.11853
98
31.16199
0
0
0
0
31.16199
4/10/2024
100 33.08891732
0
0
0
0
33.08892
99
32.11853
0
0
0
0
32.11853
4/11/2024
101
34.0740335
0
0
0
0
34.07403
100
33.08892
0
0
0
0
33.08892
4/12/2024
102 35.07115455
0
0
0
0
35.07115
101
34.07403
0
0
0
0
34.07403
4/13/2024
103
47.324634
0
0
0
0
47.32463
102
35.07115
0
0
0
0
35.07115
4/14/2024
104 48.93686873
0
0
0
0
48.93687
103
47.32463
0
0
0
0
47.32463
4/15/2024
105 50.57861366
0
0
0
0
50.57861
104
48.93687
0
0
0
0
48.93687
4/16/2024
106 52.24644953
0
0
0
0
52.24645
105
50.57861
0
0
0
0
50.57861
4/17/2024
107 53.94371214
0
0
0
0
53.94371
106
52.24645
0
0
0
0
52.24645
4/18/2024
108 55.66863404
0
0
0
0
55.66863
107
53.94371
0
0
0
0
53.94371
4/19/2024
109 57.42181747
0
0
0
0
57.42182
108
55.66863
0
0
0
0
55.66863
4/20/2024
110 59.20431943
0
0
0
0
59.20432
109
57.42182
0
0
0
0
57.42182
4/21/2024
111 61.01245878
0
0
0
0
61.01246
110
59.20432
0
0
0
0
59.20432
4/22/2024
112
62.8491741
0
0
0
0
62.84917
111
61.01246
0
0
0
0
61.01246
4/23/2024
113 64.71399786
0
0
0
0
64.714
112
62.84917
0
0
0
0
62.84917
4/24/2024
114 66.60813772
0
0
0
0
66.60814
113
64.714
0
0
0
0
64.714
4/25/2024
115 68.52734753
0
0
0
0
68.52735
114
66.60814
0
0
0
0
66.60814
4/26/2024
116 70.47496137
0
0
0
0
70.47496
115
68.52735
0
0
0
0
68.52735
4/27/2024
117 72.45054345
0
0
0
0
72.45054
116
70.47496
0
0
0
0
70.47496
4/28/2024
118 74.45546186
0
0
0
0
74.45546
117
72.45054
0
0
0
0
72.45054
4/29/2024
119 76.48485196
0
0
0
0
76.48485
118
74.45546
0
0
0
0
74.45546
4/30/2024
120 78.54246831
0
0
0
0
78.54247
119
76.48485
0
0
0
0
76.48485
5/1/2024
121 80.62792668
0
0
0
0
80.62793
120
78.54247
0
0
0
0
78.54247
5/2/2024
122 82.74276543
0
0
0
0
82.74277
121
80.62793
0
0
0
0
80.62793
5/3/2024
123 84.88085014
0
0
0
0
84.88085
122
82.74277
0
0
0
0
82.74277
5/4/2024
124 87.04876293
0
0
0
0
87.04876
123
84.88085
0
0
0
0
84.88085
5/5/2024
125 89.24262004
0
0
0
0
89.24262
124
87.04876
0
0
0
0
87.04876
5/6/2024
126 91.46418275
0
0
0
0
91.46418
125
89.24262
0
0
0
0
89.24262
5/7/2024
127
93.7152161
0
0
0
0
93.71522
126
91.46418
0
0
0
0
91.46418
5/8/2024
128 95.98925652
0
0
0
0
95.98926
127
93.71522
0
0
0
0
93.71522
5/9/2024
129 98.29109598
0
0
0
0
98.2911
128
95.98926
0
0
0
0
95.98926
5/10/2024
130 100.6205504
0
0
0
0
100.6206
129
98.2911
0
0
0
0
98.2911
5/11/2024
131 102.9795772
0
0
0
0
102.9796
130
100.6206
0
0
0
0
100.6206
5/12/2024
132 105.3609048
0
0
0
0
105.3609
131
102.9796
0
0
0
0
102.9796
5/13/2024
133
107.769827
0
0
0
0
107.7698
132
105.3609
0
0
0
0
105.3609
5/14/2024
134 115.8921826
0
0
0
0
115.8922
133
107.7698
0
0
0
0
107.7698
5/15/2024
135 118.6550281
0
0
0
0
118.655
134
115.8922
0
0
0
0
115.8922
5/16/2024
136 115.3833363
0
0
0
0
115.3833
135
118.655
0
0
0
0
118.655
5/17/2024
137 45.79886095
0
0
0
0
45.79886
136
115.3833
0
0
0
0
115.3833
5/18/2024
138 47.18427975
0
0
0
0
47.18428
137
45.79886
0
0
0
0
45.79886
5/19/2024
139
48.5908913
0
0
0
0
48.59089
138
47.18428
0
0
0
0
47.18428
5/20/2024
140 50.01793235 94.90711679
0
0
0
144.925
139
48.59089
0
0
0
0
48.59089
5/21/2024
141 51.46739293 97.08007107
0
0
0
148.5475
140
50.01793
94.90712
0
0
0
144.925
5/22/2024
142 52.93537565 99.27656956
0
0
0
152.2119
141
51.46739
97.08007
0
0
0
148.5475
5/23/2024
143
54.4248327 101.4965768
0
0
0
155.9214
142
52.93538
99.27657
0
0
0
152.2119
5/24/2024
144 55.93531016 103.7400575
0
0
0
159.6754
143
54.42483
101.4966
0
0
0
155.9214
5/25/2024
145 57.46839122
106.006976
0
0
0
163.4754
144
55.93531
103.7401
0
0
0
159.6754
5/26/2024
146 59.01839564
108.297297
0
0
0
167.3157
145
57.46839
106.007
0
0
0
163.4754
5/27/2024
147 60.59084269 110.6109849
0
0
0
171.2018
146
59.0184
108.2973
0
0
0
167.3157
5/28/2024
148 62.18429374 112.9480045
0
0
0
175.1323
147
60.59084
110.611
0
0
0
171.2018
5/29/2024
149 63.79922352 115.3083202
0
0
0
179.1075
148
62.18429
112.948
0
0
0
175.1323
5/30/2024
150 65.43154377 117.6918966
0
0
0
183.1234
149
63.79922
115.3083
0
0
0
179.1075
5/31/2024
151 67.08654397 120.0986983
0
0
0
187.1852
150
65.43154
117.6919
0
0
0
183.1234
6/1/2024
152 68.76096061 122.5286897
0
0
0
191.2897
151
67.08654
120.0987
0
0
0
187.1852
6/2/2024
153 70.45827427 124.9818355
0
0
0
195.4401
152
68.76096
122.5287
0
0
0
191.2897
6/3/2024
154 72.17247751 127.4581003
0
0
0
199.6306
153
70.45827
124.9818
0
0
0
195.4401
6/4/2024
155 73.90778396 129.9574485
0
0
0
203.8652
154
72.17248
127.4581
0
0
0
199.6306
6/5/2024
156 75.66389662 132.4798448
0
0
0
208.1437
155
73.90778
129.9574
0
0
0
203.8652
6/6/2024
157 77.44089962 135.0252536
0
0
0
212.4662
156
75.6639
132.4798
0
0
0
208.1437
6/7/2024
158
79.2391272 137.5936397
0
0
0
216.8328
157
77.4409
135.0253
0
0
0
212.4662
6/8/2024
159 81.05413636 140.1849674
0
0
0
221.2391
158
79.23913
137.5936
0
0
0
216.8328
6/9/2024
160 82.89007433 142.7992014
0
0
0
225.6893
159
81.05414
140.185
0
0
0
221.2391
6/10/2024
161 84.74677065 145.4363063
0
0
0
230.1831
160
82.89007
142.7992
0
0
0
225.6893
6/11/2024
162 86.62706927 148.0962465
0
0
0
234.7233
161
84.74677
145.4363
0
0
0
230.1831
6/12/2024
163
94.206112 150.7789867
0
0
0
244.9851
162
86.62707
148.0962
0
0
0
234.7233
6/13/2024
164 96.41934078 153.4844915
0
0
0
249.9038
163
94.20611
150.779
0
0
0
244.9851
6/14/2024
165
98.6611541 156.2127252
0
0
0
254.8739
164
96.41934
153.4845
0
0
0
249.9038
6/15/2024
166 100.9308992 158.9636527
0
0
0
259.8946
165
98.66115
156.2127
0
0
0
254.8739
6/16/2024
167 97.15900109 161.7372382
0
0
0
258.8962
166
100.9309
158.9637
0
0
0
259.8946
6/17/2024
168 27.07141159 164.5334466
0
0
0
191.6049
167
97.159
161.7372
0
0
0
258.8962
6/18/2024
169 27.94302867 167.7428652
0
0
0
195.6859
168
27.07141
164.5334
0
0
0
191.6049
6/19/2024
170 28.83014389 171.2377733
0
0
0
200.0679
169
27.94303
167.7429
0
0
0
195.6859
6/20/2024
171 29.73299123 269.6955211
0
0
0
299.4285
170
28.83014
171.2378
0
0
0
200.0679
6/21/2024
172 30.64688669 275.4757189
0
0
0
306.1226
171
29.73299
269.6955
0
0
0
299.4285
6/22/2024
173 31.57638985 281.3369779
0
0
0
312.9134
172
30.64689
275.4757
0
0
0
306.1226
6/23/2024
174 32.52176028 287.2801822
0
0
0
319.8019
173
31.57639
281.337
0
0
0
312.9134
6/24/2024
175 33.47766399 293.3062308
0
0
0
326.7839
174
32.52176
287.2802
0
0
0
319.8019
6/25/2024
176 34.44930398 299.4160382
0
0
0
333.8653
175
33.47766
293.3062
0
0
0
326.7839
6/26/2024
177 35.43696672 305.6105338
0
0
0
341.0475
176
34.4493
299.416
0
0
0
333.8653
6/27/2024
178 36.43460757 311.8906627
0
0
0
348.3253
177
35.43697
305.6105
0
0
0
341.0475
6/28/2024
179 37.44813331 318.2573854
0
0
0
355.7055
178
36.43461
311.8907
0
0
0
348.3253
6/29/2024
180 38.47785853 324.7116779
0
0
0
363.1895
179
37.44813
318.2574
0
0
0
355.7055
6/30/2024
181 39.51696449 331.2545321
0
0
0
370.7715
180
38.47786
324.7117
0
0
0
363.1895
7/1/2024
182 40.57403929 337.8869555
0
0
0
378.461
181
39.51696
331.2545
0
0
0
370.7715
7/2/2024
183 41.64176926 344.6099717
0
0
0
386.2517
182
40.57404
337.887
0
0
0
378.461
7/3/2024
184 42.72398177 351.4246199
0
0
0
394.1486
183
41.64177
344.61
0
0
0
386.2517
7/4/2024
185 43.82264546 358.3319559
0
0
0
402.1546
184
42.72398
351.4246
0
0
0
394.1486
7/5/2024
186
44.9315704 365.3330514
0
0
0
410.2646
185
43.82265
358.332
0
0
0
402.1546
7/6/2024
187 46.05490643 372.4289944
0
0
0
418.4839
186
44.93157
365.3331
0
0
0
410.2646
7/7/2024
188 47.19568272 379.6208894
0
0
0
426.8166
187
46.05491
372.429
0
0
0
418.4839
7/8/2024
189 48.34402605 386.9098572
0
0
0
435.2539
188
47.19568
379.6209
0
0
0
426.8166
7/9/2024
190 49.50898552 394.2970355
0
0
0
443.806
189
48.34403
386.9099
0
0
0
435.2539
7/10/2024
191
50.6909897 401.7835782
0
0
0
452.4746
190
49.50899
394.297
0
0
0
443.806
7/11/2024
192
51.8797926 409.3706565
0
0
0
461.2504
191
50.69099
401.7836
0
0
0
452.4746
7/12/2024
193 53.08546607 417.0594581
0
0
0
470.1449
192
51.87979
409.3707
0
0
0
461.2504
7/13/2024
194 54.30847272 424.8511878
0
0
0
479.1597
193
53.08547
417.0595
0
0
0
470.1449
7/14/2024
195 55.53745872 432.7470674
0
0
0
488.2845
194
54.30847
424.8512
0
0
0
479.1597
7/15/2024
196 73.72728593 440.7483359
0
0
0
514.4756
195
55.53746
432.7471
0
0
0
488.2845
7/16/2024
197 75.87551144 448.8562497
0
0
0
524.7318
196
73.72729
440.7483
0
0
0
514.4756
7/17/2024
198 74.98398775 457.0720821
0
0
0
532.0561
197
75.87551
448.8562
0
0
0
524.7318
7/18/2024
199 40.57547563 464.3559003
0
0
0
504.9314
198
74.98399
457.0721
0
0
0
532.0561
7/19/2024
200 42.08024315 471.7284592
0
0
0
513.8087
199
40.57548
464.3559
0
0
0
504.9314
7/20/2024
201 43.61119644 479.4175028
0
0
0
523.0287
200
42.08024
471.7285
0
0
0
513.8087
7/21/2024
202 45.17200469
535.195615
0
0
0
580.3676
201
43.6112
479.4175
0
0
0
523.0287
7/22/2024
203 46.76281958 544.1583308
0
0
0
590.9212
202
45.172
535.1956
0
0
0
580.3676
7/23/2024
204 48.37934308 553.2217769
0
0
0
601.6011
203
46.76282
544.1583
0
0
0
590.9212
7/24/2024
205 50.02570843 562.3869618
0
0
0
612.4127
204
48.37934
553.2218
0
0
0
601.6011
7/25/2024
206 51.70208379 571.6549108
0
0
0
623.357
205
50.02571
562.387
0
0
0
612.4127
7/26/2024
207 53.40366587 581.0266662
0
0
0
634.4303
206
51.70208
571.6549
0
0
0
623.357
7/27/2024
208 55.13508896 590.5032874
0
0
0
645.6384
207
53.40367
581.0267
0
0
0
634.4303
7/28/2024
209 56.89653836 600.0858509
0
0
0
656.9824
208
55.13509
590.5033
0
0
0
645.6384
7/29/2024
210 58.68266691 412.0337596
0
0
0
470.7164
209
56.89654
600.0859
0
0
0
656.9824
7/30/2024
211 60.50056282 267.7241547
0
0
0
328.2247
210
58.68267
412.0338
0
0
0
470.7164
7/31/2024
212 62.34277146 273.0890009
0
0
0
335.4318
211
60.50056
267.7242
0
0
0
328.2247
8/1/2024
213 64.21484832 278.5319381
0
0
0
342.7468
212
62.34277
273.089
0
0
0
335.4318
8/2/2024
214 66.11700862
284.054007 335.5738782
0
0
685.7449
213
64.21485
278.5319
0
0
0
342.7468
8/3/2024
215 68.04290918 289.6562649 339.6653187
0
0
697.3645
214
66.11701
284.054
335.5739
0
0
685.7449
8/4/2024
216 69.99871221 295.3397846 343.7882275
0
0
709.1267
215
68.04291
289.6563
339.6653
0
0
697.3645
8/5/2024
217 71.98465174 301.1056556 347.9137477
0
0
721.0041
216
69.99871
295.3398
343.7882
0
0
709.1267
8/6/2024
218 73.99373084 306.9549833 352.1342601
0
0
733.083
217
71.98465
301.1057
347.9137
0
0
721.0041
8/7/2024
219
76.0327607 312.8888897 356.3171739
0
0
745.2388
218
73.99373
306.955
352.1343
0
0
733.083
8/8/2024
220 78.10199476 318.9085133 360.5471933
0
0
757.5577
219
76.03276
312.8889
356.3172
0
0
745.2388
8/9/2024
221 80.19373857
325.015009 364.7783097
0
0
769.9871
220
78.10199
318.9085
360.5472
0
0
757.5577
8/10/2024
222 82.31549589 331.2095485 369.1100393
0
0
782.6351
221
80.19374
325.015
364.7783
0
0
769.9871
8/11/2024
223 84.46754027 337.4933204 373.3565339
0
0
795.3174
222
82.3155
331.2095
369.11
0
0
782.6351
8/12/2024
224 86.64143446 343.8675299 377.4971363
0
0
808.0061
223
84.46754
337.4933
373.3565
0
0
795.3174
8/13/2024
225 105.7891107 350.3333993 381.6306387
0
0
837.7531
224
86.64143
343.8675
377.4971
0
0
808.0061
8/14/2024
226 108.9079226
356.892168
385.863835
0
0
851.6639
225
105.7891
350.3334
381.6306
0
0
837.7531
8/15/2024
227 109.0030369 363.5450925 390.0428179
0
0
862.5909
226
108.9079
356.8922
385.8638
0
0
851.6639
8/16/2024
228 75.59389085 370.2934466 394.2659319
0
0
840.1533
227
109.003
363.5451
390.0428
0
0
862.5909
8/17/2024
229 78.11053348 377.1385213
398.47987
0
0
853.7289
228
75.59389
370.2934
394.2659
0
0
840.1533
8/18/2024
230 80.66961783 383.0404012 402.7732759
0
0
866.4833
229
78.11053
377.1385
398.4799
0
0
853.7289
8/19/2024
231 83.27106083 436.8290543 407.0842235
0
0
927.1843
230
80.66962
383.0404
402.7733
0
0
866.4833
8/20/2024
232 85.91477941 443.8898888 411.3847749
0
0
941.1894
231
83.27106
436.8291
407.0842
0
0
927.1843
8/21/2024
233 88.60069051 451.0219121
415.988916
0
0
955.6115
232
85.91478
443.8899
411.3848
0
0
941.1894
8/22/2024
234 91.32871107 458.2256593 420.6858448
0
0
970.2402
233
88.60069
451.0219
415.9889
0
0
955.6115
8/23/2024
235
94.098758 465.5016751 425.4096117
0
0
985.01
234
91.32871
458.2257
420.6858
0
0
970.2402
8/24/2024
236 96.91074826 472.8505134 430.1075284
0
0
999.8688
235
94.09876
465.5017
425.4096
0
0
985.01
8/25/2024
237 99.76459876 480.2727377 434.8294041
0
0
1014.867
236
96.91075
472.8505
430.1075
0
0
999.8688
8/26/2024
238 102.6602265 487.7689209 439.6488022
0
0
1030.078
237
99.7646
480.2727
434.8294
0
0
1014.867
8/27/2024
239 105.5975483 495.3396453 444.4954025
0
0
1045.433
238
102.6602
487.7689
439.6488
0
0
1030.078
8/28/2024
240 108.5764811 502.9855032
449.277191
0
0
1060.839
239
105.5975
495.3396
444.4954
0
0
1045.433
8/29/2024
241
111.596942
312.965405 456.3596788
0
0
880.922
240
108.5765
502.9855
449.2772
0
0
1060.839
8/30/2024
242 114.6588477
166.655992 463.8992858
0
0
745.2141
241
111.5969
312.9654
456.3597
0
0
880.922
8/31/2024
243 117.7621153 169.9887215 471.5813418
0
0
759.3322
242
114.6588
166.656
463.8993
0
0
745.2141
9/1/2024
244 120.9066617 173.3667175 479.2722846
0
0
773.5457
243
117.7621
169.9887
471.5813
0
0
759.3322
9/2/2024
245 124.0924038 176.7904978 822.7590723
0
0
1123.642
244
120.9067
173.3667
479.2723
0
0
773.5457
9/3/2024
246 127.3192586
180.260588 834.8396867
0
0
1142.42
245
124.0924
176.7905
822.7591
0
0
1123.642
9/4/2024
247 130.5892627 183.7775222 846.8930278
0
0
1161.26
246
127.3193
180.2606
834.8397
0
0
1142.42
9/5/2024
248 133.8960454 187.3418423 858.7862706
0
0
1180.024
247
130.5893
183.7775
846.893
0
0
1161.26
9/6/2024
249 137.2457413 190.9540986 870.8961287
0
0
1199.096
248
133.896
187.3418
858.7863
0
0
1180.024
9/7/2024
250 140.6362176 194.6148498 883.2666729
0
0
1218.518
249
137.2457
190.9541
870.8961
0
0
1199.096
9/8/2024
251 144.0673912 198.3246628 895.8877907
0
0
1238.28
250
140.6362
194.6148
883.2667
0
0
1218.518
9/9/2024
252 147.5391791 202.0841129 908.6206379
0
0
1258.244
251
144.0674
198.3247
895.8878
0
0
1238.28
9/10/2024
253 151.0514982 205.8937839 921.5919825
0
0
1278.537
252
147.5392
202.0841
908.6206
0
0
1258.244
9/11/2024
254 154.6042654 209.7542681 934.5918295
0
0
1298.95
253
151.0515
205.8938
921.592
0
0
1278.537
9/12/2024
255 158.1973977 213.6661661 947.0115036
0
0
1318.875
254
154.6043
209.7543
934.5918
0
0
1298.95
9/13/2024
256
161.830812 217.6300874 956.7002305
0
0
1336.161
255
158.1974
213.6662
947.0115
0
0
1318.875
9/14/2024
257 182.4481161 221.6466499 966.5364306
0
0
1370.631
256
161.8308
217.6301
956.7002
0
0
1336.161
9/15/2024
258
187.046286 225.7164804 976.3398182
0
0
1389.103
257
182.4481
221.6466
966.5364
0
0
1370.631
9/16/2024
259 191.7065949 229.8402141 986.2176326
0
0
1407.764
258
187.0463
225.7165
976.3398
0
0
1389.103
9/17/2024
260 187.2892695 234.2160651 996.0633196
0
0
1417.569
259
191.7066
229.8402
986.2176
0
0
1407.764
9/18/2024
261 82.93305377 238.2534738 1006.171272
0
0
1327.358
260
187.2893
234.2161
996.0633
0
0
1417.569
9/19/2024
262 85.55374479 242.1549553 1016.182777
0
0
1343.891
261
82.93305
238.2535
1006.171
0
0
1327.358
9/20/2024
263 88.21666986 246.1007472 1026.204602
0
0
1360.522
262
85.55374
242.155
1016.183
0
0
1343.891
9/21/2024
264 90.92174592 393.1370518 1036.662475
0
0
1520.721
263
88.21667
246.1007
1026.205
0
0
1360.522
9/22/2024
265 93.66888989 400.4481148 1046.866083
0
0
1540.983
264
90.92175
393.1371
1036.662
0
0
1520.721
9/23/2024
266 96.45801872 407.8405264 1057.017055
0
0
1561.316
265
93.66889
400.4481
1046.866
0
0
1540.983
9/24/2024
267 99.28904933 415.3147676 1067.153054
0
0
1581.757
266
96.45802
407.8405
1057.017
0
0
1561.316
9/25/2024
268 102.1618987 422.8713281
1077.45012
0
0
1602.483
267
99.28905
415.3148
1067.153
0
0
1581.757
9/26/2024
269 105.0764836 430.5107061 1087.860018
0
0
1623.447
268
102.1619
422.8713
1077.45
0
0
1602.483
9/27/2024
270 108.0327212 438.2334088 718.8242078
0
0
1265.09
269
105.0765
430.5107
1087.86
0
0
1623.447
9/28/2024
271 111.0305283
446.039952
449.277191
0
0
1006.348
270
108.0327
438.2334
718.8242
0
0
1265.09
9/29/2024
272 114.0698218 353.9168027 456.3596788
0
0
924.3463
271
111.0305
446.04
449.2772
0
0
1006.348
9/30/2024
273 117.1505187 283.9479868 463.8992858
0
0
864.9978
272
114.0698
353.9168
456.3597
0
0
924.3463
10/1/2024
274
120.272536 289.7118873 471.5813418 436.8715272
0
1318.437
273
117.1505
283.948
463.8993
0
0
864.9978
10/2/2024
275 123.4357904
295.545428 479.2722846 889.6891244
0
1787.943
274
120.2725
289.7119
471.5813
436.8715
0
1318.437
10/3/2024
276 126.6423189 301.4491075 660.9720148 899.8722626
0
1988.936
275
123.4358
295.5454
479.2723
889.6891
0
1787.943
10/4/2024
277 129.8857505 307.4234323 671.0708118 910.1516483
0
2018.532
276
126.6423
301.4491
660.972
899.8723
0
1988.936
10/5/2024
278 133.1722199 313.4689171 681.0228095
920.572246
0
2048.236
277
129.8858
307.4234
671.0708
910.1516
0
2018.532
10/6/2024
279 136.4995943 319.5860851 690.9100831 930.8314529
0
2077.827
278
133.1722
313.4689
681.0228
920.5722
0
2048.236
10/7/2024
280 139.8677907 325.7754678 700.8432734
941.435056
0
2107.922
279
136.4996
319.5861
690.9101
930.8315
0
2077.827
10/8/2024
281 143.2767259
332.037605
711.176105 951.8030135
0
2138.293
280
139.8678
325.7755
700.8433
941.4351
0
2107.922
10/9/2024
282 146.7263169
338.373045 721.6333292 962.5250424
0
2169.258
281
143.2767
332.0376
711.1761
951.803
0
2138.293
10/10/2024
283 150.2164807 344.7823444 732.3060056 973.0742682
0
2200.379
282
146.7263
338.373
721.6333
962.525
0
2169.258
10/11/2024
284 153.7471341 351.2660686 743.0340317 983.7692415
0
2231.816
283
150.2165
344.7823
732.306
973.0743
0
2200.379
10/12/2024
285 157.3181941 357.8247915 753.9766827 994.5019663
0
2263.622
284
153.7471
351.2661
743.034
983.7692
0
2231.816
10/13/2024
286 160.9295776 364.4590955 764.3319251 1005.310453
0
2295.031
285
157.3182
357.8248
753.9767
994.502
0
2263.622
10/14/2024
287 181.5248925 371.1695718 772.0741462 1016.156222
0
2340.925
286
160.9296
364.4591
764.3319
1005.31
0
2295.031
10/15/2024
288 186.1011148 377.9568203 779.8255494 1027.157086
0
2371.041
287
181.5249
371.1696
772.0741
1016.156
0
2340.925
10/16/2024
289 181.6000274 384.8214497 787.5560959 1041.692408
0
2395.67
288
186.1011
377.9568
779.8255
1027.157
0
2371.041
10/17/2024
290 77.16021574 391.2374457 795.4332469 1057.382377
0
2321.213
289
181.6
384.8214
787.5561
1041.692
0
2395.67
10/18/2024
291 79.69747699 397.5234819 803.1910267 1072.993102
0
2353.405
290
77.16022
391.2374
795.4332
1057.382
0
2321.213
10/19/2024
292 82.27713843 403.8592923 811.2516819 1089.007054
0
2386.395
291
79.69748
397.5235
803.191
1072.993
0
2353.405
10/20/2024
293 84.89911699 553.8793222 819.0980896 1105.013541
0
2562.89
292
82.27714
403.8593
811.2517
1089.007
0
2386.395
10/21/2024
294
87.5633296 564.5748492 827.0872816 1121.339457
0
2600.565
293
84.89912
553.8793
819.0981
1105.014
0
2562.89
10/22/2024
295 90.26969319 575.4056826 835.6104959 1137.829396
0
2639.115
294
87.56333
564.5748
827.0873
1121.339
0
2600.565
10/23/2024
296
93.0181247 586.3731639 844.1964007
1153.2393
0
2676.827
295
90.26969
575.4057
835.6105
1137.829
0
2639.115
10/24/2024
297 95.80854107 597.4786578 852.6183462 1173.825901
0
2719.731
296
93.01812
586.3732
844.1964
1153.239
0
2676.827
10/25/2024
298 98.64085921 608.7235527 861.2070522 1194.879313
0
2763.451
297
95.80854
597.4787
852.6183
1173.826
0
2719.731
10/26/2024
299 101.5149961 620.1092605 869.8742648 1215.940749
0
2807.439
298
98.64086
608.7236
861.2071
1194.879
0
2763.451
10/27/2024
300 104.4308686
631.637217 878.6300537 1237.770351
0
2852.468
299
101.515
620.1093
869.8743
1215.941
0
2807.439
10/28/2024
301 107.3883937
543.294824 507.9744385
1259.68075
0
2418.338
300
104.4309
631.6372
878.6301
1237.77
0
2852.468
10/29/2024
302 110.3874883 477.1670577 236.8135191 1286.586651
0
2110.955
301
107.3884
543.2948
507.9744
1259.681
0
2418.338
10/30/2024
303 113.4280694 486.8332666 240.5285773 1308.331524
0
2149.121
302
110.3875
477.1671
236.8135
1286.587
0
2110.955
10/31/2024
304 116.5100538 496.6313554 244.2274642 1325.797723
0
2183.167
303
113.4281
486.8333
240.5286
1308.332
0
2149.121
11/1/2024
305 119.6333586 506.5628192 421.9912752 1780.437568
0
2828.625
304
116.5101
496.6314
244.2275
1325.798
0
2183.167
11/2/2024
306 122.7979006 516.6291764 427.8964402 2250.870435
0
3318.194
305
119.6334
506.5628
421.9913
1780.438
0
2828.625
11/3/2024
307 126.0035968 526.8319697
433.91311
2279.36083
0
3366.11
306
122.7979
516.6292
427.8964
2250.87
0
3318.194
11/4/2024
308 129.2524839 537.1727658 439.9361991 2307.099543
0
3413.461
307
126.0036
526.832
433.9131
2279.361
0
3366.11
11/5/2024
309 132.5381911 547.6531556 446.0854826 2330.862669
0
3457.139
308
129.2525
537.1728
439.9362
2307.1
0
3413.461
11/6/2024
310
135.866853 558.2747546 451.2116297 2354.608089
0
3499.961
309
132.5382
547.6532
446.0855
2330.863
0
3457.139
11/7/2024
311 139.2363369 569.0392026 456.3313598 2378.787428
0
3543.394
310
135.8669
558.2748
451.2116
2354.608
0
3499.961
11/8/2024
312 142.6465596 579.9481643 461.8178469 2402.765608
0
3587.178
311
139.2363
569.0392
456.3314
2378.787
0
3543.394
11/9/2024
313 146.0974381 591.0033291 467.3842139
2427.31621
0
3631.801
312
142.6466
579.9482
461.8178
2402.766
0
3587.178
11/10/2024
314 149.5888894 602.2064115 473.1184024 2451.342804
0
3676.257
313
146.0974
591.0033
467.3842
2427.316
0
3631.801
11/11/2024
315 153.1208304 613.5591511 478.6543583 2476.122769
0
3721.457
314
149.5889
602.2064
473.1184
2451.343
0
3676.257
11/12/2024
316 173.6368687 625.0633127 484.5105152 2500.449208
0
3783.66
315
153.1208
613.5592
478.6544
2476.123
0
3721.457
11/13/2024
317 178.1339807 636.7206867 490.0869211
2525.47439
0
3830.416
316
173.6369
625.0633
484.5105
2500.449
0
3783.66
11/14/2024
318 182.6934391 648.5330889 495.3428767
2550.16771
0
3876.737
317
178.134
636.7207
490.0869
2525.474
0
3830.416
11/15/2024
319 187.3149612 660.5023609 500.5552226
2575.24147
0
3923.614
318
182.6934
648.5331
495.3429
2550.168
0
3876.737
11/16/2024
320 191.9984222 672.6303701 505.8793377 2603.881791
0
3974.39
319
187.315
660.5024
500.5552
2575.241
0
3923.614
11/17/2024
321 187.6042074
684.91901 511.2015668 2633.768635
0
4017.493
320
191.9984
672.6304
505.8793
2603.882
0
3974.39
11/18/2024
322 83.27106083 697.9589541 516.5055495
2663.60773
0
3961.343
321
187.6042
684.919
511.2016
2633.769
0
4017.493
11/19/2024
323 85.91477941
709.990347 521.9387245 2694.090014
0
4011.934
322
83.27106
697.959
516.5055
2663.608
0
3961.343
11/20/2024
324 88.60069051
721.61668 527.8764456 2724.152912
0
4062.247
323
85.91478
709.9903
521.9387
2694.09
0
4011.934
11/21/2024
325 91.32871107 876.4207505 534.1700837 2755.363474
0
4257.283
324
88.60069
721.6167
527.8764
2724.153
0
4062.247
11/22/2024
326
94.098758 891.5878033 540.4058611 2785.885857
0
4311.978
325
91.32871
876.4208
534.1701
2755.363
0
4257.283
11/23/2024
327 96.91074826 906.9254443 546.3890205 2816.171323
0
4366.397
326
94.09876
891.5878
540.4059
2785.886
0
4311.978
11/24/2024
328 99.76459876 922.4351869 552.1660183 2851.201951
0
4425.568
327
96.91075
906.9254
546.389
2816.171
0
4366.397
11/25/2024
329 102.6602265 938.1185703 558.2430687 2886.946963
0
4485.969
328
99.7646
922.4352
552.166
2851.202
0
4425.568
11/26/2024
330 105.5975483 953.9771593 564.1721834 2922.729012
0
4546.476
329
102.6602
938.1186
558.2431
2886.947
0
4485.969
11/27/2024
331 108.5764811 970.0125447 570.2753436
2959.37358
0
4608.238
330
105.5975
953.9772
564.1722
2922.729
0
4546.476
11/28/2024
332
111.596942 986.2263434 448.5456231 2996.127322
0
4542.496
331
108.5765
970.0125
570.2753
2959.374
0
4608.238
11/29/2024
333 114.6588477 1002.620199 244.4082754 3038.140098
0
4399.827
332
111.5969
986.2263
448.5456
2996.127
0
4542.496
11/30/2024
334 117.7621153 721.1559882 248.2979902 3074.513588
0
4161.73
333
114.6588
1002.62
244.4083
3038.14
0
4399.827
12/1/2024
335 120.9066617 505.6416509
252.100499 3107.382888
0
3986.032
334
117.7621
721.156
248.298
3074.514
0
4161.73
12/2/2024
336 124.0924038 515.7397482 256.0979463 3234.932928
0
4130.863
335
120.9067
505.6417
252.1005
3107.383
0
3986.032
12/3/2024
337 127.3192586 525.9760085 260.0038635 3632.543528
0
4545.843
336
124.0924
515.7397
256.0979
3234.933
0
4130.863
12/4/2024
338 130.5892627 536.3520228 771.4974155 3671.168656
0
5109.607
337
127.3193
525.976
260.0039
3632.544
0
4545.843
12/5/2024
339 133.8960454 546.8694065 780.5886289
3709.04605
0
5170.4
338
130.5893
536.352
771.4974
3671.169
0
5109.607
12/6/2024
340 137.2457413 557.5297996 789.8017664
3743.13511
0
5227.712
339
133.896
546.8694
780.5886
3709.046
0
5170.4
12/7/2024
341 140.6362176 568.3348665 799.3226196 3777.289914
0
5285.584
340
137.2457
557.5298
789.8018
3743.135
0
5227.712
12/8/2024
342 144.0673912 579.2862968
809.036543 3811.898752
0
5344.289
341
140.6362
568.3349
799.3226
3777.29
0
5285.584
12/9/2024
343 147.5391791
590.385805 818.8635511 3846.372111
0
5403.161
342
144.0674
579.2863
809.0365
3811.899
0
5344.289
12/10/2024
344 151.0514982 601.6351305 828.6360718 3880.775939
0
5462.099
343
147.5392
590.3858
818.8636
3846.372
0
5403.161
12/11/2024
345 154.6042654 613.0360384 838.6645008 3915.742459
0
5522.047
344
151.0515
601.6351
828.6361
3880.776
0
5462.099
12/12/2024
346 158.1973977 624.5903189 848.4823575 3950.653391
0
5581.923
345
154.6043
613.036
838.6645
3915.742
0
5522.047
12/13/2024
347
161.830812 636.2997879 858.0279973 3985.845056
0
5642.004
346
158.1974
624.5903
848.4824
3950.653
0
5581.923
12/14/2024
348 165.5044252 648.1662869 867.2732103 4021.262825
0
5702.207
347
161.8308
636.2998
858.028
3985.845
0
5642.004
12/15/2024
349 186.1618452 660.1916835 876.8368614 4056.487165
0
5779.678
348
165.5044
648.1663
867.2732
4021.263
0
5702.207
12/16/2024
350 190.8000479 672.3778709
886.209382
4092.05391
0
5841.441
349
186.1618
660.1917
876.8369
4056.487
0
5779.678
12/17/2024
351 186.3608164 684.7267688 895.8000258 4127.797871
0
5894.685
350
190.8
672.3779
886.2094
4092.054
0
5841.441
12/18/2024
352 81.98273603 695.6709717 905.3248994 4166.160347
0
5849.139
351
186.3608
684.7268
895.8
4127.798
0
5894.685
12/19/2024
353 84.58160396 706.1602254
915.028263 4206.826922
0
5912.597
352
81.98274
695.671
905.3249
4166.16
0
5849.139
12/20/2024
354 87.22274747 717.3189939 924.6634066 4247.434541
0
5976.64
353
84.5816
706.1602
915.0283
4206.827
0
5912.597
12/21/2024
355
89.9060835 872.0006202 934.4687426 2723.820575
0
4620.196
354
87.22275
717.319
924.6634
4247.435
0
5976.64
12/22/2024
356 92.63152898 887.0426803 944.4929888 2218.843887
0
4143.011
355
89.90608
872.0006
934.4687
2723.821
0
4620.196
12/23/2024
357 95.39900085 902.2527378 954.9815625 2243.607887
0
4196.241
356
92.63153
887.0427
944.493
2218.844
0
4143.011
12/24/2024
358 98.20841603 917.6322636
965.730014 2269.691017
0
4251.262
357
95.399
902.2527
954.9816
2243.608
0
4196.241
12/25/2024
359 101.0596915 933.1827538 976.3471255 2293.760521
0
4304.35
358
98.20842
917.6323
965.73
2269.691
0
4251.262
12/26/2024
360 103.9527441 948.9057301 987.2575182 2318.533949
0
4358.65
359
101.0597
933.1828
976.3471
2293.761
0
4304.35
12/27/2024
361 106.8874908 964.8027399 855.3268098 2344.071931
0
4271.089
360
103.9527
948.9057
987.2575
2318.534
0
4358.65
12/28/2024
362 109.8638486 980.8753561
670.025315 2369.859956
0
4130.624
361
106.8875
964.8027
855.3268
2344.072
0
4271.089
12/29/2024
363 112.8817344 699.0853862 678.2242762 2395.840317
0
3886.032
362
109.8638
980.8754
670.0253
2369.86
0
4130.624
12/30/2024
364 115.9410651 483.2406978 686.4855324 2422.369436
0
3708.037
363
112.8817
699.0854
678.2243
2395.84
0
3886.032
12/31/2024
365 119.0417576 493.0037812 696.9011651 2542.987487
0
3851.934
364
115.9411
483.2407
686.4855
2422.369
0
3708.037
1/1/2025
366 122.1837289 502.9002929 707.7884628 2932.878664
0
4265.751
365
119.0418
493.0038
696.9012
2542.987
0
3851.934
1/2/2025
367 125.3690157 512.9317514 1226.363604 2959.784044
0
4824.448
366
122.1837
502.9003
707.7885
2932.879
0
4265.751
1/3/2025
368 128.5912472 523.0996994 1243.631969 2987.290687
0
4882.614
367
125.369
512.9318
1226.364
2959.784
0
4824.448
1/4/2025
369 131.8565581 533.4057037 1261.241376 3014.402995
0
4940.907
368
128.5912
523.0997
1243.632
2987.291
0
4882.614
1/5/2025
370 135.1628155 543.8513551 1278.906681 3041.745133
0
4999.666
369
131.8566
533.4057
1261.241
3014.403
0
4940.907
1/6/2025
371 138.5099363 554.4382691
1295.39801 3069.330246
0
5057.676
370
135.1628
543.8514
1278.907
3041.745
0
4999.666
1/7/2025
372 141.8978376 565.1680855 1311.727921 3097.046275
0
5115.84
371
138.5099
554.4383
1295.398
3069.33
0
5057.676
1/8/2025
373 145.3264362 576.0424691 1328.354924
3124.84067
0
5174.564
372
141.8978
565.1681
1311.728
3097.046
0
5115.84
1/9/2025
374 148.7956491 587.0631091 1345.737473 3152.895017
0
5234.491
373
145.3264
576.0425
1328.355
3124.841
0
5174.564
1/10/2025
375 152.3053931 598.2317202 1363.747283 3180.448698
0
5294.733
374
148.7956
587.0631
1345.737
3152.895
0
5234.491
1/11/2025
376 155.8555853 609.5500419 1381.860613 3208.897135
0
5356.163
375
152.3054
598.2317
1363.747
3180.449
0
5294.733
1/12/2025
377 176.3898334
621.019839 1400.002373 3236.820918
0
5434.233
376
155.8556
609.55
1381.861
3208.897
0
5356.163
1/13/2025
378 180.9051135 632.6429019 1418.390524 3265.663733
0
5497.602
377
176.3898
621.0198
1400.002
3236.821
0
5434.233
1/14/2025
379 185.4826987 644.4210464 1436.311694
3293.79396
0
5560.009
378
180.9051
632.6429
1418.391
3265.664
0
5497.602
1/15/2025
380 180.9828157 656.3561142 1451.796222 3322.567263
0
5611.702
379
185.4827
644.421
1436.312
3293.794
0
5560.009
1/16/2025
381 76.54420859 668.4499726 1467.292337 3353.829182
0
5566.116
380
180.9828
656.3561
1451.796
3322.567
0
5611.702
1/17/2025
382 79.08267431 680.7045151 1482.978285 3387.411934
0
5630.177
381
76.54421
668.45
1467.292
3353.829
0
5566.116
1/18/2025
383 81.66354022 693.1216612 1498.672182 3420.947848
0
5694.405
382
79.08267
680.7045
1482.978
3387.412
0
5630.177
1/19/2025
384 84.28672325 847.7684528
1514.51625 3455.018317
0
5901.59
383
81.66354
693.1217
1498.672
3420.948
0
5694.405
1/20/2025
385 86.95214032 862.5859145 1531.183592 3488.741152
0
5969.463
384
84.28672
847.7685
1514.516
3455.018
0
5901.59
1/21/2025
386 89.65970838 877.5695658 1548.357195 1958.815286
0
4474.402
385
86.95214
862.5859
1531.184
3488.741
0
5969.463
1/22/2025
387 92.40934436 892.7208471 1565.836888 1446.846623
0
3997.814
386
89.65971
877.5696
1548.357
1958.815
0
4474.402
1/23/2025
388 95.20096519 908.0412239 1583.224435 1463.449962
0
4049.917
387
92.40934
892.7208
1565.837
1446.847
0
3997.814
1/24/2025
389 98.03448781 923.5321869 1599.536306 1481.134574
0
4102.238
388
95.20097
908.0412
1583.224
1463.45
0
4049.917
1/25/2025
390 100.9098291 939.1952523 1615.744723 1499.549267
0
4155.399
389
98.03449
923.5322
1599.536
1481.135
0
4102.238
1/26/2025
391 103.8269061
955.031962 1632.261484 1517.665159
0
4208.786
390
100.9098
939.1953
1615.745
1499.549
0
4155.399
1/27/2025
392 106.7856357 971.0438835 1648.669868 1536.637095
0
4263.136
391
103.8269
955.032
1632.261
1517.665
0
4208.786
1/28/2025
393 109.7859348 987.2326104 1640.923406 1555.433697
0
4293.376
392
106.7856
971.0439
1648.67
1536.637
0
4263.136
1/29/2025
394 112.8277203 1003.599762 992.3317275 1573.850106
0
3682.609
393
109.7859
987.2326
1640.923
1555.434
0
4293.376
1/30/2025
395 115.9109092 722.1071937 707.7161441 1590.972896
0
3136.707
394
112.8277
1003.6
992.3317
1573.85
0
3682.609
1/31/2025
396 119.0354185 506.5628192 718.8578142 1605.224226
0
2949.68
395
115.9109
722.1072
707.7161
1590.973
0
3136.707
2/1/2025
397 122.2011649 516.6291764 730.0114446 1619.742559
0
2988.584
396
119.0354
506.5628
718.8578
1605.224
0
2949.68
2/2/2025
398 125.4080656 526.8319697 741.4604084 2073.762976
0
3467.463
397
122.2012
516.6292
730.0114
1619.743
0
2988.584
2/3/2025
399 128.6560374 537.1727658 1260.333995 3010.838377
0
4937.001
398
125.4081
526.832
741.4604
2073.763
0
3467.463
2/4/2025
400
131.947117 547.6531556 1276.736946
3040.92776
0
4997.265
399
128.656
537.1728
1260.334
3010.838
0
4937.001
2/5/2025
401 135.2749336 558.2747546
1292.944
3071.25416
0
5057.748
400
131.9471
547.6532
1276.737
3040.928
0
4997.265
2/6/2025
402 138.6456219 569.0392026 1309.463307 3101.250577
0
5118.399
401
135.2749
558.2748
1292.944
3071.254
0
5057.748
2/7/2025
403 142.0570491 579.9481643 1326.722284 3132.304496
0
5181.032
402
138.6456
569.0392
1309.463
3101.251
0
5118.399
2/8/2025
404 145.5091321 591.0033291 1344.624091 3162.750197
0
5243.887
403
142.057
579.9482
1326.722
3132.304
0
5181.032
2/9/2025
405 149.0017878 602.2064115
1362.65406 3193.611549
0
5307.474
404
145.5091
591.0033
1344.624
3162.75
0
5243.887
2/10/2025
406 152.5349332 613.5591511 1380.899501 3224.563469
0
5371.557
405
149.0018
602.2064
1362.654
3193.612
0
5307.474
2/11/2025
407 156.1084852 625.0633127 1399.311666 3255.878368
0
5436.362
406
152.5349
613.5592
1380.9
3224.563
0
5371.557
2/12/2025
408 159.7223607 636.7206867 1417.331992
3286.80935
0
5500.584
407
156.1085
625.0633
1399.312
3255.878
0
5436.362
2/13/2025
409 163.3764767 648.5330889 1432.639058 3318.723083
0
5563.272
408
159.7224
636.7207
1417.332
3286.809
0
5500.584
2/14/2025
410
184.014441 660.5023609 1448.140856 3349.641612
0
5642.299
409
163.3765
648.5331
1432.639
3318.723
0
5563.272
2/15/2025
411 188.6332295 672.6303701
1463.62351 3382.012544
0
5706.9
410
184.0144
660.5024
1448.141
3349.642
0
5642.299
2/16/2025
412 193.3141155
684.91901 1479.326937 3413.305666
0
5770.866
411
188.6332
672.6304
1463.624
3382.013
0
5706.9
2/17/2025
413 188.9173256 697.9589541 1494.964038 3452.361633
0
5834.202
412
193.3141
684.919
1479.327
3413.306
0
5770.866
2/18/2025
414 84.58160396
709.990347 1510.962057 3496.734461
0
5802.268
413
188.9173
697.959
1494.964
3452.362
0
5834.202
2/19/2025
415 87.22274747
721.61668 1526.753207 3538.538229
0
5874.131
414
84.5816
709.9903
1510.962
3496.734
0
5802.268
2/20/2025
416
89.9060835 733.3750571 1542.960938 3580.567625
0
5946.81
415
87.22275
721.6167
1526.753
3538.538
0
5874.131
2/21/2025
417 92.63152898
888.312688 1559.587934 3177.988079
0
5718.52
416
89.90608
733.3751
1542.961
3580.568
0
5946.81
2/22/2025
418 95.39900085 903.6148427 1575.727566 2580.814615
0
5155.556
417
92.63153
888.3127
1559.588
3177.988
0
5718.52
2/23/2025
419 98.20841603 919.0891525 1591.717373
2616.21249
0
5225.227
418
95.399
903.6148
1575.728
2580.815
0
5155.556
2/24/2025
420 101.0596915 934.7371564 1608.032335 2650.266271
0
5294.095
419
98.20842
919.0892
1591.717
2616.212
0
5225.227
2/25/2025
421 103.9527441 950.5604194 1624.218403 2685.037601
679.488818
6043.258
420
101.0597
934.7372
1608.032
2650.266
0
5294.095
2/26/2025
422 106.8874908 966.5605322 1622.002114 2725.088275 1232.062387
6652.601
421
103.9527
950.5604
1624.218
2685.038
679.4888
6043.258
2/27/2025
423 109.8638486 982.7391117 965.4249521 2769.191329 1242.723599
6069.943
422
106.8875
966.5605
1622.002
2725.088
1232.062
6652.601
2/28/2025
424 112.8817344 999.0978012 678.1205585 2814.168451 1253.428186
5857.697
423
109.8638
982.7391
965.425
2769.191
1242.724
6069.943
3/1/2025
425 115.9410651 717.5984784 686.3802511 2859.467485 1264.429646
5643.817
424
112.8817
999.0978
678.1206
2814.168
1253.428
5857.697
3/2/2025
426 119.0417576 502.0490822 696.7942999 2905.213689
1274.97064
5498.069
425
115.9411
717.5985
686.3803
2859.467
1264.43
5643.817
3/3/2025
427 122.1837289 512.1121739 707.6799931 3381.761727
1285.80518
6009.543
426
119.0418
502.0491
696.7943
2905.214
1274.971
5498.069
3/4/2025
428 125.3690157 522.3134822 718.8211216 4341.146703 1296.682961
7004.333
427
122.1837
512.1122
707.68
3381.762
1285.805
6009.543
3/5/2025
429 128.5912472 532.6545978 1236.550298 4387.331757
1307.60395
7592.732
428
125.369
522.3135
718.8211
4341.147
1296.683
7004.333
3/6/2025
430 131.8565581 543.1371363 1254.153247 4430.623421 1318.568115
7678.338
429
128.5912
532.6546
1236.55
4387.332
1307.604
7592.732
3/7/2025
431 135.1628155 553.7627375 1271.766907 4473.991666 1329.849115
7764.533
430
131.8566
543.1371
1254.153
4430.623
1318.568
7678.338
3/8/2025
432 138.5099363
564.533066 1288.272739 4518.494553 1340.629295
7850.44
431
135.1628
553.7627
1271.767
4473.992
1329.849
7764.533
3/9/2025
433 141.8978376 575.4498113 1304.552058 4562.219226 1351.722813
7935.842
432
138.5099
564.5331
1288.273
4518.495
1340.629
7850.44
3/10/2025
434 145.3264362 586.5146879 1321.144009 4606.530704 1362.859373
8022.375
433
141.8978
575.4498
1304.552
4562.219
1351.723
7935.842
3/11/2025
435 148.7956491 597.7294353 1338.475598 4650.995069
1374.03894
8110.035
434
145.3264
586.5147
1321.144
4606.531
1362.859
8022.375
3/12/2025
436 152.3053931 609.0958185 1356.450404 4695.738011 1385.261483
8198.851
435
148.7956
597.7294
1338.476
4650.995
1374.039
8110.035
3/13/2025
437 155.8555853 620.6156276 1374.553344 4740.579274 1396.821864
8288.426
436
152.3054
609.0958
1356.45
4695.738
1385.261
8198.851
3/14/2025
438 159.4461426 632.2906787 1392.831204 4785.926976 1407.838995
8378.334
437
155.8556
620.6156
1374.553
4740.579
1396.822
8288.426
3/15/2025
439 174.3187055 644.1228132 1411.104705 4830.880061 1419.190292
8479.617
438
159.4461
632.2907
1392.831
4785.927
1407.839
8378.334
3/16/2025
440 178.5764884 656.1138987 1429.090647 4876.795654
1430.58443
8571.161
439
174.3187
644.1228
1411.105
4830.88
1419.19
8479.617
3/17/2025
441 173.7496167 668.2658284 1444.434677 4922.230887 1442.021376
8650.702
440
178.5765
656.1139
1429.091
4876.796
1430.584
8571.161
3/18/2025
442 68.97668983 680.5805221 1459.999306 4974.931863 1453.501097
8637.989
441
173.7496
668.2658
1444.435
4922.231
1442.021
8650.702
3/19/2025
443 71.17374875 691.4905742 1475.541069 5033.316661 1465.340728
8736.863
442
68.97669
680.5805
1459.999
4974.932
1453.501
8637.989
3/20/2025
444 73.40546162 701.9457305 1491.307311 5089.184853 1476.592548
8832.436
443
71.17375
691.4906
1475.541
5033.317
1465.341
8736.863
3/21/2025
445 75.67241671 855.5273944 1507.003415 5145.340628 1488.200423
9071.744
444
73.40546
701.9457
1491.307
5089.185
1476.593
8832.436
3/22/2025
446 77.97433079 870.0081479 1523.064237 4669.919214 1499.850941
8640.817
445
75.67242
855.5274
1507.003
5145.341
1488.2
9071.744
3/23/2025
447 80.31143517 885.0017078 1538.995112 4173.334577 1511.544066
8189.187
446
77.97433
870.0081
1523.064
4669.919
1499.851
8640.817
3/24/2025
448 82.68277913 900.1618707 1556.418676 4222.897863 1523.616329
8285.778
447
80.31144
885.0017
1538.995
4173.335
1511.544
8189.187
3/25/2025
449 85.08915637 915.4900853 1573.704781 4271.812417 1535.061979
8381.158
448
82.68278
900.1619
1556.419
4222.898
1523.616
8285.778
3/26/2025
450 87.53021619
930.987825 1589.932677 4320.551722 2226.864413
9155.867
449
85.08916
915.4901
1573.705
4271.812
1535.062
8381.158
3/27/2025
451 90.00627364 946.6565889
1606.03768 4375.237424 2791.676698
9809.615
450
87.53022
930.9878
1589.933
4320.552
2226.864
9155.867
3/28/2025
452 92.51613027 962.4979012 1622.468888 4433.555031 2814.247229
9925.285
451
90.00627
946.6566
1606.038
4375.237
2791.677
9809.615
3/29/2025
453 95.06082411 978.5133121 1638.771849 4493.321979 2836.903542
10042.57
452
92.51613
962.4979
1622.469
4433.555
2814.247
9925.285
3/30/2025
454 97.63992413 696.6646057 1639.540796
4553.29348 2860.260223
9847.399
453
95.06082
978.5133
1638.772
4493.322
2836.904
10042.57
3/31/2025
455 100.2538434 480.7596264 980.2389889 4613.972515 2882.480694
9057.706
454
97.63992
696.6646
1639.541
4553.293
2860.26
9847.399
4/1/2025
456 102.9010931 490.4608408 695.1264941 4665.907813 2905.394009
8859.79
455
100.2538
480.7596
980.239
4613.973
2882.481
9057.706
4/2/2025
457
105.582998 500.2938817 705.9871346
4717.6102 2928.392839
8957.867
456
102.9011
490.4608
695.1265
4665.908
2905.394
8859.79
4/3/2025
458 108.2990327 510.2602441 1223.109747 4763.601411 2951.477116
9556.748
457
105.583
500.2939
705.9871
4717.61
2928.393
8957.867
4/4/2025
459
111.049128 520.3614466 1240.418519 5245.683662 2974.646774
10092.16
458
108.299
510.2602
1223.11
4763.601
2951.477
9556.748
4/5/2025
460 113.8338413 530.5990318 1257.993264 6210.754374 2998.562016
11111.74
459
111.0491
520.3614
1240.419
5245.684
2974.647
10092.16
4/6/2025
461
116.653376 540.9745663 1275.623564 6269.895367 3021.249783
11224.4
460
113.8338
530.599
1257.993
6210.754
2998.562
11111.74
4/7/2025
462 119.5031916 551.4896411 1292.924461
6328.59813 3044.675245
11337.19
461
116.6534
540.9746
1275.624
6269.895
3021.25
11224.4
4/8/2025
463 122.3888412 562.1458717 1309.242837 6387.789216 3068.185822
11449.75
462
119.5032
551.4896
1292.924
6328.598
3044.675
11337.19
4/9/2025
464 125.3089666 572.9448979 1325.858321 6447.526972 3091.781447
11563.42
463
122.3888
562.1459
1309.243
6387.789
3068.186
11449.75
4/10/2025
465 128.2612532 583.8883843
1343.22937 6506.997145 3115.462052
11677.84
464
125.309
572.9449
1325.858
6447.527
3091.781
11563.42
4/11/2025
466 131.2478422 594.9780204 1361.227697 6567.640693 3139.935666
11795.03
465
128.2613
583.8884
1343.229
6506.997
3115.462
11677.84
4/12/2025
467
134.267939 606.2155207 1379.329562 6627.617398 3163.086128
11910.52
466
131.2478
594.978
1361.228
6567.641
3139.936
11795.03
4/13/2025
468 137.3223874 617.6026248 1397.459874 6688.305336 3187.021339
12027.71
467
134.2679
606.2155
1379.33
6627.617
3163.086
11910.52
4/14/2025
469 151.6501446 629.1410975 1415.836595 6749.172596 3211.041264
12156.84
468
137.3224
617.6026
1397.46
6688.305
3187.021
12027.71
4/15/2025
470 155.3570963 640.8327291 1433.746353 6810.187056 3235.145837
12275.27
469
151.6501
629.1411
1415.837
6749.173
3211.041
12156.84
4/16/2025
471 159.1119992 652.6793356 1449.219486 6871.885809 3259.334991
12392.23
470
155.3571
640.8327
1433.746
6810.187
3235.146
12275.27
4/17/2025
472 162.9156821 664.6827584 1464.704224 6933.606304 3142.489613
12368.4
471
159.112
652.6793
1449.219
6871.886
3259.335
12392.23
4/18/2025
473 166.7650723
676.844865 1480.378812 6995.125247 2372.378725
11691.49
472
162.9157
664.6828
1464.704
6933.606
3142.49
12368.4
4/19/2025
474 161.5230711 689.7563028 1496.061367
7064.2138 1925.843622
11337.4
473
166.7651
676.8449
1480.379
6995.125
2372.379
11691.49
4/20/2025
475 56.32806853 703.2265416 1511.894111 7135.837556 1500.805624
10908.09
474
161.5231
689.7563
1496.061
7064.214
1925.844
11337.4
4/21/2025
476 58.09567538 715.3419211
1527.86178 7207.902893 1512.502324
11021.7
475
56.32807
703.2265
1511.894
7135.838
1500.806
10908.09
4/22/2025
477 59.89287362 727.0535815 1544.683142 7280.656011 1524.578476
11136.86
476
58.09568
715.3419
1527.862
7207.903
1512.502
11021.7
4/23/2025
478 61.71480006 881.9443427 1562.120006 6505.983794 1536.027382
10547.79
477
59.89287
727.0536
1544.683
7280.656
1524.578
11136.86
4/24/2025
479
63.5661377
897.199472 1579.464221 4238.143247 1547.851731
8326.225
478
61.7148
881.9443
1562.12
6505.984
1536.027
10547.79
4/25/2025
480 65.44527462 912.6265981
1595.73225 4288.120923 1559.718553
8421.644
479
63.56614
897.1995
1579.464
4238.143
1547.852
8326.225
4/26/2025
481 67.35408421 928.2272573 1611.896314
4337.01806 1571.627814
8516.124
480
65.44527
912.6266
1595.732
4288.121
1559.719
8421.644
4/27/2025
482 69.28680685 944.0030117 1628.368203 4386.175418 1583.579482
8611.413
481
67.35408
928.2273
1611.896
4337.018
1571.628
8516.124
4/28/2025
483 71.24901308 959.9554495 1644.731192 4440.872934 3152.693589
10269.5
482
69.28681
944.003
1628.368
4386.175
1583.579
8611.413
4/29/2025
484 73.23879804 976.0861848 1661.355809 4499.643969 2887.140847
10097.47
483
71.24901
959.9554
1644.731
4440.873
3152.694
10269.5
4/30/2025
485 75.25837391
992.396858 1098.731409 4559.831932 2909.824752
9636.043
484
73.2388
976.0862
1661.356
4499.644
2887.141
10097.47
5/1/2025
486 77.30097432 1008.889136 704.8415165 4619.905844 2932.838506
9343.776
485
75.25837
992.3969
1098.731
4559.832
2909.825
9636.043
5/2/2025
487 79.37316711 727.5249204 715.9400818 4681.119112
2956.19505
9160.152
486
77.30097
1008.889
704.8415
4619.906
2932.839
9343.776
5/3/2025
488 81.47271809 512.1121739 727.0500527 4733.166986 2979.125336
9032.927
487
79.37317
727.5249
715.9401
4681.119
2956.195
9160.152
5/4/2025
489 83.60162189 522.3134822 738.4547974 5221.906463 3003.045737
9569.322
488
81.47272
512.1122
727.0501
4733.167
2979.125
9032.927
5/5/2025
490 85.75437048 532.6545978 749.8690821 6185.950475 3025.757518
10579.99
489
83.60162
522.3135
738.4548
5221.906
3003.046
9569.322
5/6/2025
491 87.93507228 543.1371363 1268.925577 6244.030515 3049.197466
11193.23
490
85.75437
532.6546
749.8691
6185.95
3025.758
10579.99
5/7/2025
492 90.14350726 553.7627375 1285.077936
6303.0231 3072.996766
11305
491
87.93507
543.1371
1268.926
6244.031
3049.197
11193.23
5/8/2025
493 92.37902475
564.533066 1301.544369 6362.507005 3096.335816
11417.3
492
90.14351
553.7627
1285.078
6303.023
3072.997
11305
5/9/2025
494
94.6447459 575.4498113 1318.765606
6421.28669 3120.030647
11530.18
493
92.37902
564.5331
1301.544
6362.507
3096.336
11417.3
5/10/2025
495 96.93120104 586.5146879 1336.614189 6481.583854 3144.508385
11646.15
494
94.64475
575.4498
1318.766
6421.287
3120.031
11530.18
5/11/2025
496
99.247638 597.7294353 1354.606479 6540.995191
3167.6828
11760.26
495
96.9312
586.5147
1336.614
6481.584
3144.508
11646.15
5/12/2025
497 101.5909369 609.0958185 1372.798336
6601.3514 3191.631943
11876.47
496
99.24764
597.7294
1354.606
6540.995
3167.683
11760.26
5/13/2025
498 109.6505848 620.6156276
1391.17288 6662.236632 3215.961271
11999.64
497
101.5909
609.0958
1372.798
6601.351
3191.632
11876.47
5/14/2025
499 112.3405973 632.2906787 1409.180202 6722.216283 3239.787649
12115.82
498
109.6506
620.6156
1391.173
6662.237
3215.961
11999.64
5/15/2025
500
115.068556 644.1228132 1424.620759 6783.789602 3263.990465
12231.59
499
112.3406
632.2907
1409.18
6722.216
3239.788
12115.82
5/16/2025
501 117.8301233 656.1138987 1440.005301 6844.930328 3071.303253
12130.18
500
115.0686
644.1228
1424.621
6783.79
3263.99
12231.59
5/17/2025
502 120.6299697 668.2658284 1455.550126 6906.334107 2376.530379
11527.31
501
117.8301
656.1139
1440.005
6844.93
3071.303
12130.18
5/18/2025
503 117.3918922 680.5805221
1471.11046 6968.611621 1856.503225
11094.2
502
120.63
668.2658
1455.55
6906.334
2376.53
11527.31
5/19/2025
504 47.84403087 691.4905742 1486.813482
7032.594 1504.774986
10763.52
503
117.3919
680.5805
1471.11
6968.612
1856.503
11094.2
5/20/2025
505 49.26499994 701.9457305 1502.664731 7104.259232 1516.167268
10874.3
504
47.84403
691.4906
1486.813
7032.594
1504.775
10763.52
5/21/2025
506 50.70714644
712.481701 1518.525643 7175.995571 1527.916104
10985.63
505
49.265
701.9457
1502.665
7104.259
1516.167
10874.3
5/22/2025
507
52.1708735
818.594456 1534.582832 6464.793928 1540.036812
10410.18
506
50.70715
712.4817
1518.526
7175.996
1527.916
10985.63
5/23/2025
508 53.65307596 832.4503686 1550.613366 4132.601507 1551.544965
8120.863
507
52.17087
818.5945
1534.583
6464.794
1540.037
10410.18
5/24/2025
509 55.15766796 846.4609957 1566.135332 4181.216125 1563.421039
8212.391
508
53.65308
832.4504
1550.613
4132.602
1551.545
8120.863
5/25/2025
510 56.68226923 860.6278036 1582.086299 4230.801254 1575.680723
8305.878
509
55.15767
846.461
1566.135
4181.216
1563.421
8212.391
5/26/2025
511 58.22942485 874.9522841 1598.317443 4280.027348 1587.304166
8398.831
510
56.68227
860.6278
1582.086
4230.801
1575.681
8305.878
5/27/2025
512 59.79460885
889.435954 1614.437496 4328.970037 3155.770192
10048.41
511
58.22942
874.9523
1598.317
4280.027
1587.304
8398.831
5/28/2025
513 61.38102933 904.0803556 1630.817797 4379.067409 2891.011481
9866.358
512
59.79461
889.436
1614.437
4328.97
3155.77
10048.41
5/29/2025
514
62.9884019 918.8870571 1157.882123 4437.352884
2913.35398
9490.464
513
61.38103
904.0804
1630.818
4379.067
2891.011
9866.358
5/30/2025
515 64.61857192 635.8178604
670.025315 4496.862665 2936.375478
8803.7
514
62.9884
918.8871
1157.882
4437.353
2913.354
9490.464
5/31/2025
516 66.26470705 418.6806281 678.2242762 4556.639318 2960.105386
8679.914
515
64.61857
635.8179
670.0253
4496.863
2936.375
8803.7
6/1/2025
517 67.93346737 427.1378447 686.4855324 4617.501555 2982.681668
8781.74
516
66.26471
418.6806
678.2243
4556.639
2960.105
8679.914
6/2/2025
518 69.62320193
435.715161 696.9011651 5108.769489 3006.222806
9317.232
517
67.93347
427.1378
686.4855
4617.502
2982.682
8781.74
6/3/2025
519 71.33416325 444.4140899 1213.777555 6074.881866 3029.702768
10834.11
518
69.6232
435.7152
696.9012
5108.769
3006.223
9317.232
6/4/2025
520 73.06195641 453.2361679 1231.102535 6140.669987 3052.775723
10950.85
519
71.33416
444.4141
1213.778
6074.882
3029.703
10834.11
6/5/2025
521 74.81267637 462.1829558 1248.409545 6198.737855 3076.582073
11060.73
520
73.06196
453.2362
1231.103
6140.67
3052.776
10950.85
6/6/2025
522 76.58226036
471.256038 1266.057691 6257.701309 3100.319662
11171.92
521
74.81268
462.183
1248.41
6198.738
3076.582
11060.73
6/7/2025
523
78.3734344 480.4570236 1283.746623 6316.713613 3123.634316
11282.93
522
76.58226
471.256
1266.058
6257.701
3100.32
11171.92
6/8/2025
524 80.18566878
489.787546 1300.277085 6375.787655 3147.705528
11393.74
523
78.37343
480.457
1283.747
6316.714
3123.634
11282.93
6/9/2025
525 82.01396332
499.249263 1316.630606 6435.305593 3171.700166
11504.9
524
80.18567
489.7875
1300.277
6375.788
3147.706
11393.74
6/10/2025
526 83.86551663 508.8438571 1333.297144 6494.839473 3195.255617
11616.1
525
82.01396
499.2493
1316.631
6435.306
3171.7
11504.9
6/11/2025
527 85.73536881
518.573036 1350.703289 6555.507398 3219.591344
11730.11
526
83.86552
508.8439
1333.297
6494.839
3195.256
11616.1
6/12/2025
528 93.31464825 528.4385319 1368.712098 6615.340324 3243.842455
11849.65
527
85.73537
518.573
1350.703
6555.507
3219.591
11730.11
6/13/2025
529 95.52024289 538.4421025 1386.677954 6675.957426 3267.637796
11964.24
528
93.31465
528.4385
1368.712
6615.34
3243.842
11849.65
6/14/2025
530 97.75414638 548.5855306 1404.923008 6736.824083 3292.237695
12080.32
529
95.52024
538.4421
1386.678
6675.957
3267.638
11964.24
6/15/2025
531 100.0158096 558.8706245 1423.235048 6797.695667 3316.744702
12196.56
530
97.75415
548.5855
1404.923
6736.824
3292.238
12080.32
6/16/2025
532 102.3090089 569.2992181 1441.285395 6859.613376 3340.779024
12313.29
531
100.0158
558.8706
1423.235
6797.696
3316.745
12196.56
6/17/2025
533 98.55741858 579.8731708 1456.690105 6921.122459 2729.857891
11786.1
532
102.309
569.2992
1441.285
6859.613
3340.779
12313.29
6/18/2025
534 28.48932736 590.5943681 1472.319117 6991.104242 1515.927373
10598.43
533
98.55742
579.8732
1456.69
6921.122
2729.858
11786.1
6/19/2025
535 29.38459367 601.4647214 1487.921449 7062.712749 1527.675317
10709.16
534
28.48933
590.5944
1472.319
6991.104
1515.927
10598.43
6/20/2025
536 30.29180369 612.8767913 1503.752057 7134.424923 1539.795055
10821.14
535
29.38459
601.4647
1487.921
7062.713
1527.675
10709.16
6/21/2025
537 31.21377255 718.0426215 1519.503043 7207.194743 1551.302395
11027.26
536
30.2918
612.8768
1503.752
7134.425
1539.795
10821.14
6/22/2025
538 32.15154232 730.0409656 1536.446275 7279.792747 1563.177579
11141.61
537
31.21377
718.0426
1519.503
7207.195
1551.302
11027.26
6/23/2025
539 33.10092287 742.1661833 1553.614181 6601.775587 1575.436293
10506.09
538
32.15154
730.041
1536.446
7279.793
1563.178
11141.61
6/24/2025
540 34.06501146 754.4192964
1571.13267
4239.24981 1587.058926
8185.926
539
33.10092
742.1662
1553.614
6601.776
1575.436
10506.09
6/25/2025
541 35.04504604 766.8013448 1588.540716 4287.652054 1599.061045
8277.1
540
34.06501
754.4193
1571.133
4239.25
1587.059
8185.926
6/26/2025
542 36.03634161 779.3133857
1604.89169 4336.926251 1611.458709
8368.626
541
35.04505
766.8013
1588.541
4287.652
1599.061
8277.1
6/27/2025
543 37.04229112 791.9564947 1621.120505 4392.833888 1623.196051
8466.149
542
36.03634
779.3134
1604.892
4336.926
1611.459
8368.626
6/28/2025
544 38.06435232
804.731765 1637.676682 4452.026753 3191.639902
10124.14
543
37.04229
791.9565
1621.121
4392.834
1623.196
8466.149
6/29/2025
545 39.09730741 817.6403081 1654.105362 4511.427778 2927.056518
9949.327
544
38.06435
804.7318
1637.677
4452.027
3191.64
10124.14
6/30/2025
546 40.14677297 830.6832538 1648.470729
4571.78671 2949.511912
10040.6
545
39.09731
817.6403
1654.105
4511.428
2927.057
9949.327
7/1/2025
547 41.20679427 843.8617502 1000.307618 4630.938769 2972.658397
9488.973
546
40.14677
830.6833
1648.471
4571.787
2949.512
10040.6
7/2/2025
548 42.28306777
559.137172 715.9038359 4682.288518 2996.525761
8996.138
547
41.20679
843.8618
1000.308
4630.939
2972.658
9488.973
7/3/2025
549 43.37408056
340.316947
727.013264 4734.943105 3019.214351
8864.862
548
42.28307
559.1372
715.9038
4682.289
2996.526
8996.138
7/4/2025
550 44.47524289 347.0631175 738.4174589 4778.505087 3042.880139
8951.341
549
43.37408
340.3169
727.0133
4734.943
3019.214
8864.862
7/5/2025
551
45.5928702 353.9008847 749.8311868 5260.531811 3066.497609
9476.354
550
44.47524
347.0631
738.4175
4778.505
3042.88
8951.341
7/6/2025
552 46.72518418 360.8313042 1268.796525 6226.968631
3089.68225
10993
551
45.59287
353.9009
749.8312
5260.532
3066.498
9476.354
7/7/2025
553 47.86798301 367.8554477
1284.95395 6285.133818 3113.612946
11099.42
552
46.72518
360.8313
1268.797
6226.969
3089.682
10993
7/8/2025
554
49.0252016 374.9744033 1301.419769 6344.329768 3137.488031
11207.24
553
47.86798
367.8554
1284.954
6285.134
3113.613
11099.42
7/9/2025
555 50.19933132 382.1892754 1318.640393 6403.778123 3160.913778
11315.72
554
49.0252
374.9744
1301.42
6344.33
3137.488
11207.24
7/10/2025
556 51.38285282
389.501185 1336.488364 6462.982633 3185.109032
11425.46
555
50.19933
382.1893
1318.64
6403.778
3160.914
11315.72
7/11/2025
557 52.58071834 396.9112695 1354.480042 6523.632264 3209.241159
11536.85
556
51.38285
389.5012
1336.488
6462.983
3185.109
11425.46
7/12/2025
558 53.79576951 404.4206831 1372.671289 6583.108187 3232.907107
11646.9
557
52.58072
396.9113
1354.48
6523.632
3209.241
11536.85
7/13/2025
559 55.01975814 412.0305968 1391.045223 6643.667223 3257.366572
11759.13
558
53.79577
404.4207
1372.671
6583.108
3232.907
11646.9
7/14/2025
560 73.20169995 419.7421983 1409.051937
6704.62471 3281.755167
11888.38
559
55.01976
412.0306
1391.045
6643.667
3257.367
11759.13
7/15/2025
561 75.34187792 427.5566925 1424.491886 6765.051491 3305.660405
11998.1
560
73.2017
419.7422
1409.052
6704.625
3281.755
11888.38
7/16/2025
562 74.44566279 435.4753012 1439.875822
6826.85996 2732.565624
11509.22
561
75.34188
427.5567
1424.492
6765.051
3305.66
11998.1
7/17/2025
563 40.02917693 443.4992633 1455.420042 6888.052426 1480.816174
10307.82
562
74.44566
435.4753
1439.876
6826.86
2732.566
11509.22
7/18/2025
564 41.52579337 451.6298352
1470.97977 6949.528697 1492.436125
10406.1
563
40.02918
443.4993
1455.42
6888.052
1480.816
10307.82
7/19/2025
565 43.05238398 459.8682905 1486.682189 7011.997056 1504.416375
10506.02
564
41.52579
451.6298
1470.98
6949.529
1492.436
10406.1
7/20/2025
566 44.60511883 515.5675679 1502.532834 7080.883733 1515.807433
10659.4
565
43.05238
459.8683
1486.682
7011.997
1504.416
10506.02
7/21/2025
567 46.18766711 524.3246558 1518.393144 7152.744715
1527.55493
10769.21
566
44.60512
515.5676
1502.533
7080.884
1515.807
10659.4
7/22/2025
568 47.80018049 533.1803703 1534.449732 7224.820377 1539.674184
10879.92
567
46.18767
524.3247
1518.393
7152.745
1527.555
10769.21
7/23/2025
569 49.43836096 542.1356845 1550.479667 7297.305918 1551.181117
10990.54
568
47.80018
533.1804
1534.45
7224.82
1539.674
10879.92
7/24/2025
570 51.10634173 551.1915881 1565.925247 4924.036083 1563.055856
8655.315
569
49.43836
542.1357
1550.48
7297.306
1551.181
10990.54
7/25/2025
571 52.80429098 560.3490879 1581.873273 4243.278561 1575.314085
8013.619
570
51.10634
551.1916
1565.925
4924.036
1563.056
8655.315
7/26/2025
572 54.52740542 569.6092072 1598.101436 4292.959513 1586.936313
8102.134
571
52.80429
560.3491
1581.873
4243.279
1575.314
8013.619
7/27/2025
573 56.28031934 578.9729866 1614.218472 4342.026688 1598.937988
8190.436
572
54.52741
569.6092
1598.101
4292.96
1586.936
8102.134
7/28/2025
574 58.06321803 588.4414836 1630.595715 4391.181349 3160.707235
9828.989
573
56.28032
578.973
1614.218
4342.027
1598.938
8190.436
7/29/2025
575 59.87075434
598.015773 1160.528015 4446.199242 2897.076815
9161.691
574
58.06322
588.4415
1630.596
4391.181
3160.707
9828.989
7/30/2025
576 61.71001648
607.696947 669.8210139 4505.156442 2919.789338
8764.174
575
59.87075
598.0158
1160.528
4446.199
2897.077
9161.691
7/31/2025
577 63.57354981 419.7444239 678.0168887 4565.033789 2943.195656
8669.564
576
61.71002
607.6969
669.821
4505.156
2919.789
8764.174
8/1/2025
578 65.46690983 275.5353606 686.2750184 4625.505044 2966.215842
8618.998
577
63.57355
419.7444
678.0169
4565.034
2943.196
8669.564
8/2/2025
579 67.39031176 281.0017378 696.6874839
5121.54934 2989.174433
9155.803
578
65.46691
275.5354
686.275
4625.505
2966.216
8618.998
8/3/2025
580 69.33741241 286.5472109 707.5715733 6087.291498 3013.111402
10163.86
579
67.39031
281.0017
696.6875
5121.549
2989.174
9155.803
8/4/2025
581 71.31437399 292.1728371 1054.416223 6155.093083 3035.859483
10608.86
580
69.33741
286.5472
707.5716
6087.291
3013.111
10163.86
8/5/2025
582 73.32143055 297.8796893 1069.652849
6216.4776 3059.325706
10716.66
581
71.31437
292.1728
1054.416
6155.093
3035.859
10608.86
8/6/2025
583 75.35158515 303.6688569
1085.22314 6275.049766 3083.540759
10822.83
582
73.32143
297.8797
1069.653
6216.478
3059.326
10716.66
8/7/2025
584 77.41164896 309.5414454 1100.806118 6334.241861 3106.520587
10928.52
583
75.35159
303.6689
1085.223
6275.05
3083.541
10822.83
8/8/2025
585 79.50187545 315.4985767 1115.381448 6393.458226 3130.241328
11034.08
584
77.41165
309.5414
1100.806
6334.242
3106.521
10928.52
8/9/2025
586 81.61457015 321.5413893 1129.612441 6453.204367 3154.734408
11140.71
585
79.50188
315.4986
1115.381
6393.458
3130.241
11034.08
8/10/2025
587 83.75723683 327.6710382 1144.157013 6512.779784 3177.944821
11246.31
586
81.61457
321.5414
1129.612
6453.204
3154.734
11140.71
8/11/2025
588 85.93014903 333.8886951 1159.411696
6572.97472
3201.91947
11354.12
587
83.75724
327.671
1144.157
6512.78
3177.945
11246.31
8/12/2025
589 88.12486952 340.1955485 1175.363669 6633.299324 3226.690526
11463.67
588
85.93015
333.8887
1159.412
6572.975
3201.919
11354.12
8/13/2025
590 107.2933306 346.5928036 1191.327952 6693.821848 3250.130355
11589.17
589
88.12487
340.1955
1175.364
6633.299
3226.691
11463.67
8/14/2025
591 110.4328856 353.0816828 1207.355281 6754.852417 3274.358301
11700.08
590
107.2933
346.5928
1191.328
6693.822
3250.13
11589.17
8/15/2025
592 110.5487017 359.6634255 1223.511651 6816.177508 3299.407289
11809.31
591
110.4329
353.0817
1207.355
6754.852
3274.358
11700.08
8/16/2025
593 77.16021574 366.3392881
1239.3699 6877.211183
3323.07536
11883.16
592
110.5487
359.6634
1223.512
6816.178
3299.407
11809.31
8/17/2025
594 79.69747699 373.1105444 1252.601183 6939.303689 2768.719215
11413.43
593
77.16022
366.3393
1239.37
6877.211
3323.075
11883.16
8/18/2025
595 82.27713843 380.1760553 1265.961079 7009.613995 1498.803639
10236.83
594
79.69748
373.1105
1252.601
6939.304
2768.719
11413.43
8/19/2025
596 84.89911699 434.4335734
1279.36182 7080.962921 1510.175496
10389.83
595
82.27714
380.1761
1265.961
7009.614
1498.804
10236.83
8/20/2025
597
87.5633296 441.4915962 1292.926691 7152.943469 1521.902034
10496.83
596
84.89912
434.4336
1279.362
7080.963
1510.175
10389.83
8/21/2025
598 90.26969319 448.6211562 1306.515671 7224.951476 1533.998511
10604.36
597
87.56333
441.4916
1292.927
7152.943
1521.902
10496.83
8/22/2025
599
93.0181247 455.8227943
1320.40742
5881.20216 1545.486323
9295.937
598
90.26969
448.6212
1306.516
7224.951
1533.999
10604.36
8/23/2025
600 95.80854107
463.097061 1334.383404 4178.573377 1557.340137
7629.203
599
93.01812
455.8228
1320.407
5881.202
1545.486
9295.937
8/24/2025
601 98.64085921 470.4445161 1348.725201 4228.093923 1569.575582
7715.48
600
95.80854
463.0971
1334.383
4178.573
1557.34
7629.203
8/25/2025
602 101.5149961 477.8657289 1362.923615 4276.711701 1581.178768
7800.195
601
98.64086
470.4445
1348.725
4228.094
1569.576
7715.48
8/26/2025
603 104.4308686 485.3612781 1375.960202 4325.649974 3137.814588
9429.217
602
101.515
477.8657
1362.924
4276.712
1581.179
7800.195
8/27/2025
604 107.3883937 492.9317523 1388.837866 4381.746489 2876.010705
9246.915
603
104.4309
485.3613
1375.96
4325.65
3137.815
9429.217
8/28/2025
605 110.3874883 500.5777494 1402.060139 4440.703527 2898.299473
9352.028
604
107.3884
492.9318
1388.838
4381.746
2876.011
9246.915
8/29/2025
606 113.4280694 508.2998774 1415.120428
4500.08322 2921.262702
9458.194
605
110.3875
500.5777
1402.06
4440.704
2898.299
9352.028
8/30/2025
607 116.5100538 318.3570625 1421.101702 4560.360529 2944.929651
9361.259
606
113.4281
508.2999
1415.12
4500.083
2921.263
9458.194
8/31/2025
608 119.6333586 172.1259621 752.1224046 4619.409374 2967.452415
8630.744
607
116.5101
318.3571
1421.102
4560.361
2944.93
9361.259
9/1/2025
609 122.7979006 175.5380493 464.1641203 4671.058077 2990.932701
8424.491
608
119.6334
172.126
752.1224
4619.409
2967.452
8630.744
9/2/2025
610 126.0035968 178.9964643
471.850147
4723.30186 3014.355052
8514.507
609
122.7979
175.538
464.1641
4671.058
2990.933
8424.491
9/3/2025
611 129.2524839 182.5017412 815.2596434 4767.089727 3037.372022
8931.476
610
126.0036
178.9965
471.8501
4723.302
3014.355
8514.507
9/4/2025
612 132.5381911
186.054422 827.2613668 5249.135139
3061.11755
9456.107
611
129.2525
182.5017
815.2596
4767.09
3037.372
8931.476
9/5/2025
613
135.866853 189.6550569 839.3782614 6214.164233 3084.797646
10463.86
612
132.5382
186.0544
827.2614
5249.135
3061.118
9456.107
9/6/2025
614 139.2363369 193.3042046 851.3150406 6272.839431 3108.056464
10564.75
613
135.8669
189.6551
839.3783
6214.164
3084.798
10463.86
9/7/2025
615 142.6465596
197.002432 863.3046382 6331.775677 3132.066883
10666.8
614
139.2363
193.3042
851.315
6272.839
3108.056
10564.75
9/8/2025
616 146.0974381 200.7503145 875.3782582 6391.004992 3156.004149
10769.24
615
142.6466
197.0024
863.3046
6331.776
3132.067
10666.8
9/9/2025
617 149.5888894 204.5484358 887.7972665 6450.730395 3179.503911
10872.17
616
146.0974
200.7503
875.3783
6391.005
3156.004
10769.24
9/10/2025
618 153.1208304 208.3973881 900.4208377 6510.366961 3203.778874
10976.08
617
149.5889
204.5484
887.7973
6450.73
3179.504
10872.17
9/11/2025
619 156.6931779 212.2977723 913.2556523 6570.755548 3227.972733
11080.97
618
153.1208
208.3974
900.4208
6510.367
3203.779
10976.08
9/12/2025
620
160.305849 216.2501977 926.1431142 6630.859412 3251.712534
11185.27
619
156.6932
212.2978
913.2557
6570.756
3227.973
11080.97
9/13/2025
621 163.9587605 220.2552822 939.0384191 6691.586627 3276.251697
11291.09
620
160.3058
216.2502
926.1431
6630.859
3251.713
11185.27
9/14/2025
622 184.5955203 224.3136525 951.4523413 6752.571222 3300.701572
11413.63
621
163.9588
220.2553
939.0384
6691.587
3276.252
11291.09
9/15/2025
623 189.2131044 228.4259441 961.2421081 6813.501125 3324.680503
11517.06
622
184.5955
224.3137
951.4523
6752.571
3300.702
11413.63
9/16/2025
624 184.7532958
232.592801 971.0254388 6875.056034 3349.483525
11612.91
623
189.2131
228.4259
961.2421
6813.501
3324.681
11517.06
9/17/2025
625 80.35467986 236.4858145 980.8742991 6936.912322 1787.741176
10022.37
624
184.7533
232.5928
971.0254
6875.056
3349.484
11612.91
9/18/2025
626 82.93305377 240.3591124 990.7442774 6998.471728 1518.059159
9830.567
625
80.35468
236.4858
980.8743
6936.912
1787.741
10022.37
9/19/2025
627 85.55374479 244.2762708
1000.67077 7067.437426
1530.14013
9928.078
626
82.93305
240.3591
990.7443
6998.472
1518.059
9830.567
9/20/2025
628 88.21666986 391.2834843 1010.797599 7138.761878 1541.614917
10170.67
627
85.55374
244.2763
1000.671
7067.437
1530.14
9928.078
9/21/2025
629 90.92174592 398.5649912 1020.898705 7211.004655 1553.454484
10274.84
628
88.21667
391.2835
1010.798
7138.762
1541.615
10170.67
9/22/2025
630 93.66888989 405.9273741 1031.228516
7283.87964 1565.674417
10380.38
629
90.92175
398.565
1020.899
7211.005
1553.454
10274.84
9/23/2025
631 96.45801872 413.3711062 1041.783621 6508.948114 1577.264632
9637.825
630
93.66889
405.9274
1031.229
7283.88
1565.674
10380.38
9/24/2025
632 99.28904933 420.8966694 1052.018562 4241.398293 1589.231195
7402.834
631
96.45802
413.3711
1041.784
6508.948
1577.265
9637.825
9/25/2025
633 102.1618987 428.5045543 1062.148228 4291.054863 1601.590064
7485.46
632
99.28905
420.8967
1052.019
4241.398
1589.231
7402.834
9/26/2025
634 105.0764836 436.1952601 1072.312781 4340.182318 1613.295124
7567.062
633
102.1619
428.5046
1062.148
4291.055
1601.59
7485.46
9/27/2025
635 108.0327212 443.9692949 1082.712014 4389.314141 1625.388378
7649.417
634
105.0765
436.1953
1072.313
4340.182
1613.295
7567.062
9/28/2025
636 111.0305283 351.8131176
1093.15381 4443.783374 3194.645036
9194.426
635
108.0327
443.9693
1082.712
4389.314
1625.388
7649.417
9/29/2025
637 114.0698218 281.8107461 702.8303587 4502.701203 2929.232262
8530.644
636
111.0305
351.8131
1093.154
4443.783
3194.645
9194.426
9/30/2025
638 117.1505187 287.5405555
456.639273 4562.537912 2952.057089
8375.925
637
114.0698
281.8107
702.8304
4502.701
2929.232
8530.644
10/1/2025
639
120.272536 293.3394615 464.1830806
4622.96875
2975.58653
8476.35
638
117.1505
287.5406
456.6393
4562.538
2952.057
8375.925
10/2/2025
640 123.4357904 299.2079543 645.7687068 4684.169135
2998.71283
8751.294
639
120.2725
293.3395
464.1831
4622.969
2975.587
8476.35
10/3/2025
641 126.6423189 305.1465325 655.5683075 5174.286383
3021.7834
9283.427
640
123.4358
299.208
645.7687
4684.169
2998.713
8751.294
10/4/2025
642 129.8857505 311.1557025 665.5076985 5681.082857 3045.845101
9833.477
641
126.6423
305.1465
655.5683
5174.286
3021.783
9283.427
10/5/2025
643 133.1722199 317.2359792 675.6213946 5737.577394 3068.695485
9932.302
642
129.8858
311.1557
665.5077
5681.083
3045.845
9833.477
10/6/2025
644 136.4995943 323.3878856 685.4677632
5790.8915
3092.27504
10028.52
643
133.1722
317.236
675.6214
5737.577
3068.695
9932.302
10/7/2025
645 139.8677907 329.6119533 695.3819623 5844.801264 3116.614801
10126.28
644
136.4996
323.3879
685.4678
5790.892
3092.275
10028.52
10/8/2025
646 143.2767259 335.9087221 705.3387072 5898.426691
3139.69639
10222.65
645
139.8678
329.612
695.382
5844.801
3116.615
10126.28
10/9/2025
647 146.7263169 342.2787402 715.6985547 5953.057479 3163.530182
10321.29
646
143.2767
335.9087
705.3387
5898.427
3139.696
10222.65
10/10/2025
648 150.2164807 348.7225644 726.1793337
6006.90098 3188.147947
10420.17
647
146.7263
342.2787
715.6986
5953.057
3163.53
10321.29
10/11/2025
649 153.7471341 355.2407599 736.8716308 6061.710499 3211.459578
10519.03
648
150.2165
348.7226
726.1793
6006.901
3188.148
10420.17
10/12/2025
650 157.3181941 361.8339007 747.5886821 6116.684487 3235.546994
10618.97
649
153.7471
355.2408
736.8716
6061.71
3211.46
10519.03
10/13/2025
651 160.9295776 368.5025692 758.5302948 6171.539819 3260.442717
10719.94
650
157.3182
361.8339
747.5887
6116.684
3235.547
10618.97
10/14/2025
652 181.5248925 375.2473566 768.9590276 6227.170232 3283.983217
10836.88
651
160.9296
368.5026
758.5303
6171.54
3260.443
10719.94
10/15/2025
653 186.1011148 382.0688628 776.6216538 6282.766562 3308.323647
10935.88
652
181.5249
375.2474
768.959
6227.17
3283.983
10836.88
10/16/2025
654 181.6000274 388.9676964
784.448366 6338.182144 2355.935521
10049.13
653
186.1011
382.0689
776.6217
6282.767
3308.324
10935.88
10/17/2025
655 77.16021574 395.4178432 792.2000573 6395.480444 1481.171991
9141.431
654
181.6
388.9677
784.4484
6338.182
2355.936
10049.13
10/18/2025
656 79.69747699 401.7379768 800.1021208 6455.815728 1492.793282
9230.147
655
77.16022
395.4178
792.2001
6395.48
1481.172
9141.431
10/19/2025
657 82.27713843 408.6965851 807.8809715 6517.178674 1504.774986
9320.808
656
79.69748
401.738
800.1021
6455.816
1492.793
9230.147
10/20/2025
658 84.89911699 559.1469097 815.9646853 6578.536133 1516.167268
9554.714
657
82.27714
408.6966
807.881
6517.179
1504.775
9320.808
10/21/2025
659
87.5633296 569.9264233 824.4163743 6640.055628 1527.916104
9649.878
658
84.89912
559.1469
815.9647
6578.536
1516.167
9554.714
10/22/2025
660 90.26969319 580.8425841 833.2205991 5317.763488 1540.036812
8362.133
659
87.56333
569.9264
824.4164
6640.056
1527.916
9649.878
10/23/2025
661
93.0181247 591.8967561 842.0728363 3572.137643 1551.544965
6650.67
660
90.26969
580.8426
833.2206
5317.763
1540.037
8362.133
10/24/2025
662 95.80854107 603.0903265 850.7339444
3609.17286 1563.421039
6722.227
661
93.01812
591.8968
842.0728
3572.138
1551.545
6650.67
10/25/2025
663 98.64085921 614.4247065 859.2570157 3648.892636 1575.680723
6796.896
662
95.80854
603.0903
850.7339
3609.173
1563.421
6722.227
10/26/2025
664 101.5149961 625.9013308 867.8642722 3691.365905 3131.811924
8418.458
663
98.64086
614.4247
859.257
3648.893
1575.681
6796.896
10/27/2025
665 104.4308686 637.5216584 876.6701824 3734.688102 2869.673768
8222.985
664
101.515
625.9013
867.8643
3691.366
3131.812
8418.458
10/28/2025
666 107.3883937 549.2731142 885.4325343 3777.783901 2892.642773
8212.521
665
104.4309
637.5217
876.6702
3734.688
2869.674
8222.985
10/29/2025
667 110.3874883 483.2406978 492.5233623 3821.928602 2915.236247
7823.316
666
107.3884
549.2731
885.4325
3777.784
2892.643
8212.521
10/30/2025
668 113.4280694 493.0037812 244.4535129 3867.425928 2938.519043
7656.83
667
110.3875
483.2407
492.5234
3821.929
2915.236
7823.316
10/31/2025
669 116.5100538 502.9002929 248.3439066
3916.87228 2961.746771
7746.373
668
113.4281
493.0038
244.4535
3867.426
2938.519
7656.83
11/1/2025
670 119.6333586 512.9317514 425.9789119 3958.572729 2984.845025
8001.962
669
116.5101
502.9003
248.3439
3916.872
2961.747
7746.373
11/2/2025
671 122.7979006 523.0996994 432.0845713 4436.891953 3007.870713
8522.745
670
119.6334
512.9318
425.9789
3958.573
2984.845
8001.962
11/3/2025
672 126.0035968 533.4057037 438.0129798 4931.941482 3031.617913
9060.982
671
122.7979
523.0997
432.0846
4436.892
3007.871
8522.745
11/4/2025
673 129.2524839 543.8513551
444.137829 4982.578853
3054.96888
9154.789
672
126.0036
533.4057
438.013
4931.941
3031.618
9060.982
11/5/2025
674 132.5381911 554.4382691 449.1613072 5033.725584 3078.239449
9248.103
673
129.2525
543.8514
444.1378
4982.579
3054.969
9154.789
11/6/2025
675
135.866853 565.1680855 454.3604763 5083.593627 3102.254372
9341.243
674
132.5382
554.4383
449.1613
5033.726
3078.239
9248.103
11/7/2025
676 139.2363369 576.0424691 459.7425067 5130.068199 3125.857413
9430.947
675
135.8669
565.1681
454.3605
5083.594
3102.254
9341.243
11/8/2025
677 142.6465596 587.0631091 465.3917705 5177.333327 3149.371992
9521.807
676
139.2363
576.0425
459.7425
5130.068
3125.857
9430.947
11/9/2025
678 146.0974381 598.2317202 471.0254334 5224.712238 3173.654322
9613.721
677
142.6466
587.0631
465.3918
5177.333
3149.372
9521.807
11/10/2025
679 149.5888894 609.5500419 476.6748785 5271.999365 3197.508796
9705.322
678
146.0974
598.2317
471.0254
5224.712
3173.654
9613.721
11/11/2025
680 153.1208304
621.019839 482.4205702 5320.388461 3221.266514
9798.216
679
149.5889
609.55
476.6749
5271.999
3197.509
9705.322
11/12/2025
681 173.6368687 632.6429019 488.0359335 5367.697814 3245.815937
9907.829
680
153.1208
621.0198
482.4206
5320.388
3221.267
9798.216
11/13/2025
682 178.1339807 644.4210464
493.334506 5416.150501 3269.921204
10001.96
681
173.6369
632.6429
488.0359
5367.698
3245.816
9907.829
11/14/2025
683 182.6934391 656.3561142 498.4309022 5464.457917 3293.921185
10095.86
682
178.134
644.421
493.3345
5416.151
3269.921
10001.96
11/15/2025
684 187.3149612 668.4499726 503.8517954 5512.909094
3318.73739
10191.26
683
182.6934
656.3561
498.4309
5464.458
3293.921
10095.86
11/16/2025
685 191.9984222 680.7045151 509.0543039 5562.737611
3343.09281
10287.59
684
187.315
668.45
503.8518
5512.909
3318.737
10191.26
11/17/2025
686 187.6042074 693.1216612 514.4589031 5615.995287 2731.549311
9742.729
685
191.9984
680.7045
509.0543
5562.738
3343.093
10287.59
11/18/2025
687 83.27106083 704.7227594 519.7703668 5669.479281 1517.939146
8495.183
686
187.6042
693.1217
514.4589
5615.995
2731.549
9742.729
11/19/2025
688 85.91477941 716.2651058 525.2425784 5723.926443 1530.019633
8581.369
687
83.27106
704.7228
519.7704
5669.479
1517.939
8495.183
11/20/2025
689 88.60069051 727.9381556
531.156977 5778.237808 1541.494013
8667.428
688
85.91478
716.2651
525.2426
5723.926
1530.02
8581.369
11/21/2025
690 91.32871107 882.7890958 537.4765679 5833.342947 1553.333134
8898.27
689
88.60069
727.9382
531.157
5778.238
1541.494
8667.428
11/22/2025
691
94.098758
898.003174 543.3031576 5888.213378 1565.552582
8989.171
690
91.32871
882.7891
537.4766
5833.343
1553.333
8898.27
11/23/2025
692 96.91074826 913.3879987 549.1380513 5287.331165 1577.142393
8423.91
691
94.09876
898.0032
543.3032
5888.213
1565.553
8989.171
11/24/2025
693 99.76459876 928.9450861 555.1411123 2811.606533 1589.108511
5984.566
692
96.91075
913.388
549.1381
5287.331
1577.142
8423.91
11/25/2025
694 102.6602265 944.6759779 561.0079812 2847.187435 1601.466895
6056.999
693
99.7646
928.9451
555.1411
2811.607
1589.109
5984.566
11/26/2025
695 105.5975483 960.5822419
567.169292 2882.803349 1613.171552
6129.324
694
102.6602
944.676
561.008
2847.187
1601.467
6056.999
11/27/2025
696 108.5764811 976.6654715 426.7143948 2918.674983 1625.264362
6055.896
695
105.5975
960.5822
567.1693
2882.803
1613.172
6129.324
11/28/2025
697
111.596942 992.9272865
240.617616 2955.347967 3193.633059
7494.123
696
108.5765
976.6655
426.7144
2918.675
1625.264
6055.896
11/29/2025
698 114.6588477
711.329541
244.317842 2993.492483 2928.444087
6992.243
697
111.5969
992.9273
240.6176
2955.348
3193.633
7494.123
11/30/2025
699 117.7621153 495.6801499 248.2061996 3035.407901 2951.265956
6848.322
698
114.6588
711.3295
244.3178
2993.492
2928.444
6992.243
12/1/2025
700 120.9066617 505.6416509 252.0073337 3164.544952 2974.792205
7017.893
699
117.7621
495.6801
248.2062
3035.408
2951.266
6848.322
12/2/2025
701 124.0924038 515.7397482 256.0033887 3561.591966 2997.915202
7455.343
700
120.9067
505.6417
252.0073
3164.545
2974.792
7017.893
12/3/2025
702 127.3192586 525.9760085 765.6483743 3600.129617 3020.982823
8040.056
701
124.0924
515.7397
256.0034
3561.592
2997.915
7455.343
12/4/2025
703 130.5892627 536.3520228 775.9057309 3637.677949 3045.041135
8125.566
702
127.3193
525.976
765.6484
3600.13
3020.983
8040.056
12/5/2025
704 133.8960454 546.8694065 785.0384387 3677.019683 3067.888621
8210.712
703
130.5893
536.352
775.9057
3637.678
3045.041
8125.566
12/6/2025
705 137.2457413 557.5297996 794.2886912 3713.339148 3091.465037
8293.868
704
133.896
546.8694
785.0384
3677.02
3067.889
8210.712
12/7/2025
706 140.6362176 568.3348665 803.8315498 3747.429542 3115.801408
8376.034
705
137.2457
557.5298
794.2887
3713.339
3091.465
8293.868
12/8/2025
707 144.0673912 579.2862968 813.5829864 3781.581676 3138.880111
8457.398
706
140.6362
568.3349
803.8315
3747.43
3115.801
8376.034
12/9/2025
708 147.5391791
590.385805 823.4319873 3816.008606 3162.710767
8540.076
707
144.0674
579.2863
813.583
3781.582
3138.88
8457.398
12/10/2025
709 151.0514982 601.6351305 833.2424295 3850.716866 3187.325142
8623.971
708
147.5392
590.3858
823.432
3816.009
3162.711
8540.076
12/11/2025
710 154.6042654 613.0360384 843.2928414 3885.675615 3210.633898
8707.243
709
151.0515
601.6351
833.2424
3850.717
3187.325
8623.971
12/12/2025
711 158.1973977 624.5903189 853.1080883 3919.786364 3234.718184
8790.4
710
154.6043
613.036
843.2928
3885.676
3210.634
8707.243
12/13/2025
712
161.830812 636.2997879 862.5046469 3955.556256 3259.610516
8875.802
711
158.1974
624.5903
853.1081
3919.786
3234.718
8790.4
12/14/2025
713 165.5044252 648.1662869 871.8515493 3989.949873 3283.148153
8958.62
712
161.8308
636.2998
862.5046
3955.556
3259.611
8875.802
12/15/2025
714 186.1618452 660.1916835 881.3374874 4025.955745 3307.485459
9061.132
713
165.5044
648.1663
871.8515
3989.95
3283.148
8958.62
12/16/2025
715 190.8000479 672.3778709 890.8375844 4061.060333 2374.099185
8189.175
714
186.1618
660.1917
881.3375
4025.956
3307.485
9061.132
12/17/2025
716 186.3608164 684.7267688 900.3468128 4099.637821 1480.460399
7351.533
715
190.8
672.3779
890.8376
4061.06
2374.099
8189.175
12/18/2025
717 81.98273603 695.6709717 910.0029878 4139.795805
1492.07901
7319.532
716
186.3608
684.7268
900.3468
4099.638
1480.46
7351.533
12/19/2025
718 84.58160396 706.1602254 919.6211443 4180.475861 1504.057807
7394.897
717
81.98274
695.671
910.003
4139.796
1492.079
7319.532
12/20/2025
719 87.22274747 717.3189939 929.3914083 4221.111708 1515.447639
7470.492
718
84.5816
706.1602
919.6211
4180.476
1504.058
7394.897
12/21/2025
720
89.9060835 872.0006202 939.1020749 4262.844097 1527.193798
7691.047
719
87.22275
717.319
929.3914
4221.112
1515.448
7470.492
12/22/2025
721 92.63152898 887.0426803 949.1978753 4263.871351 1539.311599
7732.055
720
89.90608
872.0006
939.1021
4262.844
1527.194
7691.047
12/23/2025
722 95.39900085 902.2527378 959.6729104 2246.488485 1550.817312
5754.63
721
92.63153
887.0427
949.1979
4263.871
1539.312
7732.055
12/24/2025
723 98.20841603 917.6322636 970.4522141 2269.676346 1562.690715
5818.66
722
95.399
902.2527
959.6729
2246.488
1550.817
5754.63
12/25/2025
724 101.0596915 933.1827538 981.0817794 2294.916118 1574.947489
5885.188
723
98.20842
917.6323
970.4522
2269.676
1562.691
5818.66
12/26/2025
725 103.9527441 948.9057301 992.0231263 2320.212707 1586.568503
5951.663
724
101.0597
933.1828
981.0818
2294.916
1574.947
5885.188
12/27/2025
726 106.8874908 964.8027399 867.3760917 2345.913624 1598.568844
5883.549
725
103.9527
948.9057
992.0231
2320.213
1586.569
5951.663
12/28/2025
727 109.8638486 980.8753561 674.8949421 2371.807635 1610.964568
5748.406
726
106.8875
964.8027
867.3761
2345.914
1598.569
5883.549
12/29/2025
728 112.8817344 699.0853862 683.1059592
2398.08188 1622.700297
5515.855
727
109.8638
980.8754
674.8949
2371.808
1610.965
5748.406
12/30/2025
729 115.9410651 483.2406978 693.4706986 2423.604694 1634.827271
5351.084
728
112.8817
699.0854
683.106
2398.082
1622.7
5515.855
12/31/2025
730 119.0417576 493.0037812 704.3064427 2543.516859 1647.361923
5507.231
729
115.9411
483.2407
693.4707
2423.605
1634.827
5351.084
1/1/2026
731 122.1837289 502.9002929 715.3969767 2929.393987
1659.21178
5929.087
730
119.0418
493.0038
704.3064
2543.517
1647.362
5507.231
1/2/2026
732 125.3690157 512.9317514 1232.896882
2956.96304 1671.465082
6499.626
731
122.1837
502.9003
715.397
2929.394
1659.212
5929.087
1/3/2026
733 128.5912472 523.0996994 1250.456355 2983.498605 1684.138642
6569.785
732
125.369
512.9318
1232.897
2956.963
1671.465
6499.626
1/4/2026
734 131.8565581 533.4057037 1268.016579 3011.266036 1696.102036
6640.647
733
128.5912
523.0997
1250.456
2983.499
1684.139
6569.785
1/5/2026
735 135.1628155 543.8513551 1285.926736 3038.411103 1708.481361
6711.833
734
131.8566
533.4057
1268.017
3011.266
1696.102
6640.647
1/6/2026
736 138.5099363 554.4382691 1302.315143 3066.133537 1721.293815
6782.691
735
135.1628
543.8514
1285.927
3038.411
1708.481
6711.833
1/7/2026
737 141.8978376 565.1680855 1318.897584 3093.561697 1733.370151
6852.895
736
138.5099
554.4383
1302.315
3066.134
1721.294
6782.691
1/8/2026
738 145.3264362 576.0424691 1336.219677 3121.452987 1745.875193
6924.917
737
141.8978
565.1681
1318.898
3093.562
1733.37
6852.895
1/9/2026
739 148.7956491 587.0631091 1354.185003 3149.371998 1758.826529
6998.242
738
145.3264
576.0425
1336.22
3121.453
1745.875
6924.917
1/10/2026
740 152.3053931 598.2317202 1372.278476 3177.465485 1771.015211
7071.296
739
148.7956
587.0631
1354.185
3149.372
1758.827
6998.242
1/11/2026
741 155.8555853 609.5500419 1390.546886
3205.11964 1783.645664
7144.718
740
152.3054
598.2317
1372.278
3177.465
1771.015
7071.296
1/12/2026
742 176.3898334
621.019839 1408.810951 3233.975418 1796.735873
7236.932
741
155.8556
609.55
1390.547
3205.12
1783.646
7144.718
1/13/2026
743 180.9051135 632.6429019 1426.787471 3261.714454
1809.0363
7311.086
742
176.3898
621.0198
1408.811
3233.975
1796.736
7236.932
1/14/2026
744 185.4826987 644.4210464 1442.122095 3290.740523
1821.79186
7384.558
743
180.9051
632.6429
1426.787
3261.714
1809.036
7311.086
1/15/2026
745 180.9828157 656.3561142 1457.677332
3318.84231 1835.020936
7448.88
744
185.4827
644.421
1442.122
3290.741
1821.792
7384.558
1/16/2026
746 76.54420859 668.4499726 1473.209718 3350.534758 1847.432503
7416.171
745
180.9828
656.3561
1457.677
3318.842
1835.021
7448.88
1/17/2026
747 79.08267431 680.7045151 1488.966599
3383.63415 1338.411943
6970.8
746
76.54421
668.45
1473.21
3350.535
1847.433
7416.171
1/18/2026
748 81.66354022 693.1216612 1504.653356 3417.478681
0
5696.917
747
79.08267
680.7045
1488.967
3383.634
1338.412
6970.8
1/19/2026
749 84.28672325 847.7684528 1520.704845 3450.990541
0
5903.751
748
81.66354
693.1217
1504.653
3417.479
0
5696.917
1/20/2026
750 86.95214032 862.5859145 1536.539998 3485.518236
0
5971.596
749
84.28672
847.7685
1520.705
3450.991
0
5903.751
1/21/2026
751 89.65970838 877.5695658 1553.912517 3437.560567
0
5958.702
750
86.95214
862.5859
1536.54
3485.518
0
5971.596
1/22/2026
752 92.40934436 892.7208471 1571.185398 1454.440748
0
4010.756
751
89.65971
877.5696
1553.913
3437.561
0
5958.702
1/23/2026
753 95.20096519 908.0412239
1587.40002 1471.267876
0
4061.91
752
92.40934
892.7208
1571.185
1454.441
0
4010.756
1/24/2026
754 98.03448781 923.5321869 1603.491699 1489.041683
0
4114.1
753
95.20097
908.0412
1587.4
1471.268
0
4061.91
1/25/2026
755 100.9098291 939.1952523 1619.909531 1506.997602
0
4167.012
754
98.03449
923.5322
1603.492
1489.042
0
4114.1
1/26/2026
756 103.8269061
955.031962 1636.199064 1525.802137
0
4220.86
755
100.9098
939.1953
1619.91
1506.998
0
4167.012
1/27/2026
757 106.7856357 971.0438835
1652.76896 1544.309046
0
4274.908
756
103.8269
955.032
1636.199
1525.802
0
4220.86
1/28/2026
758 109.7859348 987.2326104
1223.04484 1563.457661
0
3883.521
757
106.7856
971.0439
1652.769
1544.309
0
4274.908
1/29/2026
759 112.8277203 1003.599762 694.7731939 1581.658692
0
3392.859
758
109.7859
987.2326
1223.045
1563.458
0
3883.521
1/30/2026
760 115.9109092 722.1071937 705.6285242 1598.959447
0
3142.606
759
112.8277
1003.6
694.7732
1581.659
0
3392.859
1/31/2026
761 119.0354185 506.5628192 716.7388977 1613.386111
0
2955.723
760
115.9109
722.1072
705.6285
1598.959
0
3142.606
2/1/2026
762 122.2011649 516.6291764
727.860829 2062.648165
0
3429.339
761
119.0354
506.5628
716.7389
1613.386
0
2955.723
2/2/2026
763 125.4080656 526.8319697 739.2776875 2989.416432
0
4380.934
762
122.2012
516.6292
727.8608
2062.648
0
3429.339
2/3/2026
764 128.6560374 537.1727658 1258.136629 3019.372076
0
4943.338
763
125.4081
526.832
739.2777
2989.416
0
4380.934
2/4/2026
765
131.947117 547.6531556 1275.484204 3049.471082
0
5004.556
764
128.656
537.1728
1258.137
3019.372
0
4943.338
2/5/2026
766 135.2749336 558.2747546 1291.686005 3079.597576
0
5064.833
765
131.9471
547.6532
1275.484
3049.471
0
5004.556
2/6/2026
767 138.6456219 569.0392026 1308.200066 3110.291309
0
5126.176
766
135.2749
558.2748
1291.686
3079.598
0
5064.833
2/7/2026
768 142.0570491 579.9481643 1325.453806 3140.872028
0
5188.331
767
138.6456
569.0392
1308.2
3110.291
0
5126.176
2/8/2026
769 145.5091321 591.0033291 1343.350383 3171.510357
0
5251.373
768
142.057
579.9482
1325.454
3140.872
0
5188.331
2/9/2026
770 149.0017878 602.2064115 1361.375132 3202.321334
0
5314.905
769
145.5091
591.0033
1343.35
3171.51
0
5251.373
2/10/2026
771 152.5349332 613.5591511
1379.61536 3233.400128
0
5379.11
770
149.0018
602.2064
1361.375
3202.321
0
5314.905
2/11/2026
772 156.1084852 625.0633127
1398.02232 3264.485992
0
5443.68
771
152.5349
613.5592
1379.615
3233.4
0
5379.11
2/12/2026
773 159.7223607 636.7206867 1416.037451 3296.015149
0
5508.496
772
156.1085
625.0633
1398.022
3264.486
0
5443.68
2/13/2026
774 163.3764767 648.5330889 1431.339329 3327.246989
0
5570.496
773
159.7224
636.7207
1416.037
3296.015
0
5508.496
2/14/2026
775
184.014441 660.5023609 1446.835947 3358.923684
0
5650.276
774
163.3765
648.5331
1431.339
3327.247
0
5570.496
2/15/2026
776 188.6332295 672.6303701 1462.313429 3390.532997
0
5714.11
775
184.0144
660.5024
1446.836
3358.924
0
5650.276
2/16/2026
777 193.3141155
684.91901 1478.011694 3422.344274
0
5778.589
776
188.6332
672.6304
1462.313
3390.533
0
5714.11
2/17/2026
778 188.9173256 697.9589541
1493.64364 3464.960702
0
5845.481
777
193.3141
684.919
1478.012
3422.344
0
5778.589
2/18/2026
779 84.58160396
709.990347 1509.636512 3506.254991
0
5810.463
778
188.9173
697.959
1493.644
3464.961
0
5845.481
2/19/2026
780 87.22274747
721.61668 1525.422524 3547.866676
0
5882.129
779
84.5816
709.9903
1509.637
3506.255
0
5810.463
2/20/2026
781
89.9060835 733.3750571 1541.625124 3035.929825
0
5400.836
780
87.22275
721.6167
1525.423
3547.867
0
5882.129
2/21/2026
782 92.63152898
888.312688 1558.259631 2546.496966
0
5085.701
781
89.90608
733.3751
1541.625
3035.93
0
5400.836
2/22/2026
783 95.39900085 903.6148427
1574.39454 2581.325793
0
5154.734
782
92.63153
888.3127
1558.26
2546.497
0
5085.701
2/23/2026
784 98.20841603 919.0891525 1590.379639 2616.450418
0
5224.128
783
95.399
903.6148
1574.395
2581.326
0
5154.734
2/24/2026
785 101.0596915 934.7371564 1606.689908 2650.537098 680.1048908
5973.129
784
98.20842
919.0892
1590.38
2616.45
0
5224.128
2/25/2026
786 103.9527441 950.5604194 1622.871296 2685.447423 1233.147803
6595.98
785
101.0597
934.7372
1606.69
2650.537
680.1049
5973.129
2/26/2026
787 106.8874908 966.5605322 1639.332046 2725.443095 1243.813543
6682.037
786
103.9527
950.5604
1622.871
2685.447
1233.148
6595.98
2/27/2026
788 109.8638486 982.7391117 1103.231322 2770.079931 1254.522655
6220.437
787
106.8875
966.5605
1639.332
2725.443
1243.814
6682.037
2/28/2026
789 112.8817344 999.0978012 678.1551257 2814.564474 1265.528965
5870.228
788
109.8638
982.7391
1103.231
2770.08
1254.523
6220.437
3/1/2026
790 115.9410651 717.5984784 686.4153395 2860.061644 1276.074154
5656.091
789
112.8817
999.0978
678.1551
2814.564
1265.529
5870.228
3/2/2026
791 119.0417576 502.0490822 696.8299161 2905.659366 1286.913212
5510.493
790
115.9411
717.5985
686.4153
2860.062
1276.074
5656.091
3/3/2026
792 122.1837289 512.1121739 707.7161441 3378.890604 1297.795508
6018.698
791
119.0418
502.0491
696.8299
2905.659
1286.913
5510.493
3/4/2026
793 125.3690157 522.3134822 718.8578142 4332.662807
1308.72101
7007.924
792
122.1837
512.1122
707.7161
3378.891
1297.796
6018.698
3/5/2026
794 128.5912472 532.6545978 1236.587539
4378.15296 1319.689685
7595.676
793
125.369
522.3135
718.8578
4332.663
1308.721
7007.924
3/6/2026
795 131.8565581 543.1371363 1254.191044 4421.493071 1330.975537
7681.653
794
128.5912
532.6546
1236.588
4378.153
1319.69
7595.676
3/7/2026
796 135.1628155 553.7627375 1271.805267 4465.068276 1341.759881
7767.559
795
131.8566
543.1371
1254.191
4421.493
1330.976
7681.653
3/8/2026
797 138.5099363
564.533066
1288.29466 4509.040851 1352.857902
7853.236
796
135.1628
553.7627
1271.805
4465.068
1341.76
7767.559
3/9/2026
798 141.8978376 575.4498113 1304.574072 4552.934022 1363.998961
7938.855
797
138.5099
564.5331
1288.295
4509.041
1352.858
7853.236
3/10/2026
799 145.3264362 586.5146879 1321.166114 4597.220472 1375.183026
8025.411
798
141.8978
575.4498
1304.574
4552.934
1363.999
7938.855
3/11/2026
800 148.7956491 597.7294353 1338.497795
4641.60666 1386.410064
8113.04
799
145.3264
586.5147
1321.166
4597.22
1375.183
8025.411
3/12/2026
801 152.3053931 609.0958185 1356.472693 4686.450584
1397.9753
8202.3
800
148.7956
597.7294
1338.498
4641.607
1386.41
8113.04
3/13/2026
802 155.8555853 620.6156276 1374.575724 4730.974711 1408.996562
8291.018
801
152.3054
609.0958
1356.473
4686.451
1397.975
8202.3
3/14/2026
803 159.4461426 632.2906787 1392.853676
4776.38369 1420.352347
8381.327
802
155.8556
620.6156
1374.576
4730.975
1408.997
8291.018
3/15/2026
804 174.3187055 644.1228132 1411.127268 4821.313264
1431.75097
8482.633
803
159.4461
632.2907
1392.854
4776.384
1420.352
8381.327
3/16/2026
805 178.5764884 656.1138987 1429.113301 4867.279841 1443.192399
8574.276
804
174.3187
644.1228
1411.127
4821.313
1431.751
8482.633
3/17/2026
806 173.7496167 668.2658284 1444.457421 4912.566364
1454.6766
8653.716
805
178.5765
656.1139
1429.113
4867.28
1443.192
8574.276
3/18/2026
807 68.97668983 680.5805221 1460.022141 4959.941382 1466.521089
8636.042
806
173.7496
668.2658
1444.457
4912.566
1454.677
8653.716
3/19/2026
808 71.17374875 691.4905742 1475.563995 5018.234769 1477.777006
8734.24
807
68.97669
680.5805
1460.022
4959.941
1466.521
8636.042
3/20/2026
809 73.40546162 701.9457305 1491.330328 5073.918871 1489.389355
8829.99
808
71.17375
691.4906
1475.564
5018.235
1477.777
8734.24
3/21/2026
810 75.67241671 855.5273944 1507.026522 5129.987904 1501.044342
9069.259
809
73.40546
701.9457
1491.33
5073.919
1489.389
8829.99
3/22/2026
811 77.97433079 870.0081479 1523.087434 4697.637955 1512.741935
8681.45
810
75.67242
855.5274
1507.027
5129.988
1501.044
9069.259
3/23/2026
812 80.31143517 885.0017078 1539.018399
4157.75281 1524.819059
8186.903
811
77.97433
870.0081
1523.087
4697.638
1512.742
8681.45
3/24/2026
813 82.68277913 900.1618707 1556.442053 4207.207809 1536.268779
8282.763
812
80.31144
885.0017
1539.018
4157.753
1524.819
8186.903
3/25/2026
814 85.08915637 915.4900853 1573.728247 4256.446771
1548.09402
8378.848
813
82.68278
900.1619
1556.442
4207.208
1536.269
8282.763
3/26/2026
815 87.53021619
930.987825 1589.956233 4305.261791 2239.696945
9153.433
814
85.08916
915.4901
1573.728
4256.447
1548.094
8378.848
3/27/2026
816 90.00627364 946.6565889 1606.061325 4354.373201 2804.368383
9801.466
815
87.53022
930.9878
1589.956
4305.262
2239.697
9153.433
3/28/2026
817 92.51613027 962.4979012 1622.492623 4412.505638 2826.983964
9916.996
816
90.00627
946.6566
1606.061
4354.373
2804.368
9801.466
3/29/2026
818 95.06082411 978.5133121 1638.795673 4471.860493 2850.046566
10034.28
817
92.51613
962.4979
1622.493
4412.506
2826.984
9916.996
3/30/2026
819 97.63992413 696.6646057 1636.697437 4531.482438 2872.730124
9835.215
818
95.06082
978.5133
1638.796
4471.86
2850.047
10034.28
3/31/2026
820 100.2538434 480.7596264 980.2389889 4592.186378 2895.352402
9048.791
819
97.63992
696.6646
1636.697
4531.482
2872.73
9835.215
4/1/2026
821 102.9010931 490.4608408 695.1264941 4648.988672 2918.310628
8855.788
820
100.2538
480.7596
980.239
4592.186
2895.352
9048.791
4/2/2026
822
105.582998 500.2938817 705.9871346 4700.829855 2941.354333
8954.048
821
102.9011
490.4608
695.1265
4648.989
2918.311
8855.788
4/3/2026
823 108.2990327 510.2602441 1223.038684
4752.22789 2964.483451
9558.309
822
105.583
500.2939
705.9871
4700.83
2941.354
8954.048
4/4/2026
824
111.049128 520.3614466 1240.350789 5233.937143 2988.084648
10093.78
823
108.299
510.2602
1223.039
4752.228
2964.483
9558.309
4/5/2026
825 113.8338413 530.5990318 1257.925186 6199.786421 3011.275847
11113.42
824
111.0491
520.3614
1240.351
5233.937
2988.085
10093.78
4/6/2026
826
116.653376 540.9745663 1275.555138 6258.311177 3034.390466
11225.88
825
113.8338
530.599
1257.925
6199.786
3011.276
11113.42
4/7/2026
827 119.5031916 551.4896411 1292.855688 6317.170019 3057.860629
11338.88
826
116.6534
540.9746
1275.555
6258.311
3034.39
11225.88
4/8/2026
828 122.3888412 562.1458717 1309.173717 6376.473783 3081.415873
11451.6
827
119.5032
551.4896
1292.856
6317.17
3057.861
11338.88
4/9/2026
829 125.3089666 572.9448979 1325.788855 6435.587476 3105.056129
11564.69
828
122.3888
562.1459
1309.174
6376.474
3081.416
11451.6
4/10/2026
830 128.2612532 583.8883843 1343.159559 6495.962022 3129.194691
11680.47
829
125.309
572.9449
1325.789
6435.587
3105.056
11564.69
4/11/2026
831 131.2478422 594.9780204
1361.15754 6555.588892 3152.891009
11795.86
830
128.2613
583.8884
1343.16
6495.962
3129.195
11680.47
4/12/2026
832 145.5255926 606.2155207
1379.25906 6615.916404 3176.494532
11923.41
831
131.2478
594.978
1361.158
6555.589
3152.891
11795.86
4/13/2026
833 149.1694952 617.6026248 1397.389028 6676.728286 3200.474235
12041.36
832
145.5256
606.2155
1379.259
6615.916
3176.495
11923.41
4/14/2026
834 152.8597413 629.1410975 1415.765406 6736.935027 3224.538618
12159.24
833
149.1695
617.6026
1397.389
6676.728
3200.474
12041.36
4/15/2026
835 156.5988983 640.8327291
1433.67482 6798.719429 3248.687613
12278.51
834
152.8597
629.1411
1415.765
6736.935
3224.539
12159.24
4/16/2026
836 160.3860031 652.6793356 1449.147611
6859.95068
3036.67221
12158.84
835
156.5989
640.8327
1433.675
6798.719
3248.688
12278.51
4/17/2026
837 164.2220495 664.6827584 1464.632007 6921.189513 2361.301163
11576.03
836
160.386
652.6793
1449.148
6859.951
3036.672
12158.84
4/18/2026
838 168.1037417
676.844865 1480.306253 6983.510058
1822.52402
11131.29
837
164.222
664.6828
1464.632
6921.19
2361.301
11576.03
4/19/2026
839 162.8946606 689.7563028 1495.988468 7051.970806
1488.67594
10889.29
838
168.1037
676.8449
1480.306
6983.51
1822.524
11131.29
4/20/2026
840 57.73254546 703.2265416 1511.820871 7124.009753 1500.328245
10897.12
839
162.8947
689.7563
1495.988
7051.971
1488.676
10889.29
4/21/2026
841 59.53322777 715.3419211
1527.7882 7195.790438 1512.023158
11010.48
840
57.73255
703.2265
1511.821
7124.01
1500.328
10897.12
4/22/2026
842 61.36339569 727.0535815 1544.558421 7268.037289 1524.097365
11125.11
841
59.53323
715.3419
1527.788
7195.79
1512.023
11010.48
4/23/2026
843 63.21907423 881.9443427
1561.99338 6406.376893 1535.544643
10449.08
842
61.3634
727.0536
1544.558
7268.037
1524.097
11125.11
4/24/2026
844 65.10409019
897.199472 1579.335664 4225.512745 1547.367208
8314.519
843
63.21907
881.9443
1561.993
6406.377
1535.545
10449.08
4/25/2026
845 67.01711982 912.6265981 1595.601737 4275.437916 1559.232247
8409.916
844
65.10409
897.1995
1579.336
4225.513
1547.367
8314.519
4/26/2026
846 68.95965899 928.2272573 1611.763818 4324.270944 1571.139726
8504.361
845
67.01712
912.6266
1595.602
4275.438
1559.232
8409.916
4/27/2026
847 70.92708397 944.0030117 1628.233698 4373.376717 3125.536362
10142.08
846
68.95966
928.2273
1611.764
4324.271
1571.14
8504.361
4/28/2026
848 72.92386479 959.9554495 1644.594652
4428.11047 2864.267601
9969.852
847
70.92708
944.003
1628.234
4373.377
3125.536
10142.08
4/29/2026
849 74.94846511 976.0861848 1661.217207 4486.832713 2886.509832
10085.59
848
72.92386
959.9554
1644.595
4428.11
2864.268
9969.852
4/30/2026
850 77.00262156
992.396858 1098.590718 4546.970931
2909.43578
9624.397
849
74.94847
976.0862
1661.217
4486.833
2886.51
10085.59
5/1/2026
851 79.08099394 1008.889136 704.6987096 4606.997678 2932.701381
9332.368
850
77.00262
992.3969
1098.591
4546.971
2909.436
9624.397
5/2/2026
852 81.18876297 727.5249204 715.7951317 4668.062175 2955.547148
9148.118
851
79.08099
1008.889
704.6987
4606.998
2932.701
9332.368
5/3/2026
853 83.32415733 512.1121739 726.9029317 4720.058822 2978.990023
9021.388
852
81.18876
727.5249
715.7951
4668.062
2955.547
9148.118
5/4/2026
854 85.48917822 522.3134822 738.3054777 5208.749815 3002.386221
9557.244
853
83.32416
512.1122
726.9029
4720.059
2978.99
9021.388
5/5/2026
855 87.67769782 532.6545978 749.7175355 6172.639094 3025.356506
10568.05
854
85.48918
522.3135
738.3055
5208.75
3002.386
9557.244
5/6/2026
856 89.89567843 543.1371363 1268.659563 6230.666499
3049.06502
11181.42
855
87.6777
532.6546
749.7175
6172.639
3025.357
10568.05
5/7/2026
857 92.14109018 553.7627375 1284.820143 6289.605016 3072.319984
11292.65
856
89.89568
543.1371
1268.66
6230.666
3049.065
11181.42
5/8/2026
858 94.41388452
564.533066 1301.285338 6349.033631 3095.927481
11405.19
857
92.14109
553.7627
1284.82
6289.605
3072.32
11292.65
5/9/2026
859 96.71559424 575.4498113 1318.505339
6407.76213 3119.901256
11518.33
858
94.41388
564.5331
1301.285
6349.034
3095.927
11405.19
5/10/2026
860 104.7354083 586.5146879 1336.352688 6468.001195 3143.813651
11639.42
859
96.71559
575.4498
1318.505
6407.762
3119.901
11518.33
5/11/2026
861 107.3882004 597.7294353 1354.343745 6527.361421 3167.267067
11754.09
860
104.7354
586.5147
1336.353
6468.001
3143.814
11639.42
5/12/2026
862 110.0756458 609.0958185 1372.534372 6587.663663 3191.505792
11870.88
861
107.3882
597.7294
1354.344
6527.361
3167.267
11754.09
5/13/2026
863 112.8004233 620.6156276 1390.907687 6648.493636 3215.248608
11988.07
862
110.0756
609.0958
1372.534
6587.664
3191.506
11870.88
5/14/2026
864
115.554115 632.2906787 1408.913782 6708.422338 3239.364444
12104.55
863
112.8004
620.6156
1390.908
6648.494
3215.249
11988.07
5/15/2026
865 118.3453807 644.1228132 1424.353114 6769.938898 3263.867749
12220.63
864
115.5541
632.2907
1408.914
6708.422
3239.364
12104.55
5/16/2026
866
121.170849 656.1138987 1439.736434
6831.0258 3108.499828
12156.55
865
118.3454
644.1228
1424.353
6769.939
3263.868
12220.63
5/17/2026
867 124.0337626 668.2658284 1455.280038 6892.378801 2376.365024
11516.32
866
121.1708
656.1139
1439.736
6831.026
3108.5
12156.55
5/18/2026
868 120.8607724 680.5805221 1470.839152 6954.599548 1893.407585
11120.29
867
124.0338
668.2658
1455.28
6892.379
2376.365
11516.32
5/19/2026
869
51.3784705 691.4905742 1486.540957 7018.529743 1504.553885
10752.49
868
120.8608
680.5805
1470.839
6954.6
1893.408
11120.29
5/20/2026
870 52.86495228 701.9457305
1502.39099 7090.139646 1516.259459
10863.6
869
51.37847
691.4906
1486.541
7018.53
1504.554
10752.49
5/21/2026
871 54.37278578
712.481701 1518.250688 7161.822265 1528.333162
10975.26
870
52.86495
701.9457
1502.391
7090.14
1516.259
10863.6
5/22/2026
872 55.90155525
818.594456 1534.306666 7233.925065 1539.801842
11182.53
871
54.37279
712.4817
1518.251
7161.822
1528.333
10975.26
5/23/2026
873 57.45235847 832.4503686 1550.335991 5182.286978 1551.634729
9174.16
872
55.90156
818.5945
1534.307
7233.925
1539.802
11182.53
5/24/2026
874 59.02405674 846.4609957 1565.730517 4181.437029 1563.847392
8216.5
873
57.45236
832.4504
1550.336
5182.287
1551.635
9174.16
5/25/2026
875
60.6169804 860.6278036 1581.676373 4231.023129 1575.431525
8309.376
874
59.02406
846.461
1565.731
4181.437
1563.847
8216.5
5/26/2026
876 62.23061576 874.9522841 1597.902343 4280.250157
1587.39142
8402.727
875
60.61698
860.6278
1581.676
4231.023
1575.432
8309.376
5/27/2026
877
63.8663508
889.435954 1614.017159 4329.193818 3147.640129
10044.15
876
62.23062
874.9523
1597.902
4280.25
1587.391
8402.727
5/28/2026
878 65.52276027 904.0803556 1630.392159
4379.29212 2884.343728
9863.631
877
63.86635
889.436
1614.017
4329.194
3147.64
10044.15
5/29/2026
879 67.20026884 918.8870571 1168.933879 4437.578547 2907.010348
9499.61
878
65.52276
904.0804
1630.392
4379.292
2884.344
9863.631
5/30/2026
880 68.89824942 635.8178604 669.6849183 4497.089278 2930.366555
8801.857
879
67.20027
918.8871
1168.934
4437.579
2907.01
9499.61
5/31/2026
881 70.61842612 418.6806281 677.8787371 4556.866882 2953.344129
8677.389
880
68.89825
635.8179
669.6849
4497.089
2930.367
8801.857
6/1/2026
882 72.35904151 427.1378447 686.1347838
4617.73009 2976.256904
8779.619
881
70.61843
418.6806
677.8787
4556.867
2953.344
8677.389
6/2/2026
883 74.12062971
435.715161 696.5451391 5108.794901 3000.143417
9315.319
882
72.35904
427.1378
686.1348
4617.73
2976.257
8779.619
6/3/2026
884 75.90243371 444.4140899 1213.220823 6074.489487 3022.849716
10830.88
883
74.12063
435.7152
696.5451
5108.795
3000.143
9315.319
6/4/2026
885 77.70656303 453.2361679 1230.549539 6140.275198 3046.269876
10948.04
884
75.90243
444.4141
1213.221
6074.489
3022.85
10830.88
6/5/2026
886 79.53087907 462.1829558 1247.850107 6198.340383 3070.434453
11058.34
885
77.70656
453.2362
1230.55
6140.275
3046.27
10948.04
6/6/2026
887 81.37362593
471.256038 1265.491742
6257.30139 3093.372678
11168.8
886
79.53088
462.183
1247.85
6198.34
3070.434
11058.34
6/7/2026
888 83.24106808 480.4570236 1283.174093 6316.311124 3117.047436
11280.23
887
81.37363
471.256
1265.492
6257.301
3093.373
11168.8
6/8/2026
889 85.12866042
489.787546 1299.867864
6375.38258 3141.490017
11391.66
888
83.24107
480.457
1283.174
6316.311
3117.047
11280.23
6/9/2026
890 87.03617016
499.249263 1316.219512 6434.898097 3164.659007
11502.06
889
85.12866
489.7875
1299.868
6375.383
3141.49
11391.66
6/10/2026
891 94.65834217 508.8438571 1332.884181 6494.429292 3188.587753
11619.4
890
87.03617
499.2493
1316.22
6434.898
3164.659
11502.06
6/11/2026
892 96.90436219
518.573036 1350.288459 6555.094703 3213.308287
11734.17
891
94.65834
508.8439
1332.884
6494.429
3188.588
11619.4
6/12/2026
893 99.18053803 528.4385319 1368.295404
6614.92519 3236.706875
11847.55
892
96.90436
518.573
1350.288
6555.095
3213.308
11734.17
6/13/2026
894 101.4837978 538.4421025 1386.259399 6675.539655 3260.888997
11962.61
893
99.18054
528.4385
1368.295
6614.925
3236.707
11847.55
6/14/2026
895 103.8148654 548.5855306 1404.502594 6736.403904
3285.88744
12079.19
894
101.4838
538.4421
1386.259
6675.54
3260.889
11962.61
6/15/2026
896 106.1731463 558.8706245 1422.812779 6797.272799 3309.514451
12194.64
895
103.8149
548.5855
1404.503
6736.404
3285.887
12079.19
6/16/2026
897 108.5615674 569.2992181 1440.861273 6859.188025
3333.94934
12311.86
896
106.1731
558.8706
1422.813
6797.273
3309.514
12194.64
6/17/2026
898 110.9767226 579.8731708 1456.264133 6920.694682 2666.599841
11734.41
897
108.5616
569.2992
1440.861
6859.188
3333.949
12311.86
6/18/2026
899 113.4194463 590.5943681 1471.891298 6990.315548 1508.978544
10675.2
898
110.9767
579.8732
1456.264
6920.695
2666.6
11734.41
6/19/2026
900 115.8891455 601.4647214 1487.491787 7061.910631 1520.700621
10787.46
899
113.4194
590.5944
1471.891
6990.316
1508.979
10675.2
6/20/2026
901 118.3891576 612.8767913 1503.320554 7133.608881 1532.792253
10900.99
900
115.8891
601.4647
1487.492
7061.911
1520.701
10787.46
6/21/2026
902 120.9155333 623.1355047 1519.069701 7206.364759 1544.275995
11013.76
901
118.3892
612.8768
1503.321
7133.609
1532.792
10900.99
6/22/2026
903 123.4692252 632.9608946
1535.87159 7278.948784 1556.125357
11127.38
902
120.9155
623.1355
1519.07
7206.365
1544.276
11013.76
6/23/2026
904 126.0496584 642.8896137 1553.033359 6568.827785 1568.355954
10459.16
903
123.4692
632.9609
1535.872
7278.949
1556.125
11127.38
6/24/2026
905 128.6606085 652.9227196 1570.545642 4238.181899 1579.955088
8170.266
904
126.0497
642.8896
1553.033
6568.828
1568.356
10459.16
6/25/2026
906 131.2975298 663.0612873 1587.947413 4286.569703 1591.931429
8260.807
905
128.6606
652.9227
1570.546
4238.182
1579.955
8170.266
6/26/2026
907 133.9615006 673.3064098 1604.292041 4335.829252 1604.300966
8351.69
906
131.2975
663.0613
1587.947
4286.57
1591.931
8260.807
6/27/2026
908 136.6519838 683.6591977 1620.514441 4391.369956 1616.014907
8448.21
907
133.9615
673.3064
1604.292
4335.829
1604.301
8351.69
6/28/2026
909 139.3732198
694.12078 1637.064131 4450.536658 3184.580941
10105.68
908
136.652
683.6592
1620.514
4391.37
1616.015
8448.21
6/29/2026
910 142.1200118 704.6923036 1653.486253 4509.911691 2919.932051
9930.142
909
139.3732
694.1208
1637.064
4450.537
3184.581
10105.68
6/30/2026
911 144.8935712 715.3749336 1676.511411 4570.243955 2942.364562
10049.39
910
142.12
704.6923
1653.486
4509.912
2919.932
9930.142
7/1/2026
912 147.6934201 726.1698536 999.9151702 4629.767605 2965.485808
9469.032
911
144.8936
715.3749
1676.511
4570.244
2942.365
10049.39
7/2/2026
913 150.5242913 439.0384738 715.5054979 4681.102119 2989.325507
8975.496
912
147.6934
726.1699
999.9152
4629.768
2965.486
9469.032
7/3/2026
914 153.3751208 217.7882573 726.6089596 4733.741003 3011.991313
8843.505
913
150.5243
439.0385
715.5055
4681.102
2989.326
8975.496
7/4/2026
915 156.2626065 222.0812819 738.0071116 4777.693504
3035.63194
8929.676
914
153.3751
217.7883
726.609
4733.741
3011.991
8843.505
7/5/2026
916 159.1711349 226.4427844 749.4147192 5259.203924 3059.221666
9453.454
915
156.2626
222.0813
738.0071
4777.694
3035.632
8929.676
7/6/2026
917 155.2241555 230.8738557 1268.415964 6224.585153 3082.383655
10961.48
916
159.1711
226.4428
749.4147
5259.204
3059.222
9453.454
7/7/2026
918 51.33036423 235.3756029 1284.644749
6282.73825 3106.289234
10960.38
917
155.2242
230.8739
1268.416
6224.585
3082.384
10961.48
7/8/2026
919 52.53903243 239.9491497 1301.109209 6341.921409 3130.136561
11065.66
918
51.33036
235.3756
1284.645
6282.738
3106.289
10960.38
7/9/2026
920 53.76061307 244.5956358 1318.328475 6401.357324 3153.539756
11171.58
919
52.53903
239.9491
1301.109
6341.921
3130.137
11065.66
7/10/2026
921 55.00092618 385.7894691
1336.17509 6460.549278 3177.709938
11415.22
920
53.76061
244.5956
1318.328
6401.357
3153.54
11171.58
7/11/2026
922 56.25248801 393.1485261 1354.165415 6521.186166 3201.814292
11526.57
921
55.00093
385.7895
1336.175
6460.549
3177.71
11415.22
7/12/2026
923 57.51697606 400.6062078
1372.35531 6580.649864 3225.457788
11636.59
922
56.25249
393.1485
1354.165
6521.186
3201.814
11526.57
7/13/2026
924 58.79426272 408.1636736 1390.727895
6641.19612 3249.892226
11748.77
923
57.51698
400.6062
1372.355
6580.65
3225.458
11636.59
7/14/2026
925 60.09074199 415.8220999 1408.733261 6702.140948 3274.253032
11861.04
924
58.79426
408.1637
1390.728
6641.196
3249.892
11748.77
7/15/2026
926 61.39803546 423.5826796 1424.171865 6762.555502
3298.13592
11969.84
925
60.09074
415.8221
1408.733
6702.141
3274.253
11861.04
7/16/2026
927 79.66167503 431.4466231 1439.554458 6824.351183 3322.834271
12097.85
926
61.39804
423.5827
1424.172
6762.556
3298.136
11969.84
7/17/2026
928 81.87876003 439.4151578 1455.097337 6885.531466 1951.429773
10813.35
927
79.66168
431.4466
1439.554
6824.351
3322.834
12097.85
7/18/2026
929 84.13764171 447.4895283 1470.655726 6946.994966 1492.555172
10441.83
928
81.87876
439.4152
1455.097
6885.531
1951.43
10813.35
7/19/2026
930 86.42878066 455.6709966 1486.356808 7009.450808 1504.535908
10542.44
929
84.13764
447.4895
1470.656
6946.995
1492.555
10441.83
7/20/2026
931 88.75414755 462.9196181 1502.206119 7077.435403 1515.927373
10647.24
930
86.42878
455.671
1486.357
7009.451
1504.536
10542.44
7/21/2026
932 91.11394145 469.9130232 1518.065096 7149.255999 1527.675317
10756.02
931
88.75415
462.9196
1502.206
7077.435
1515.927
10647.24
7/22/2026
933 93.51574444 477.5475876 1534.120354 7221.291432 1539.795055
10866.27
932
91.11394
469.913
1518.065
7149.256
1527.675
10756.02
7/23/2026
934 95.94914578 485.2674147
1550.14896 7293.735606 1551.302395
10976.4
933
93.51574
477.5476
1534.12
7221.291
1539.795
10866.27
7/24/2026
935 98.41629484 493.0734625 1565.542768 4920.424377 1563.177579
8640.634
934
95.94915
485.2674
1550.149
7293.736
1551.302
10976.4
7/25/2026
936 100.9220536 500.9667047 1581.487909 4239.625284 1575.436293
7998.438
935
98.41629
493.0735
1565.543
4920.424
1563.178
8640.634
7/26/2026
937
103.45695 508.9481315 1597.713163 4289.263441 1587.058926
8086.441
936
100.9221
500.9667
1581.488
4239.625
1575.436
7998.438
7/27/2026
938 106.0360374 517.0187489 1613.827266 4338.428805 1599.061045
8174.372
937
103.457
508.9481
1597.713
4289.263
1587.059
8086.441
7/28/2026
939 108.6439416 525.1795796 1630.201552 4387.543196 3160.830777
9812.399
938
106.036
517.0187
1613.827
4338.429
1599.061
8174.372
7/29/2026
940 111.2907036 533.4316625 1191.695981 4441.644985 2897.200761
9175.264
939
108.6439
525.1796
1630.202
4387.543
3160.831
9812.399
7/30/2026
941 113.9656186
541.776053 669.6849183 4500.534318 2919.913727
8745.875
940
111.2907
533.4317
1191.696
4441.645
2897.201
9175.264
7/31/2026
942 116.6854397 352.4721318 677.8787371 4560.341792 2943.320531
8650.699
941
113.9656
541.7761
669.6849
4500.534
2919.914
8745.875
8/1/2026
943 119.4330708 206.8970178 686.1347838 4620.743435 2966.341118
8599.549
942
116.6854
352.4721
677.8787
4560.342
2943.321
8650.699
8/2/2026
944 122.2198564 210.9826521 696.5451391 5116.617921 2989.300152
9135.666
943
119.4331
206.897
686.1348
4620.743
2966.341
8599.549
8/3/2026
945 121.5505241 215.1326504 707.4270912 6081.694725 3013.237606
10139.04
944
122.2199
210.9827
696.5451
5116.618
2989.3
9135.666
8/4/2026
946 70.36193314 219.3480287 1054.255499 6149.444625 3035.986087
10529.4
945
121.5505
215.1327
707.4271
6081.695
3013.238
10139.04
8/5/2026
947 72.34690216 223.6298182 1069.490605 6211.785266 3059.452752
10636.71
946
70.36193
219.348
1054.255
6149.445
3035.986
10529.4
8/6/2026
948 74.36481957 227.9790655 1085.058607 6270.334745 3083.668291
10741.41
947
72.3469
223.6298
1069.491
6211.785
3059.453
10636.71
8/7/2026
949 76.40830976 301.4224567 1100.639267 6329.503774 3106.648517
10914.62
948
74.36482
227.9791
1085.059
6270.335
3083.668
10741.41
8/8/2026
950
78.4797363 307.2062425 1115.280175 6388.696876
3130.3697
11020.03
949
76.40831
301.4225
1100.639
6329.504
3106.649
10914.62
8/9/2026
951 80.57622429 313.0719296 1129.510732 6448.420385 3154.863265
11126.44
950
78.47974
307.2062
1115.28
6388.697
3130.37
11020.03
8/10/2026
952 82.70610335 319.0206026 1144.054868 6507.972786 3178.074074
11231.83
951
80.57622
313.0719
1129.511
6448.42
3154.863
11126.44
8/11/2026
953
84.8610244
325.053362 1159.309115 6568.144632 3202.049164
11339.42
952
82.7061
319.0206
1144.055
6507.973
3178.074
11231.83
8/12/2026
954 87.04367328 331.1713239 1175.260655 6628.446624 3226.820706
11448.74
953
84.86102
325.0534
1159.309
6568.145
3202.049
11339.42
8/13/2026
955 89.25081832 337.3756204 1191.224504
6688.94595
3250.26093
11557.06
954
87.04367
331.1713
1175.261
6628.447
3226.821
11448.74
8/14/2026
956 108.4355431 343.6673994 1207.251399 6749.953868 3274.489316
11683.8
955
89.25082
337.3756
1191.225
6688.946
3250.261
11557.06
8/15/2026
957 111.5855017
350.047825 1223.407337 6811.255779
3299.53879
11795.84
956
108.4355
343.6674
1207.251
6749.954
3274.489
11683.8
8/16/2026
958 114.7850857 356.5180772 1239.265154 6872.266747 3323.207254
11906.04
957
111.5855
350.0478
1223.407
6811.256
3299.539
11795.84
8/17/2026
959 118.0304779 363.0793524 1252.496006 6934.336276 2749.870211
11417.81
958
114.7851
356.5181
1239.265
6872.267
3323.207
11906.04
8/18/2026
960
121.332179 369.7568929 1265.855471 7003.639734 1498.803639
10259.39
959
118.0305
363.0794
1252.496
6934.336
2749.87
11417.81
8/19/2026
961 124.6796001 376.8255338 1279.255782 7074.935795 1510.175496
10365.87
960
121.3322
369.7569
1265.855
7003.64
1498.804
10259.39
8/20/2026
962 128.0761135 383.7347314 1292.820225 7146.862256 1521.902034
10473.4
961
124.6796
376.8255
1279.256
7074.936
1510.175
10365.87
8/21/2026
963 131.5176448 389.6113537 1306.408776 7218.816173 1533.998511
10580.35
962
128.0761
383.7347
1292.82
7146.862
1521.902
10473.4
8/22/2026
964 135.0159339 395.5456948 1320.290196 6003.541461 1545.486323
9399.88
963
131.5176
389.6114
1306.409
7218.816
1533.999
10580.35
8/23/2026
965 138.5591604 401.5382846 1334.265446
4173.32948 1557.340137
7605.033
964
135.0159
395.5457
1320.29
6003.541
1545.486
9399.88
8/24/2026
966 142.1511045 407.5896623 1348.606504
4222.63071 1569.575582
7690.554
965
138.5592
401.5383
1334.265
4173.329
1557.34
7605.033
8/25/2026
967 145.7916727 413.7003762 1362.804175 4271.518532 1581.178768
7774.994
966
142.1511
407.5897
1348.607
4222.631
1569.576
7690.554
8/26/2026
968
149.476227 419.8709833 1375.840014 4320.407213 3137.225536
9402.82
967
145.7917
413.7004
1362.804
4271.519
1581.179
7774.994
8/27/2026
969 153.2181876 426.1020501 1388.716926 4375.486302 2875.570052
9219.094
968
149.4762
419.871
1375.84
4320.407
3137.226
9402.82
8/28/2026
970 157.0040638
432.394152 1401.938442 4434.362148 2897.857141
9323.556
969
153.2182
426.1021
1388.717
4375.486
2875.57
9219.094
8/29/2026
971 160.8381892 438.7478737 1414.997969 4493.660883 2920.818565
9429.063
970
157.0041
432.3942
1401.938
4434.362
2897.857
9323.556
8/30/2026
972 164.7154391 445.1638093 1432.442023 4553.855412 2944.483579
9540.66
971
160.8382
438.7479
1414.998
4493.661
2920.819
9429.063
8/31/2026
973 168.6506866 447.6380109 752.0943957 4613.915187 2967.004671
8949.303
972
164.7154
445.1638
1432.442
4553.855
2944.484
9540.66
9/1/2026
974
172.628996 110.9421403 464.1356907
4665.5123 2990.483021
8403.702
973
168.6507
447.638
752.0944
4613.915
2967.005
8949.303
9/2/2026
975 176.6551802 113.1077896 471.8212913
4717.70366 3013.903704
8493.192
974
172.629
110.9421
464.1357
4665.512
2990.483
8403.702
9/3/2026
976 177.2403648 115.3075577 479.5158243 4762.554261 3036.918875
8571.537
975
176.6552
113.1078
471.8213
4717.704
3013.904
8493.192
9/4/2026
977 127.3192586 117.5419817 820.7633121 5244.374687 3060.662467
9370.662
976
177.2404
115.3076
479.5158
4762.554
3036.919
8571.537
9/5/2026
978 130.5892627 119.8116066 832.8420775 6208.963248 3084.340903
10376.55
977
127.3193
117.542
820.7633
5244.375
3060.662
9370.662
9/6/2026
979 133.8960454 122.1169851 844.7732729 6267.614973 3107.597923
10476
978
130.5893
119.8116
832.8421
6208.963
3084.341
10376.55
9/7/2026
980 137.2457413 193.4843022
856.652138 6326.527872 3131.606407
10645.52
979
133.896
122.117
844.7733
6267.615
3107.598
10476
9/8/2026
981 140.6362176 197.1592998 868.7468654
6385.73371 3155.542018
10747.82
980
137.2457
193.4843
856.6521
6326.528
3131.606
10645.52
9/9/2026
982 144.0673912 200.8829683 881.1028995 6445.435399 3179.039986
10850.53
981
140.6362
197.1593
868.7469
6385.734
3155.542
10747.82
9/10/2026
983 147.5391791 204.6558683 893.7092386 6505.048707 3203.313013
10954.27
982
144.0674
200.883
881.1029
6445.435
3179.04
10850.53
9/11/2026
984 151.0514982
208.478569 906.4275092 6565.413398 3227.505223
11058.88
983
147.5392
204.6559
893.7092
6505.049
3203.313
10954.27
9/12/2026
985 154.6042654
212.351647
919.383483 6625.494197 3251.243234
11163.08
984
151.0515
208.4786
906.4275
6565.413
3227.505
11058.88
9/13/2026
986 158.1973977 216.2756877 932.4114955 6686.197883
3275.78046
11268.86
985
154.6043
212.3516
919.3835
6625.494
3251.243
11163.08
9/14/2026
987
161.830812 220.2512844 944.8821503 6747.158747 3300.228693
11374.35
986
158.1974
216.2757
932.4115
6686.198
3275.78
11268.86
9/15/2026
988 165.5044252 224.2790384 954.5597711 6808.065592 3324.205837
11476.61
987
161.8308
220.2513
944.8822
6747.159
3300.229
11374.35
9/16/2026
989 186.1618452 228.3595597 964.3841164
6869.59688 3349.006921
11597.51
988
165.5044
224.279
954.5598
6808.066
3324.206
11476.61
9/17/2026
990 190.8000479 232.3566021 974.1763973 6931.429656 1787.262937
10116.03
989
186.1618
228.3596
964.3841
6869.597
3349.007
11597.51
9/18/2026
991 186.3608164 235.8523393 984.0428749 6992.966154 1517.579136
9916.801
990
190.8
232.3566
974.1764
6931.43
1787.263
10116.03
9/19/2026
992 81.98273603 239.6715816 993.8775058 7061.552244 1529.658169
9906.742
991
186.3608
235.8523
984.0429
6992.966
1517.579
9916.801
9/20/2026
993 84.58160396
243.533158 1003.973871 7132.842626 1541.131328
10006.06
992
81.98274
239.6716
993.8775
7061.552
1529.658
9906.742
9/21/2026
994 87.22274747 247.4375437 1013.973809 7205.050643 1552.969113
10106.65
993
84.5816
243.5332
1003.974
7132.843
1541.131
10006.06
9/22/2026
995
89.9060835 394.4309155 1023.963338 7277.890531 1565.187107
10351.38
994
87.22275
247.4375
1013.974
7205.051
1552.969
10106.65
9/23/2026
996 92.63152898 401.6974934 1034.314052 6823.753927 1576.775701
9929.173
995
89.90608
394.4309
1023.963
7277.891
1565.187
10351.38
9/24/2026
997 95.39900085 409.0438413 1044.502524 4237.841885 1588.740486
7375.528
996
92.63153
401.6975
1034.314
6823.754
1576.776
9929.173
9/25/2026
998 98.20841603 416.4704137 1054.638328 4287.472605 1601.097415
7457.887
997
95.399
409.0438
1044.503
4237.842
1588.74
7375.528
9/26/2026
999 101.0596915
423.977673
1064.75963
4336.63035 1612.800861
7539.228
998
98.20842
416.4704
1054.638
4287.473
1601.097
7457.887
9/27/2026
1000 103.9527441 431.5660904 1075.041986 4385.737145
1624.89234
7621.19
999
101.0597
423.9777
1064.76
4336.63
1612.801
7539.228
9/28/2026
1001 106.8874908 437.2107176 1085.436533 4439.831321 3192.668091
9262.034
1000
103.9527
431.5661
1075.042
4385.737
1624.892
7621.19
9/29/2026
1002 109.8638486 271.3594938 697.4346362 4498.712878 2927.627318
8504.998
1001
106.8875
437.2107
1085.437
4439.831
3192.668
9262.034
9/30/2026
1003 112.8817344 276.9483289 446.6655797 4558.512939
2950.44618
8345.455
1002
109.8638
271.3595
697.4346
4498.713
2927.627
8504.998
10/1/2026
1004 115.9410651 282.6048304 452.3282805 4618.906803 2973.969169
8443.75
1003
112.8817
276.9483
446.6656
4558.513
2950.446
8345.455
10/2/2026
1005 119.0417576 288.3294588 633.0472866 4680.069778
2997.08903
8717.577
1004
115.9411
282.6048
452.3283
4618.907
2973.969
8443.75
10/3/2026
1006 122.1837289 294.1226822 642.7733881 5170.403973 3020.153654
9249.637
1005
119.0418
288.3295
633.0473
4680.07
2997.089
8717.577
10/4/2026
1007 125.3690157 299.9849766 652.4224217 5677.017981 3044.208574
9799.003
1006
122.1837
294.1227
642.7734
5170.404
3020.154
9249.637
10/5/2026
1008 128.5912472 305.9168257 662.3884764 5733.888155 3067.053197
9897.838
1007
125.369
299.985
652.4224
5677.018
3044.209
9799.003
10/6/2026
1009 131.8565581 311.9187208 672.3556618 5787.186314
3090.62649
9993.944
1008
128.5912
305.9168
662.3885
5733.888
3067.053
9897.838
10/7/2026
1010 135.1628155 317.9911614 682.5330611 5841.079792 3114.959468
10091.73
1009
131.8566
311.9187
672.3557
5787.186
3090.626
9993.944
10/8/2026
1011 138.5099363 324.1346546 692.3045336 5894.689685
3138.03532
10187.67
1010
135.1628
317.9912
682.5331
5841.08
3114.959
10091.73
10/9/2026
1012 141.8978376 330.3497158 702.3003181 5949.303766 3161.862858
10285.71
1011
138.5099
324.1347
692.3045
5894.69
3138.035
10187.67
10/10/2026
1013 145.3264362 336.6368679 712.3562507 6003.131893
3186.47384
10383.93
1012
141.8978
330.3497
702.3003
5949.304
3161.863
10285.71
10/11/2026
1014 148.7956491 342.9966422 722.8734634 6057.925346 3209.779756
10482.37
1013
145.3264
336.6369
712.3563
6003.132
3186.474
10383.93
10/12/2026
1015 152.3053931 349.4295779 733.3924262 6112.883144
3233.86093
10581.87
1014
148.7956
342.9966
722.8735
6057.925
3209.78
10482.37
10/13/2026
1016 155.8555853 355.9362224 744.1471891 6167.722984 3258.749867
10682.41
1015
152.3054
349.4296
733.3924
6112.883
3233.861
10581.87
10/14/2026
1017 159.4461426 362.5171312 754.9768091 6223.336965 3282.284676
10782.56
1016
155.8556
355.9362
744.1472
6167.723
3258.75
10682.41
10/15/2026
1018 180.0206727
369.172868 765.8875907 6278.917345 3306.618875
10900.62
1017
159.4461
362.5171
754.9768
6223.337
3282.285
10782.56
10/16/2026
1019 184.5761517 375.9040046 774.8823376 6334.317546 2430.236782
10099.92
1018
180.0207
369.1729
765.8876
6278.917
3306.619
10900.62
10/17/2026
1020 180.0543626 382.7111212 782.5910926 6391.469435 1479.986098
9216.812
1019
184.5762
375.904
774.8823
6334.318
2430.237
10099.92
10/18/2026
1021 75.59389085 389.4579422 790.4401118 6451.785147 1491.602922
9198.88
1020
180.0544
382.7111
782.5911
6391.469
1479.986
9216.812
10/19/2026
1022 78.11053348 395.7025817 798.2201507 6513.127693 1503.579781
9288.741
1021
75.59389
389.4579
790.4401
6451.785
1491.603
9198.88
10/20/2026
1023 80.66961783 401.9962142 806.1004558 6574.465132 1514.967979
9378.199
1022
78.11053
395.7026
798.2202
6513.128
1503.58
9288.741
10/21/2026
1024 83.27106083
551.973276 814.5957032 6635.964939 1526.712355
9612.517
1023
80.66962
401.9962
806.1005
6574.465
1514.968
9378.199
10/22/2026
1025 85.91477941 562.6250354 823.3553565 5666.982009 1538.828217
8677.705
1024
83.27106
551.9733
814.5957
6635.965
1526.712
9612.517
10/23/2026
1026 88.60069051 573.4112926 832.0521492 3570.760178 1550.332303
6615.157
1025
85.91478
562.625
823.3554
5666.982
1538.828
8677.705
10/24/2026
1027 91.32871107 584.3333797 841.0442098 3607.935126 1562.203925
6686.845
1026
88.60069
573.4113
832.0521
3570.76
1550.332
6615.157
10/25/2026
1028
94.098758 595.3926523 849.8236441 3647.385366 1574.458761
6761.159
1027
91.32871
584.3334
841.0442
3607.935
1562.204
6686.845
10/26/2026
1029 96.91074826 606.5904892 858.4021376 3689.844906 3128.966415
8380.715
1028
94.09876
595.3927
849.8236
3647.385
1574.459
6761.159
10/27/2026
1030 99.76459876
617.928293 867.0528513 3733.153061 2867.231748
8185.131
1029
96.91075
606.5905
858.4021
3689.845
3128.966
8380.715
10/28/2026
1031 102.6602265 629.4074899 875.7817657 3776.235045 2890.191286
8274.276
1030
99.7646
617.9283
867.0529
3733.153
2867.232
8185.131
10/29/2026
1032 105.5975483 639.0041029 884.8268988 3820.365411 2912.775764
8362.57
1031
102.6602
629.4075
875.7818
3776.235
2890.191
8274.276
10/30/2026
1033 108.5764811 477.1670577 871.8511179 3865.718321 2936.048802
8259.362
1032
105.5975
639.0041
884.8269
3820.365
2912.776
8362.57
10/31/2026
1034
111.596942 486.8332666 247.2654923 3915.145991
2959.26708
7720.109
1033
108.5765
477.1671
871.8511
3865.718
2936.049
8259.362
11/1/2026
1035 114.6588477 496.6313554 251.0560183 3957.131969 2982.355996
7801.834
1034
111.5969
486.8333
247.2655
3915.146
2959.267
7720.109
11/2/2026
1036 117.7621153 506.5628192 378.5825448 3997.035286 3005.372668
8005.315
1035
114.6588
496.6314
251.056
3957.132
2982.356
7801.834
11/3/2026
1037 120.9066617 516.6291764 433.6814797 4472.597857 3029.110066
8572.925
1036
117.7621
506.5628
378.5825
3997.035
3005.373
8005.315
11/4/2026
1038 124.0924038 526.8319697 439.7945911 4963.839023 3052.451711
9107.01
1037
120.9067
516.6292
433.6815
4472.598
3029.11
8572.925
11/5/2026
1039 127.3192586 537.1727658 444.8750211 5014.840037 3075.713289
9199.92
1038
124.0924
526.832
439.7946
4963.839
3052.452
9107.01
11/6/2026
1040 130.5892627 547.6531556 449.9541303 5064.666585 3099.718416
9292.582
1039
127.3193
537.1728
444.875
5014.84
3075.713
9199.92
11/7/2026
1041 133.8960454 558.2747546 455.1971236 5111.257389 3123.312151
9381.937
1040
130.5893
547.6532
449.9541
5064.667
3099.718
9292.582
11/8/2026
1042 137.2457413 569.0392026 460.7165711 5158.132791 3146.817766
9471.952
1041
133.896
558.2748
455.1971
5111.257
3123.312
9381.937
11/9/2026
1043 140.6362176 579.9481643 466.4062036 5205.701548 3171.090306
9563.782
1042
137.2457
569.0392
460.7166
5158.133
3146.818
9471.952
11/10/2026
1044 144.0673912 591.0033291 471.9304078 5252.589511
3194.93549
9654.526
1043
140.6362
579.9482
466.4062
5205.702
3171.09
9563.782
11/11/2026
1045 147.5391791 602.2064115 477.7690626 5301.105024 3218.684269
9747.304
1044
144.0674
591.0033
471.9304
5252.59
3194.935
9654.526
11/12/2026
1046 151.0514982 613.5591511 483.3647088 5348.223947 3243.223908
9839.423
1045
147.5392
602.2064
477.7691
5301.105
3218.684
9747.304
11/13/2026
1047 154.6042654 625.0633127 488.8999676 5396.593313 3267.319901
9932.481
1046
151.0515
613.5592
483.3647
5348.224
3243.224
9839.423
11/14/2026
1048 175.1410885 636.7206867 494.0227089 5444.779572 3291.310969
10041.98
1047
154.6043
625.0633
488.9
5396.593
3267.32
9932.481
11/15/2026
1049 179.6589437 648.5330889 499.3099629 5493.148137 3316.117396
10136.77
1048
175.1411
636.7207
494.0227
5444.78
3291.311
10041.98
11/16/2026
1050 184.2391039 660.5023609 504.5917609 5542.104418 3340.463559
10231.9
1049
179.6589
648.5331
499.31
5493.148
3316.117
10136.77
11/17/2026
1051 188.8812861 672.6303701 509.8598039 5591.120395 2918.690573
9881.182
1050
184.2391
660.5024
504.5918
5542.104
3340.464
10231.9
11/18/2026
1052 193.5853657
684.91901 515.2536421 5641.665807 1516.619315
8552.043
1051
188.8813
672.6304
509.8598
5591.12
2918.691
9881.182
11/19/2026
1053 189.2117281 697.9589541 520.5871229 5696.051471 1528.694471
8632.504
1052
193.5854
684.919
515.2536
5641.666
1516.619
8552.043
11/20/2026
1054 84.89911699
709.990347 526.0515741 5749.818519 1540.164373
8610.924
1053
189.2117
697.959
520.5871
5696.051
1528.694
8632.504
11/21/2026
1055
87.5633296
721.61668 531.5655004 5804.787657 1551.998596
8697.532
1054
84.89912
709.9903
526.0516
5749.819
1540.164
8610.924
11/22/2026
1056 90.26969319 733.3750571 537.7011354 5859.194773 1564.212713
8784.753
1055
87.56333
721.6167
531.5655
5804.788
1551.999
8697.532
11/23/2026
1057
93.0181247
888.312688 543.3582174 5387.669406 1575.798063
8488.156
1056
90.26969
733.3751
537.7011
5859.195
1564.213
8784.753
11/24/2026
1058 95.80854107 903.6148427 549.3949643 2783.118739 1587.759291
5919.696
1057
93.01812
888.3127
543.3582
5387.669
1575.798
8488.156
11/25/2026
1059 98.64085921 919.0891525 555.1659731 2811.950841 1600.112342
5984.959
1058
95.80854
903.6148
549.395
2783.119
1587.759
5919.696
11/26/2026
1060 101.5149961 934.7371564 561.2409425 2846.868987 1611.812557
6056.175
1059
98.64086
919.0892
555.166
2811.951
1600.112
5984.959
11/27/2026
1061 104.4308686 950.5604194 525.5746472 2882.500092 1623.900486
6086.967
1060
101.515
934.7372
561.2409
2846.869
1611.813
6056.175
11/28/2026
1062 107.3883937 966.5605322 235.0745773 2918.168831 3191.672357
7418.865
1061
104.4309
950.5604
525.5746
2882.5
1623.9
6086.967
11/29/2026
1063 110.3874883 982.7391117 238.5242268 2954.694707 2926.628367
7212.974
1062
107.3884
966.5605
235.0746
2918.169
3191.672
7418.865
11/30/2026
1064 113.4280694 999.0978012 242.1963947 2991.157553 2949.443685
7295.324
1063
110.3875
982.7391
238.5242
2954.695
2926.628
7212.974
12/1/2026
1065 116.5100538 717.5984784
246.054863 3126.585007 2972.962793
7179.711
1064
113.4281
999.0978
242.1964
2991.158
2949.444
7295.324
12/2/2026
1066 119.6333586 502.0490822 249.8272465 3531.204744 2996.079451
7398.794
1065
116.5101
717.5985
246.0549
3126.585
2972.963
7179.711
12/3/2026
1067 122.7979006 512.1121739 253.7926633 3569.296482 3019.140537
7477.14
1066
119.6334
502.0491
249.8272
3531.205
2996.079
7398.794
12/4/2026
1068 126.0035968 522.3134822 257.6677149
3606.85397 3043.191573
7556.03
1067
122.7979
512.1122
253.7927
3569.296
3019.141
7477.14
12/5/2026
1069 129.2524839 532.6545978 769.1572588 3645.357459 3066.033008
8142.455
1068
126.0036
522.3135
257.6677
3606.854
3043.192
7556.03
12/6/2026
1070 132.5381911 543.1371363 778.7659388 3683.872921 3089.602768
8227.917
1069
129.2525
532.6546
769.1573
3645.357
3066.033
8142.455
12/7/2026
1071
135.866853 553.7627375 787.9637407 3722.767021 3113.931861
8314.292
1070
132.5382
543.1371
778.7659
3683.873
3089.603
8227.917
12/8/2026
1072 139.2363369
564.533066 797.2707868 3757.843675 3137.004538
8395.888
1071
135.8669
553.7627
787.9637
3722.767
3113.932
8314.292
12/9/2026
1073 142.6465596 575.4498113 806.9630989 3792.133242 3160.828551
8478.021
1072
139.2363
564.5331
797.2708
3757.844
3137.005
8395.888
12/10/2026
1074 146.0974381 586.5146879 816.7678908 3826.759098 3185.435645
8561.575
1073
142.6466
575.4498
806.9631
3792.133
3160.829
8478.021
12/11/2026
1075 149.5888894 597.7294353 826.5194619 3861.451037 3208.738401
8644.027
1074
146.0974
586.5147
816.7679
3826.759
3185.436
8561.575
12/12/2026
1076 153.1208304 609.0958185 836.5246294 3895.865816 3232.816055
8727.423
1075
149.5889
597.7294
826.5195
3861.451
3208.738
8644.027
12/13/2026
1077 156.6931779 620.6156276
846.425504 3930.980369 3257.701103
8812.416
1076
153.1208
609.0958
836.5246
3895.866
3232.816
8727.423
12/14/2026
1078 177.2495398 632.2906787 856.1730163 3965.817429 3281.232765
8912.763
1077
156.6932
620.6156
846.4255
3930.98
3257.701
8812.416
12/15/2026
1079 181.7868922 644.1228132 865.4056185 4001.152745 3305.563451
8998.032
1078
177.2495
632.2907
856.173
3965.817
3281.233
8912.763
12/16/2026
1080 186.3865081 656.1138987 874.9547341 4036.577922 2581.137871
8335.171
1079
181.7869
644.1228
865.4056
4001.153
3305.563
8998.032
12/17/2026
1081 191.0481045 668.2658284 884.3139409 4074.546264 1479.986098
7298.16
1080
186.3865
656.1139
874.9547
4036.578
2581.138
8335.171
12/18/2026
1082 186.6320666 680.5805221 893.8908994 4114.614098 1491.602922
7367.321
1081
191.0481
668.2658
884.3139
4074.546
1479.986
7298.16
12/19/2026
1083 82.27713843 691.4905742 903.4017272 4155.143884 1503.579781
7335.893
1082
186.6321
680.5805
893.8909
4114.614
1491.603
7367.321
12/20/2026
1084 84.89911699 701.9457305
913.091218 4195.690101 1514.967979
7410.594
1083
82.27714
691.4906
903.4017
4155.144
1503.58
7335.893
12/21/2026
1085
87.5633296
712.481701 922.7120986 4237.122893 1526.712355
7486.592
1084
84.89912
701.9457
913.0912
4195.69
1514.968
7410.594
12/22/2026
1086 90.26969319 866.7330326
932.514745 4301.869329 1538.828217
7730.215
1085
87.56333
712.4817
922.7121
4237.123
1526.712
7486.592
12/23/2026
1087
93.0181247 881.6911062 942.7424856 2220.586842 1550.332303
5688.371
1086
90.26969
866.733
932.5147
4301.869
1538.828
7730.215
12/24/2026
1088 95.80854107 896.8158363 953.2239354 2244.953133 1562.203925
5753.005
1087
93.01812
881.6911
942.7425
2220.587
1550.332
5688.371
12/25/2026
1089 98.64085921 912.1086714 963.9635775 2269.108235 1574.458761
5818.28
1088
95.80854
896.8158
953.2239
2244.953
1562.204
5753.005
12/26/2026
1090 101.5149961 927.5710851 974.5735636 2294.779101 1586.078154
5884.517
1089
98.64086
912.1087
963.9636
2269.108
1574.459
5818.28
12/27/2026
1091 104.4308686 943.2045764 985.4751131 2320.176719 1598.076718
5951.364
1090
101.515
927.5711
974.5736
2294.779
1586.078
5884.517
12/28/2026
1092 107.3883937 959.0106695 992.6384101 2345.985023 1610.470501
6015.493
1091
104.4309
943.2046
985.4751
2320.177
1598.077
5951.364
12/29/2026
1093 110.3874883 974.9909147 722.0592958 2372.107823 1622.204617
5801.75
1092
107.3884
959.0107
992.6384
2345.985
1610.471
6015.493
12/30/2026
1094 113.4280694 693.1070959 678.1205585
2397.71101 1634.329817
5516.697
1093
110.3875
974.9909
722.0593
2372.108
1622.205
5801.75
12/31/2026
1095 116.5100538 477.1670577 686.3802511 2422.228776 1646.862528
5349.149
1094
113.4281
693.1071
678.1206
2397.711
1634.33
5516.697
1/1/2027
1096 119.6333586 486.8332666 696.7942999 2486.096626 1658.710778
5448.068
1095
116.5101
477.1671
686.3803
2422.229
1646.863
5349.149
1/2/2027
1097 122.7979006 496.6313554 707.6799931 2922.428164 1670.962309
5920.5
1096
119.6334
486.8333
696.7943
2486.097
1658.711
5448.068
1/3/2027
1098 126.0035968 506.5628192 1226.289252 2949.733734 1683.633927
6492.223
1097
122.7979
496.6314
707.68
2922.428
1670.962
5920.5
1/4/2027
1099 129.2524839 516.6291764
1243.55425 2976.345391 1695.595722
6561.377
1098
126.0036
506.5628
1226.289
2949.734
1683.634
6492.223
1/5/2027
1100 132.5381911 526.8319697 1261.162164 3004.101049 1707.973278
6632.607
1099
129.2525
516.6292
1243.554
2976.345
1695.596
6561.377
1/6/2027
1101
135.866853 537.1727658 1278.825954 3031.328698 1720.783789
6703.978
1100
132.5382
526.832
1261.162
3004.101
1707.973
6632.607
1/7/2027
1102 139.2363369 547.6531556 1295.366786
3058.77681 1732.858534
6773.892
1101
135.8669
537.1728
1278.826
3031.329
1720.784
6703.978
1/8/2027
1103 142.6465596 558.2747546 1311.696595 3086.421908
1745.36181
6844.402
1102
139.2363
547.6532
1295.367
3058.777
1732.859
6773.892
1/9/2027
1104 146.0974381 569.0392026 1328.323494 3114.032427 1758.311202
6915.804
1103
142.6466
558.2748
1311.697
3086.422
1745.362
6844.402
1/10/2027
1105 149.5888894 579.9481643 1345.705941 3142.031415 1770.498299
6987.773
1104
146.0974
569.0392
1328.323
3114.032
1758.311
6915.804
1/11/2027
1106 153.1208304 591.0033291 1363.715648 3170.118137
1783.12699
7061.085
1105
149.5889
579.9482
1345.706
3142.031
1770.498
6987.773
1/12/2027
1107 173.6368687 602.2064115 1381.828876 3197.866989 1796.215254
7151.754
1106
153.1208
591.0033
1363.716
3170.118
1783.127
7061.085
1/13/2027
1108 178.1339807 613.5591511 1399.970534
3226.42327 1808.514102
7226.601
1107
173.6369
602.2064
1381.829
3197.867
1796.215
7151.754
1/14/2027
1109 182.6934391 625.0633127 1418.358583 3254.404734 1821.267903
7301.788
1108
178.134
613.5592
1399.971
3226.423
1808.514
7226.601
1/15/2027
1110 187.3149612 636.7206867 1436.279651 3282.972435 1834.495034
7377.783
1109
182.6934
625.0633
1418.359
3254.405
1821.268
7301.788
1/16/2027
1111 191.9984222 648.5330889 1451.764078 3311.623999 1846.905029
7450.825
1110
187.315
636.7207
1436.28
3282.972
1834.495
7377.783
1/17/2027
1112 187.6042074 660.5023609 1467.260092 3340.456752
1413.77817
7069.602
1111
191.9984
648.5331
1451.764
3311.624
1846.905
7450.825
1/18/2027
1113 83.27106083 672.6303701 1482.945938 3373.736013
0
5612.583
1112
187.6042
660.5024
1467.26
3340.457
1413.778
7069.602
1/19/2027
1114 85.91477941
684.91901 1498.639734 3407.185262
0
5676.659
1113
83.27106
672.6304
1482.946
3373.736
0
5612.583
1/20/2027
1115 88.60069051 697.9589541 1514.483701
3440.72154
0
5741.765
1114
85.91478
684.919
1498.64
3407.185
0
5676.659
1/21/2027
1116 91.32871107 853.0360403
1531.17622 3475.162944
0
5950.704
1115
88.60069
697.959
1514.484
3440.722
0
5741.765
1/22/2027
1117
94.098758 867.9374886 1548.350504 3508.904421
0
6019.291
1116
91.32871
853.036
1531.176
3475.163
0
5950.704
1/23/2027
1118 96.91074826 883.0064673 1565.830891 2797.943722
0
5343.692
1117
94.09876
867.9375
1548.351
3508.904
0
6019.291
1/24/2027
1119 99.76459876 898.2444393 1583.219146
1473.82715
0
4055.055
1118
96.91075
883.0065
1565.831
2797.944
0
5343.692
1/25/2027
1120 102.6602265 913.6528926 1599.531737 1489.724719
0
4105.57
1119
99.7646
898.2444
1583.219
1473.827
0
4055.055
1/26/2027
1121 105.5975483 929.2333407 1615.740889 1508.279039
0
4158.851
1120
102.6602
913.6529
1599.532
1489.725
0
4105.57
1/27/2027
1122 108.5764811 944.9873227 1632.258398 1526.526027
0
4212.348
1121
105.5975
929.2333
1615.741
1508.279
0
4158.851
1/28/2027
1123
111.596942 960.9164034 1648.667543
1545.2918
0
4266.473
1122
108.5765
944.9873
1632.258
1526.526
0
4212.348
1/29/2027
1124 114.6588477 977.0221737 1649.524429 1564.041348
0
4305.247
1123
111.5969
960.9164
1648.668
1545.292
0
4266.473
1/30/2027
1125 117.7621153 993.3062506 992.4029764 1582.815454
0
3686.287
1124
114.6588
977.0222
1649.524
1564.041
0
4305.247
1/31/2027
1126 120.9066617 1009.770277 707.7884628 1600.796778
0
3439.262
1125
117.7621
993.3063
992.403
1582.815
0
3686.287
2/1/2027
1127 124.0924038 728.3761311 718.9312164 1616.926955
0
3188.327
1126
120.9067
1009.77
707.7885
1600.797
0
3439.262
2/2/2027
1128 127.3192586 512.9317514 730.0859442 1631.300714
0
3001.638
1127
124.0924
728.3761
718.9312
1616.927
0
3188.327
2/3/2027
1129 130.5892627 523.0996994 741.5360194 2085.216357
0
3480.441
1128
127.3193
512.9318
730.0859
1631.301
0
3001.638
2/4/2027
1130 133.8960454 533.4057037 752.9962134 3022.015105
0
4442.313
1129
130.5893
523.0997
741.536
2085.216
0
3480.441
2/5/2027
1131 137.2457413 543.8513551 1270.237812 3051.766826
0
5003.102
1130
133.896
533.4057
752.9962
3022.015
0
4442.313
2/6/2027
1132 140.6362176 554.4382691 1286.420841 3082.692636
0
5064.188
1131
137.2457
543.8514
1270.238
3051.767
0
5003.102
2/7/2027
1133 144.0673912 565.1680855 1302.892465 3112.746248
0
5124.874
1132
140.6362
554.4383
1286.421
3082.693
0
5064.188
2/8/2027
1134 147.5391791 576.0424691 1320.118884 3143.647755
0
5187.348
1133
144.0674
565.1681
1302.892
3112.746
0
5124.874
2/9/2027
1135 151.0514982 587.0631091
1337.97264
3174.13035
0
5250.218
1134
147.5392
576.0425
1320.119
3143.648
0
5187.348
2/10/2027
1136 154.6042654 598.2317202 1355.970095 3204.825458
0
5313.632
1135
151.0515
587.0631
1337.973
3174.13
0
5250.218
2/11/2027
1137 158.1973977 609.5500419 1374.167109 3236.022285
0
5377.937
1136
154.6043
598.2317
1355.97
3204.825
0
5313.632
2/12/2027
1138
161.830812
621.019839 1392.546802 3267.593357
0
5442.991
1137
158.1974
609.55
1374.167
3236.022
0
5377.937
2/13/2027
1139 165.5044252 632.6429019 1410.559264 3298.351896
0
5507.058
1138
161.8308
621.0198
1392.547
3267.593
0
5442.991
2/14/2027
1140 186.1618452 644.4210464 1426.004954 3330.309981
0
5586.898
1139
165.5044
632.6429
1410.559
3298.352
0
5507.058
2/15/2027
1141 190.8000479 656.3561142
1441.39462 3361.041437
0
5649.592
1140
186.1618
644.421
1426.005
3330.31
0
5586.898
2/16/2027
1142 186.3608164 668.4499726
1456.94456 3393.470423
0
5705.226
1141
190.8
656.3561
1441.395
3361.041
0
5649.592
2/17/2027
1143 81.98273603 680.7045151 1472.510001 3428.378518
0
5663.576
1142
186.3608
668.45
1456.945
3393.47
0
5705.226
2/18/2027
1144 84.58160396 693.1216612 1488.218122 3467.273577
0
5733.195
1143
81.98274
680.7045
1472.51
3428.379
0
5663.576
2/19/2027
1145 87.22274747 704.7227594 1504.074461 3508.399333
0
5804.419
1144
84.5816
693.1217
1488.218
3467.274
0
5733.195
2/20/2027
1146
89.9060835 859.3107992 1519.940455 3078.688465
0
5547.846
1145
87.22275
704.7228
1504.074
3508.399
0
5804.419
2/21/2027
1147 92.63152898 874.2589642 1536.002718 2506.968503
0
5009.862
1146
89.90608
859.3108
1519.94
3078.688
0
5547.846
2/22/2027
1148 95.39900085 889.3748127 1552.038318 2541.172315
0
5077.984
1147
92.63153
874.259
1536.003
2506.969
0
5009.862
2/23/2027
1149 98.20841603
904.65981 1567.225416 2575.583698
0
5145.677
1148
95.399
889.3748
1552.038
2541.172
0
5077.984
2/24/2027
1150 101.0596915
920.115447 1583.170905 2610.949962 679.6368768
5894.933
1149
98.20842
904.6598
1567.225
2575.584
0
5145.677
2/25/2027
1151 103.9527441 935.7432398 1599.396387 2645.018252 1232.323246
6516.434
1150
101.0597
920.1154
1583.171
2610.95
679.6369
5894.933
2/26/2027
1152 106.8874908 951.5447303 1615.510595 2679.757445 1242.985546
6596.686
1151
103.9527
935.7432
1599.396
2645.018
1232.323
6516.434
2/27/2027
1153 109.8638486 967.5214861 1607.467861 2719.516746 1253.691221
6658.061
1152
106.8875
951.5447
1615.511
2679.757
1242.986
6596.686
2/28/2027
1154 112.8817344 983.6751006 956.5048635 2763.580699 1264.693847
6081.336
1153
109.8638
967.5215
1607.468
2719.517
1253.691
6658.061
3/1/2027
1155 115.9410651 1000.007194 669.1074501 2808.520604 1275.235849
5868.812
1154
112.8817
983.6751
956.5049
2763.581
1264.694
6081.336
3/2/2027
1156 119.0417576 718.4796195 677.2925425 2853.781374 1286.071475
5654.667
1155
115.9411
1000.007
669.1075
2808.521
1275.236
5868.812
3/3/2027
1157 122.1837289 502.9002929
685.539749 2899.786119 1296.950342
5507.36
1156
119.0418
718.4796
677.2925
2853.781
1286.071
5654.667
3/4/2027
1158 125.3690157 512.9317514 695.9411491 3376.405203 1307.872416
6018.52
1157
122.1837
502.9003
685.5397
2899.786
1296.95
5507.36
3/5/2027
1159 128.5912472 523.0996994 706.8140298 4335.971721 1318.837664
7013.314
1158
125.369
512.9318
695.9411
3376.405
1307.872
6018.52
3/6/2027
1160 131.8565581 533.4057037
1224.30466 4382.429747
1330.11983
7602.116
1159
128.5912
523.0997
706.814
4335.972
1318.838
7013.314
3/7/2027
1161 135.1628155 543.8513551 1241.609246 4425.703131 1340.901012
7687.228
1160
131.8566
533.4057
1224.305
4382.43
1330.12
7602.116
3/8/2027
1162 138.5099363 554.4382691 1259.198451 4469.053096 1351.995612
7773.195
1161
135.1628
543.8514
1241.609
4425.703
1340.901
7687.228
3/9/2027
1163 141.8978376 565.1680855 1276.843371 4513.533386 1363.133253
7860.576
1162
138.5099
554.4383
1259.198
4469.053
1351.996
7773.195
3/10/2027
1164 145.3264362 576.0424691 1293.771899 4557.239867 1374.313902
7946.695
1163
141.8978
565.1681
1276.843
4513.533
1363.133
7860.576
3/11/2027
1165 148.7956491 587.0631091 1310.094126 4601.530228 1385.537525
8033.021
1164
145.3264
576.0425
1293.772
4557.24
1374.314
7946.695
3/12/2027
1166 152.3053931 598.2317202 1326.713456 4645.976358 1397.099073
8120.326
1165
148.7956
587.0631
1310.094
4601.53
1385.538
8033.021
3/13/2027
1167 155.8555853 609.5500419 1344.088345 4690.699747 1408.117198
8208.311
1166
152.3054
598.2317
1326.713
4645.976
1397.099
8120.326
3/14/2027
1168 159.4461426
621.019839 1362.090505
4735.52115 1419.469573
8297.547
1167
155.8556
609.55
1344.088
4690.7
1408.117
8208.311
3/15/2027
1169 174.3187055 632.6429019 1380.196198
4780.84787 1430.864789
8398.87
1168
159.4461
621.0198
1362.091
4735.521
1419.47
8297.547
3/16/2027
1170 178.5764884 644.4210464 1398.330332 4825.782706 1442.302813
8489.413
1169
174.3187
632.6429
1380.196
4780.848
1430.865
8398.87
3/17/2027
1171 173.7496167 656.3561142 1416.710869 4871.677251 1453.783611
8572.277
1170
178.5765
644.421
1398.33
4825.783
1442.303
8489.413
3/18/2027
1172 68.97668983 668.4499726 1434.624437
4917.09583
1465.62441
8554.771
1171
173.7496
656.3561
1416.711
4871.677
1453.784
8572.277
3/19/2027
1173 71.17374875 680.7045151 1450.101374 4969.953745 1476.877214
8648.811
1172
68.97669
668.45
1434.624
4917.096
1465.624
8554.771
3/20/2027
1174 73.40546162 693.1216612 1465.589911 5028.302271 1488.486165
8748.905
1173
71.17375
680.7045
1450.101
4969.954
1476.877
8648.811
3/21/2027
1175 75.67241671 847.7684528 1481.268291 5084.154542 1500.137757
8989.001
1174
73.40546
693.1217
1465.59
5028.302
1488.486
8748.905
3/22/2027
1176 77.97433079 862.5859145 1496.954633
5140.29763 1511.831956
9089.644
1175
75.67242
847.7685
1481.268
5084.155
1500.138
8989.001
3/23/2027
1177 80.31143517 877.5695658 1512.791157 5202.617238 1523.905388
9197.195
1176
77.97433
862.5859
1496.955
5140.298
1511.832
9089.644
3/24/2027
1178 82.68277913 892.7208471 1528.762601 4270.291521 1535.352016
8309.81
1177
80.31144
877.5696
1512.791
5202.617
1523.905
9197.195
3/25/2027
1179 85.08915637 908.0412239 1545.842682 4222.795518 1547.173869
8308.942
1178
82.68278
892.7208
1528.763
4270.292
1535.352
8309.81
3/26/2027
1180 87.53021619 923.5321869 1563.291159 4271.686737 1559.038196
8405.078
1179
85.08916
908.0412
1545.843
4222.796
1547.174
8308.942
3/27/2027
1181 90.00627364 939.1952523 1580.647109 4320.430539 1977.805607
8908.085
1180
87.53022
923.5322
1563.291
4271.687
1559.038
8405.078
3/28/2027
1182 92.51613027
955.031962 1596.927001 4375.296003 2809.471954
9829.243
1181
90.00627
939.1953
1580.647
4320.431
1977.806
8908.085
3/29/2027
1183 95.06082411 971.0438835 1613.103052 4433.623626 2832.462765
9945.294
1182
92.51613
955.032
1596.927
4375.296
2809.472
9829.243
3/30/2027
1184 97.63992413 987.2326104 1629.587056 4493.400958 2854.821546
10062.68
1183
95.06082
971.0439
1613.103
4433.624
2832.463
9945.294
3/31/2027
1185 100.2538434 1003.599762
1645.96229 4553.382763 2877.874697
10181.07
1184
97.63992
987.2326
1629.587
4493.401
2854.822
10062.68
4/1/2027
1186 102.9010931 722.1071937 1662.599281 4613.874103 2900.512961
10001.99
1185
100.2538
1003.6
1645.962
4553.383
2877.875
10181.07
4/2/2027
1187
105.582998 506.5628192 1033.697409 4665.814193 2923.485386
9235.143
1186
102.9011
722.1072
1662.599
4613.874
2900.513
10001.99
4/3/2027
1188 108.2990327 516.6291764 705.5568682 4717.521497 2946.543272
8994.55
1187
105.583
506.5628
1033.697
4665.814
2923.485
9235.143
4/4/2027
1189
111.049128 526.8319697 716.6661668 4763.315619 2970.072957
9087.936
1188
108.299
516.6292
705.5569
4717.521
2946.543
8994.55
4/5/2027
1190 113.8338413 537.1727658 1234.755208 4806.041259 2992.919517
9684.723
1189
111.0491
526.832
716.6662
4763.316
2970.073
9087.936
4/6/2027
1191
116.653376 547.6531556
1252.30685 5286.805941 3016.505374
10219.92
1190
113.8338
537.1728
1234.755
4806.041
2992.92
9684.723
4/7/2027
1192 119.5031916 558.2747546 1269.889356
6250.53307 3039.635965
11237.84
1191
116.6534
547.6532
1252.307
5286.806
3016.505
10219.92
4/8/2027
1193 122.3888412 569.0392026 1287.358462 6308.794782 3063.120221
11350.7
1192
119.5032
558.2748
1269.889
6250.533
3039.636
11237.84
4/9/2027
1194 125.3089666 579.9481643 1303.634257 6368.089575 3086.689539
11463.67
1193
122.3888
569.0392
1287.358
6308.795
3063.12
11350.7
4/10/2027
1195 128.2612532 591.0033291
1320.22269 6427.638928 3110.756868
11577.88
1194
125.309
579.9482
1303.634
6368.09
3086.69
11463.67
4/11/2027
1196 131.2478422 602.2064115 1337.550766 6486.940482 3134.087644
11692.03
1195
128.2613
591.0033
1320.223
6427.639
3110.757
11577.88
4/12/2027
1197
134.267939 613.5591511 1355.522066 6547.694176 3158.204848
11809.25
1196
131.2478
602.2064
1337.551
6486.94
3134.088
11692.03
4/13/2027
1198 137.3223874 625.0633127 1373.621504 6607.266362 3181.824332
11925.1
1197
134.2679
613.5592
1355.522
6547.694
3158.205
11809.25
4/14/2027
1199 151.6501446 636.7206867 1391.895869 6667.924013 3205.818021
12054.01
1198
137.3224
625.0633
1373.622
6607.266
3181.824
11925.1
4/15/2027
1200 155.3570963 648.5330889
1410.16588 6728.981701 3229.896371
12172.93
1199
151.6501
636.7207
1391.896
6667.924
3205.818
12054.01
4/16/2027
1201 159.1119992 660.5023609 1428.148337 6789.507791 3089.838883
12127.11
1200
155.3571
648.5331
1410.166
6728.982
3229.896
12172.93
4/17/2027
1202 162.9156821 672.6303701 1443.488889 6851.417318 2342.555465
11473.01
1201
159.112
660.5024
1428.148
6789.508
3089.839
12127.11
4/18/2027
1203 166.7650723
684.91901 1459.050045 6912.708104 1874.143848
11097.59
1202
162.9157
672.6304
1443.489
6851.417
2342.555
11473.01
4/19/2027
1204 161.5230711 697.9589541
1474.58834 6974.280275 1470.606802
10778.96
1203
166.7651
684.919
1459.05
6912.708
1874.144
11097.59
4/20/2027
1205 56.32806853
709.990347 1490.351121 7036.850257 1482.192045
10775.71
1204
161.5231
697.959
1474.588
6974.28
1470.607
10778.96
4/21/2027
1206 58.09567538
721.61668 1506.043769
7103.44099 1493.819943
10883.02
1205
56.32807
709.9903
1490.351
7036.85
1482.192
10775.71
4/22/2027
1207 59.89287362 733.3750571
1522.10114 7175.325155 1505.490461
10996.18
1206
58.09568
721.6167
1506.044
7103.441
1493.82
10883.02
4/23/2027
1208 61.71480006
888.312688
1538.30335 7247.425154 1517.538132
11253.29
1207
59.89287
733.3751
1522.101
7175.325
1505.49
10996.18
4/24/2027
1209
63.5661377 903.6148427 1555.732016 6568.665264 1528.963182
10620.54
1208
61.7148
888.3127
1538.303
7247.425
1517.538
11253.29
4/25/2027
1210 65.44527462 919.0891525
1573.02337 4205.026966 1540.761394
8303.346
1209
63.56614
903.6148
1555.732
6568.665
1528.963
10620.54
4/26/2027
1211 67.35408421 934.7371564 1589.256664 4254.150989 1552.602093
8398.101
1210
65.44527
919.0892
1573.023
4205.027
1540.761
8303.346
4/27/2027
1212 69.28680685 950.5604194 1605.367216 4303.802758 1564.485246
8493.502
1211
67.35408
934.7372
1589.257
4254.151
1552.602
8398.101
4/28/2027
1213 71.24901308 966.5605322 1621.804125 4353.222789
1576.41082
8589.247
1212
69.28681
950.5604
1605.367
4303.803
1564.485
8493.502
4/29/2027
1214 73.23879804 982.7391117 1638.112938
4402.35693 3145.052651
10241.5
1213
71.24901
966.5605
1621.804
4353.223
1576.411
8589.247
4/30/2027
1215 75.25837391 999.0978012 1654.702323 4454.995962 2879.588367
10063.64
1214
73.2388
982.7391
1638.113
4402.357
3145.053
10241.5
5/1/2027
1216 77.30097432 717.5984784
1124.48402 4513.860313 2902.244965
9335.489
1215
75.25837
999.0978
1654.702
4454.996
2879.588
10063.64
5/2/2027
1217 79.37316711 502.0490822 695.9056694 4573.635217 2925.231332
8776.194
1216
77.30097
717.5985
1124.484
4513.86
2902.245
9335.489
5/3/2027
1218 81.47271809 512.1121739 706.7780172 4634.008965 2948.560404
8882.932
1217
79.37317
502.0491
695.9057
4573.635
2925.231
8776.194
5/4/2027
1219 83.60162189 522.3134822
717.905628 4695.146796 2971.463431
8990.431
1218
81.47272
512.1122
706.778
4634.009
2948.56
8882.932
5/5/2027
1220 85.75437048 532.6545978 1234.803247 5185.364154 2995.353853
10033.93
1219
83.60162
522.3135
717.9056
4695.147
2971.463
8990.431
5/6/2027
1221 87.93507228 543.1371363 1252.429192
6154.12544 3018.040925
11055.67
1220
85.75437
532.6546
1234.803
5185.364
2995.354
10033.93
5/7/2027
1222 90.14350726 553.7627375 1270.026436 6217.799254 3041.453562
11173.19
1221
87.93507
543.1371
1252.429
6154.125
3018.041
11055.67
5/8/2027
1223 92.37902475
564.533066 1286.937662 6276.565881 3065.225463
11285.64
1222
90.14351
553.7627
1270.026
6217.799
3041.454
11173.19
5/9/2027
1224
94.6447459 575.4498113 1303.210687 6335.664022 3088.537336
11397.51
1223
92.37902
564.5331
1286.938
6276.566
3065.225
11285.64
5/10/2027
1225 96.93120104 586.5146879 1319.796353 6394.799512 3112.204903
11510.25
1224
94.64475
575.4498
1303.211
6335.664
3088.537
11397.51
5/11/2027
1226
99.247638 597.7294353 1337.121666 6454.752297 3136.652633
11625.5
1225
96.9312
586.5147
1319.796
6394.8
3112.205
11510.25
5/12/2027
1227 101.5909369 609.0958185 1355.090207 6514.013831 3159.802553
11739.59
1226
99.24764
597.7294
1337.122
6454.752
3136.653
11625.5
5/13/2027
1228 103.9646933 620.6156276
1373.18689 6574.270464 3183.724477
11855.76
1227
101.5909
609.0958
1355.09
6514.014
3159.803
11739.59
5/14/2027
1229 106.3580259 632.2906787 1391.458504 6634.875979 3208.026493
11973.01
1228
103.9647
620.6156
1373.187
6574.27
3183.724
11855.76
5/15/2027
1230 114.4674743 644.1228132 1409.725767 6695.000357 3231.825792
12095.14
1229
106.358
632.2907
1391.459
6634.876
3208.026
11973.01
5/16/2027
1231 117.2143525 656.1138987 1427.705482
6756.33522 3256.001436
12213.37
1230
114.4675
644.1228
1409.726
6695
3231.826
12095.14
5/17/2027
1232 119.9997105 668.2658284 1443.043294 6817.325345 3281.006302
12329.64
1231
117.2144
656.1139
1427.705
6756.335
3256.001
12213.37
5/18/2027
1233
116.746543 680.5805221 1458.601714 6878.498574 2693.771942
11828.2
1232
119.9997
668.2658
1443.043
6817.325
3281.006
12329.64
5/19/2027
1234 47.18427975 691.4905742 1474.137278 6940.748627 2389.719716
11543.28
1233
116.7465
680.5805
1458.602
6878.499
2693.772
11828.2
5/20/2027
1235
48.5908913 701.9457305 1489.897331 7003.714261 1504.416375
10748.56
1234
47.18428
691.4906
1474.137
6940.749
2389.72
11543.28
5/21/2027
1236 50.01793235
712.481701 1505.587255 7075.099624 1515.807433
10858.99
1235
48.59089
701.9457
1489.897
7003.714
1504.416
10748.56
5/22/2027
1237 51.46739293
818.594456 1521.641907 7146.651125
1527.55493
11065.91
1236
50.01793
712.4817
1505.587
7075.1
1515.807
10858.99
5/23/2027
1238 52.93537565 832.4503686 1537.480217 6370.972049 1539.674184
10333.51
1237
51.46739
818.5945
1521.642
7146.651
1527.555
11065.91
5/24/2027
1239
54.4248327 846.4609957 1554.397827 4102.611633 1551.181117
8109.076
1238
52.93538
832.4504
1537.48
6370.972
1539.674
10333.51
5/25/2027
1240 55.93531016 860.6278036
1571.65974
4150.89333 1563.055856
8202.172
1239
54.42483
846.461
1554.398
4102.612
1551.181
8109.076
5/26/2027
1241 57.46839122 874.9522841 1587.863154 4200.197202 1575.314085
8295.795
1240
55.93531
860.6278
1571.66
4150.893
1563.056
8202.172
5/27/2027
1242 59.01839564
889.435954 1603.943385 4249.693056 1586.936313
8389.027
1241
57.46839
874.9523
1587.863
4200.197
1575.314
8295.795
5/28/2027
1243 60.59084269 904.0803556 1620.349525 4298.189087 3155.696864
10038.91
1242
59.0184
889.436
1603.943
4249.693
1586.936
8389.027
5/29/2027
1244 62.18429374 918.8870571
1636.62712 4347.559006 2890.861949
9856.119
1243
60.59084
904.0804
1620.35
4298.189
3155.697
10038.91
5/30/2027
1245 63.79922352 635.8178604 1653.184832 4405.329318 2913.204077
9671.335
1244
62.18429
918.8871
1636.627
4347.559
2890.862
9856.119
5/31/2027
1246 65.43154377 418.6806281 1024.996328 4464.675127 2936.225146
8910.009
1245
63.79922
635.8179
1653.185
4405.329
2913.204
9671.335
6/1/2027
1247 67.08654397 427.1378447 693.5058037 4524.228178 2959.954567
8671.913
1246
65.43154
418.6806
1024.996
4464.675
2936.225
8910.009
6/2/2027
1248 68.76096061
435.715161
704.342076 4584.742566 2982.530479
8776.091
1247
67.08654
427.1378
693.5058
4524.228
2959.955
8671.913
6/3/2027
1249 70.45827427 444.4140899 1221.209125 4642.052072 3006.071256
9384.205
1248
68.76096
435.7152
704.3421
4584.743
2982.53
8776.091
6/4/2027
1250 72.17247751 453.2361679 1238.503025 5131.574669 3029.550595
9925.037
1249
70.45827
444.4141
1221.209
4642.052
3006.071
9384.205
6/5/2027
1251 73.90778396 462.1829558
1256.052 6103.114137
3052.62325
10947.88
1250
72.17248
453.2362
1238.503
5131.575
3029.551
9925.037
6/6/2027
1252 75.66389662
471.256038 1273.655523 6161.059656 3076.429242
11058.06
1251
73.90778
462.183
1256.052
6103.114
3052.623
10947.88
6/7/2027
1253 77.44089962 480.4570236 1291.593869 6219.336541 3100.166204
11168.99
1252
75.6639
471.256
1273.656
6161.06
3076.429
11058.06
6/8/2027
1254
79.2391272
489.787546 1308.008941 6278.663327 3123.480561
11279.18
1253
77.4409
480.457
1291.594
6219.337
3100.166
11168.99
6/9/2027
1255 81.05413636
499.249263
1324.61907 6337.304488 3147.551417
11389.78
1254
79.23913
489.7875
1308.009
6278.663
3123.481
11279.18
6/10/2027
1256 82.89007433 508.8438571 1341.984771
6396.7041 3171.545425
11501.97
1255
81.05414
499.2493
1324.619
6337.304
3147.551
11389.78
6/11/2027
1257 84.74677065
518.573036 1359.977758 6456.351372 3195.100583
11614.75
1256
82.89007
508.8439
1341.985
6396.704
3171.545
11501.97
6/12/2027
1258 86.62706927 528.4385319 1378.074291 6515.968443 3219.435957
11728.54
1257
84.74677
518.573
1359.978
6456.351
3195.101
11614.75
6/13/2027
1259 88.52022053 538.4421025 1396.199281 6576.895056 3243.686433
11843.74
1258
86.62707
528.4385
1378.074
6515.968
3219.436
11728.54
6/14/2027
1260 90.43676935 548.5855306 1414.570687 6636.565621 3267.481485
11957.64
1259
88.52022
538.4421
1396.199
6576.895
3243.686
11843.74
6/15/2027
1261 92.37418085 558.8706245 1432.475139 6697.403312 3292.081033
12073.2
1260
90.43677
548.5855
1414.571
6636.566
3267.481
11957.64
6/16/2027
1262 94.33255701 569.2992181 1447.942974 6758.400151 3316.587402
12186.56
1261
92.37418
558.8706
1432.475
6697.403
3292.081
12073.2
6/17/2027
1263 90.24176872 579.8731708 1463.422423 6819.484838 3340.621438
12293.64
1262
94.33256
569.2992
1447.943
6758.4
3316.587
12186.56
6/18/2027
1264 19.82772022 590.5943681 1479.091729 6881.410553 2786.648043
11757.57
1263
90.24177
579.8732
1463.422
6819.485
3340.621
12293.64
6/19/2027
1265 20.36604518 601.4647214 1494.769011 6947.232262 1516.167268
10580
1264
19.82772
590.5944
1479.092
6881.411
2786.648
11757.57
6/20/2027
1266 26.59823535 612.8767913
1510.59649 7017.958191 1527.916104
10695.95
1265
20.36605
601.4647
1494.769
6947.232
1516.167
10580
6/21/2027
1267 27.44936508 718.0426215 1526.558903 7089.847064 1540.036812
10901.93
1266
26.59824
612.8768
1510.596
7017.958
1527.916
10695.95
6/22/2027
1268 28.31257936 730.0409656 1543.210144 7161.951289 1551.544965
11015.06
1267
27.44937
718.0426
1526.559
7089.847
1540.037
10901.93
6/23/2027
1269 29.19083413 742.1661833 1560.636681 7234.677884 1563.421039
11130.09
1268
28.31258
730.041
1543.21
7161.951
1551.545
11015.06
6/24/2027
1270 30.08487681 754.4192964 1577.970492 7307.708596 1575.680723
11245.86
1269
29.19083
742.1662
1560.637
7234.678
1563.421
11130.09
6/25/2027
1271 30.99049841 766.8013448 1594.228041 7350.386716 1587.304166
11329.71
1270
30.08488
754.4193
1577.97
7307.709
1575.681
11245.86
6/26/2027
1272
31.911138 779.3133857 1610.381547 4311.981967 1599.307174
8332.895
1271
30.9905
766.8013
1594.228
7350.387
1587.304
11329.71
6/27/2027
1273 32.84769658 791.9564947
1626.8428 4321.773469 1611.705808
8385.126
1272
31.91114
779.3134
1610.382
4311.982
1599.307
8332.895
6/28/2027
1274 33.79546903
804.731765 1643.195074 4373.802538 1623.443957
8478.969
1273
32.8477
791.9565
1626.843
4321.773
1611.706
8385.126
6/29/2027
1275 34.75823558 817.6403081 1659.808895 4432.171892 1635.573593
8579.953
1274
33.79547
804.7318
1643.195
4373.803
1623.444
8478.969
6/30/2027
1276 35.73707189 830.6832538 1229.353003 4491.770504 3200.878664
9788.422
1275
34.75824
817.6403
1659.809
4432.172
1635.574
8579.953
7/1/2027
1277 36.72673874 843.8617502 704.3777147 4551.634901 2936.506822
9073.108
1276
35.73707
830.6833
1229.353
4491.771
3200.879
9788.422
7/2/2027
1278 37.73328833
559.137172 715.4693186 4612.587433 2959.356646
8884.284
1277
36.72674
843.8618
704.3777
4551.635
2936.507
9073.108
7/3/2027
1279 38.75033583
340.316947 726.5722384 4666.412291 2982.913705
8754.966
1278
37.73329
559.1372
715.4693
4612.587
2959.357
8884.284
7/4/2027
1280 39.78355503 347.0631175 737.9698415 5153.011952
3006.05975
9283.888
1279
38.75034
340.3169
726.5722
4666.412
2982.914
8754.966
7/5/2027
1281 40.83191978 353.9008847 749.3768931 6114.053357 3029.155297
10287.32
1280
39.78356
347.0631
737.9698
5153.012
3006.06
9283.888
7/6/2027
1282
41.8903594 360.8313042 1268.306146 6171.661471 3053.243746
10895.93
1281
40.83192
353.9009
749.3769
6114.053
3029.155
10287.32
7/7/2027
1283
42.9651654 367.8554477 1284.554828 6230.698087 3076.115546
11002.19
1282
41.89036
360.8313
1268.306
6171.661
3053.244
10895.93
7/8/2027
1284 44.05510023 374.9744033 1301.018847 6289.499965 3099.719153
11109.27
1283
42.96517
367.8554
1284.555
6230.698
3076.116
11002.19
7/9/2027
1285 45.15466684 382.1892754 1318.237674 6348.380084 3124.085676
11218.05
1284
44.0551
374.9744
1301.019
6289.5
3099.719
11109.27
7/10/2027
1286 46.27081738
389.501185
1336.08385 6407.979018 3147.188582
11327.02
1285
45.15467
382.1893
1318.238
6348.38
3124.086
11218.05
7/11/2027
1287 47.40207717 396.9112695 1354.073737 6467.089599 3171.046383
11436.52
1286
46.27082
389.5012
1336.084
6407.979
3147.189
11327.02
7/12/2027
1288
48.5425052 404.4206831 1372.263195 6527.697068 3195.690928
11548.61
1287
47.40208
396.9113
1354.074
6467.09
3171.046
11436.52
7/13/2027
1289 49.69975846 412.0305968 1390.635343 6587.694861 3219.023775
11659.08
1288
48.54251
404.4207
1372.263
6527.697
3195.691
11548.61
7/14/2027
1290 50.87209812 419.7421983 1408.640273 6647.802339 3243.135158
11770.19
1289
49.69976
412.0306
1390.635
6587.695
3219.024
11659.08
7/15/2027
1291 52.05388209 427.5566925 1424.078442 6708.849525 3268.057677
11880.6
1290
50.8721
419.7422
1408.64
6647.802
3243.135
11770.19
7/16/2027
1292 53.25047553 435.4753012
1439.4606
6769.27314 3291.619293
11989.08
1291
52.05388
427.5567
1424.078
6708.85
3268.058
11880.6
7/17/2027
1293 54.46441058 443.4992633 1455.003044 6831.214437 2680.198784
11464.38
1292
53.25048
435.4753
1439.461
6769.273
3291.619
11989.08
7/18/2027
1294 52.61967336 451.6298352 1470.561001 6892.760642 1466.706393
10334.28
1293
54.46441
443.4993
1455.003
6831.214
2680.199
11464.38
7/19/2027
1295
17.2333492 459.8682905
1486.26165 6953.819793 1477.971153
10395.15
1294
52.61967
451.6298
1470.561
6892.761
1466.706
10334.28
7/20/2027
1296 17.73809693
467.565319 1502.110528 7023.666492 1489.580383
10500.66
1295
17.23335
459.8683
1486.262
6953.82
1477.971
10395.15
7/21/2027
1297 18.25080014 475.2233672 1517.969074 7094.738678 1501.549006
10607.73
1296
17.7381
467.5653
1502.111
7023.666
1489.58
10500.66
7/22/2027
1298 18.76850071 530.9703826 1534.023901 7167.149684
1512.93026
10763.84
1297
18.2508
475.2234
1517.969
7094.739
1501.549
10607.73
7/23/2027
1299
19.2940867 539.9018983 1550.052077 7239.478718 1524.667055
10873.39
1298
18.7685
530.9704
1534.024
7167.15
1512.93
10763.84
7/24/2027
1300 19.82772022 548.9340392 1565.395074 7311.889367 1536.774678
10982.82
1299
19.29409
539.9019
1550.052
7239.479
1524.667
10873.39
7/25/2027
1301 20.36604518 558.0678122 1581.338225 5325.845281 1548.271849
9033.889
1300
19.82772
548.934
1565.395
7311.889
1536.775
10982.82
7/26/2027
1302 20.91234387 567.3042405 1597.561466 4261.813995 1560.135903
8007.728
1301
20.36605
558.0678
1581.338
5325.845
1548.272
9033.889
7/27/2027
1303 21.46679366 576.6443648 1613.673529 4310.913118 1572.382497
8095.08
1302
20.91234
567.3042
1597.561
4261.814
1560.136
8007.728
7/28/2027
1304 22.02560611 586.0892425
1630.04575 4359.924506 1583.995003
8182.08
1303
21.46679
576.6444
1613.674
4310.913
1572.382
8095.08
7/29/2027
1305 22.59249197 595.6399485 1194.406131 4414.846509
3143.58823
9371.073
1304
22.02561
586.0892
1630.046
4359.925
1583.995
8182.08
7/30/2027
1306 23.16764444 605.2975749 669.5489069 4474.031207 2881.052716
8653.098
1305
22.59249
595.6399
1194.406
4414.847
3143.588
9371.073
7/31/2027
1307 23.74680704 417.3215401 677.7406706 4533.484677 2903.359157
8555.653
1306
23.16764
605.2976
669.5489
4474.031
2881.053
8653.098
8/1/2027
1308 24.33415451 273.0890009 685.9946354 4594.015453 2926.341613
8503.775
1307
23.74681
417.3215
677.7407
4533.485
2903.359
8555.653
8/2/2027
1309 24.92989657 278.5319381 696.4028818
5088.8852 2950.029395
9038.779
1308
24.33415
273.089
685.9946
4594.015
2926.342
8503.775
8/3/2027
1310 25.52927146
284.054007 707.2826976 6053.437194 2972.569761
10042.87
1309
24.9299
278.5319
696.4029
5088.885
2950.029
9038.779
8/4/2027
1311
26.136955 289.6562649 1054.160571 6121.223002 2996.069909
10487.25
1310
25.52927
284.054
707.2827
6053.437
2972.57
10042.87
8/5/2027
1312 26.75317401 295.3397846 1069.391015 6181.549504 3019.511762
10592.55
1311
26.13696
289.6563
1054.161
6121.223
2996.07
10487.25
8/6/2027
1313
27.3726229 301.1056556 1084.957049 6240.432836 3042.546931
10696.42
1312
26.75317
295.3398
1069.391
6181.55
3019.512
10592.55
8/7/2027
1314 28.00243138 306.9549833 1100.535712
6299.36495 3066.312306
10801.17
1313
27.37262
301.1057
1084.957
6240.433
3042.547
10696.42
8/8/2027
1315 28.63518636 312.8888897 1115.242441 6358.361271 3090.011876
10905.14
1314
28.00243
306.955
1100.536
6299.365
3066.312
10801.17
8/9/2027
1316 29.27648487 318.9085133
1129.47288 6417.799915 3113.288837
11008.75
1315
28.63519
312.8889
1115.242
6358.361
3090.012
10905.14
8/10/2027
1317 29.92658367
325.015009 1144.016899 6477.255581 3137.319089
11113.53
1316
29.27648
318.9085
1129.473
6417.8
3113.289
11008.75
8/11/2027
1318 30.57918109 331.2095485 1159.271029 6537.842588 3161.275801
11220.18
1317
29.92658
325.015
1144.017
6477.256
3137.319
11113.53
8/12/2027
1319 31.24048089 337.4933204 1175.222451 6597.597313 3184.793651
11326.35
1318
30.57918
331.2095
1159.271
6537.843
3161.276
11220.18
8/13/2027
1320 31.91075863 343.8675299 1191.186184 6658.135927 3209.088432
11434.19
1319
31.24048
337.4933
1175.222
6597.597
3184.794
11326.35
8/14/2027
1321 32.58305893 350.3333993 1207.212962 6718.923437 3233.301709
11542.35
1320
31.91076
343.8675
1191.186
6658.136
3209.088
11434.19
8/15/2027
1322 33.26423448
356.892168 1223.368784 6779.716988 3257.059543
11650.3
1321
32.58306
350.3334
1207.213
6718.923
3233.302
11542.35
8/16/2027
1323 33.95458028 363.5450925 1239.226485 6841.553762 3281.618508
11759.9
1322
33.26423
356.8922
1223.369
6779.717
3257.06
11650.3
8/17/2027
1324
34.6464434 370.2934466
1252.45722 6902.984252 3306.087773
11866.47
1323
33.95458
363.5451
1239.226
6841.554
3281.619
11759.9
8/18/2027
1325 35.34736914 377.1385213 1265.816569 6971.726416 3330.084682
11980.11
1324
34.64644
370.2934
1252.457
6902.984
3306.088
11866.47
8/19/2027
1326 36.05767258 383.0404012 1279.216765 7043.219364 3231.215293
11972.75
1325
35.34737
377.1385
1265.817
6971.726
3330.085
11980.11
8/20/2027
1327 36.76895801 388.8268054 1292.781092 7114.816498
1508.73921
10341.93
1326
36.05767
383.0404
1279.217
7043.219
3231.215
11972.75
8/21/2027
1328 37.48950841 394.7886002 1306.369529 7187.468839 1520.460395
10446.58
1327
36.76896
388.8268
1292.781
7114.816
1508.739
10341.93
8/22/2027
1329 38.21965954 400.8096755 1320.287185 7259.951923 1532.551057
10551.82
1328
37.48951
394.7886
1306.37
7187.469
1520.46
10446.58
8/23/2027
1330 35.88326393 406.8905845 1334.263447 7323.637262 1544.033985
10644.71
1329
38.21966
400.8097
1320.287
7259.952
1532.551
10551.82
8/24/2027
1331
0 413.0318896 1348.605536 4274.961768 1555.882457
7592.482
1330
35.88326
406.8906
1334.263
7323.637
1544.034
10644.71
8/25/2027
1332
0 419.2341629 1362.804256 4273.919093 1568.112085
7624.07
1331
0
413.0319
1348.606
4274.962
1555.882
7592.482
8/26/2027
1333
0 425.4979855 1375.841165 4323.100969 1579.710407
7704.151
1332
0
419.2342
1362.804
4273.919
1568.112
7624.07
8/27/2027
1334
0 479.8261974 1388.719165 4377.774928
1591.68586
7838.006
1333
0
425.498
1375.841
4323.101
1579.71
7704.151
8/28/2027
1335
0 487.3139407
1401.94179 4436.839011
3156.67422
9482.769
1334
0
479.8262
1388.719
4377.775
1591.686
7838.006
8/29/2027
1336
0 494.8769429 1415.002445 4496.111939 2892.200531
9298.192
1335
0
487.3139
1401.942
4436.839
3156.674
9482.769
8/30/2027
1337
0 304.7741144 1428.198227
4556.34048 2914.896106
9204.209
1336
0
494.8769
1415.002
4496.112
2892.201
9298.192
8/31/2027
1338
0 158.3820967 758.4745677 4616.653818 2938.283725
8471.794
1337
0
304.7741
1428.198
4556.34
2914.896
9204.209
9/1/2027
1339
0 161.6323469 464.2399965
4667.91145
2961.29085
8255.075
1338
0
158.3821
758.4746
4616.654
2938.284
8471.794
9/2/2027
1340
0 164.9279892 471.9271604 4720.470305 2984.232501
8341.558
1339
0
161.6323
464.24
4667.911
2961.291
8255.075
9/3/2027
1341
0 168.2695412 815.3190374 4765.256048 3008.151481
8756.996
1340
0
164.928
471.9272
4720.47
2984.233
8341.558
9/4/2027
1342
0 171.6575286 827.3228251 5246.511426 3030.885129
9276.377
1341
0
168.2695
815.319
4765.256
3008.151
8756.996
9/5/2027
1343
0 175.0924855 839.4408096 6211.417473
3054.33516
10280.29
1342
0
171.6575
827.3228
5246.511
3030.885
9276.377
9/6/2027
1344
0 178.5749537 851.3430704 6269.516393 3078.532214
10377.97
1343
0
175.0925
839.4408
6211.417
3054.335
10280.29
9/7/2027
1345
0 182.1054837 863.3327704 6328.643708 3101.497674
10475.58
1344
0
178.575
851.3431
6269.516
3078.532
10377.97
9/8/2027
1346
0
185.684634 875.4064927 6388.022912 3125.202253
10574.32
1345
0
182.1055
863.3328
6328.644
3101.498
10475.58
9/9/2027
1347
0 189.3129716 887.8256031 6447.161427 3149.677323
10673.98
1346
0
185.6846
875.4065
6388.023
3125.202
10574.32
9/10/2027
1348
0 192.9910718 900.4492762 6507.739161 3172.873435
10774.05
1347
0
189.313
887.8256
6447.161
3149.677
10673.98
9/11/2027
1349
0 196.7195183 913.2841927 6567.149714
3196.83195
10873.99
1348
0
192.9911
900.4493
6507.739
3172.873
10774.05
9/12/2027
1350
0 200.4989035 926.1717562 6627.640227 3221.584984
10975.9
1349
0
196.7195
913.2842
6567.15
3196.832
10873.99
9/13/2027
1351
0
204.329828 939.0671625 6688.528307 3245.010581
11076.94
1350
0
200.4989
926.1718
6627.64
3221.585
10975.9
9/14/2027
1352
0 208.2129013
951.481186 6748.889606 3269.222421
11177.81
1351
0
204.3298
939.0672
6688.528
3245.011
11076.94
9/15/2027
1353
0 212.1487413 961.2710538
6810.62732 3294.253376
11278.3
1352
0
208.2129
951.4812
6748.89
3269.222
11177.81
9/16/2027
1354
0 216.1379747 971.0544854 6871.752352 3317.907281
11376.85
1353
0
212.1487
961.2711
6810.627
3294.253
11278.3
9/17/2027
1355
0 220.1812369 980.9034466 6933.162634 3342.371837
11476.62
1354
0
216.138
971.0545
6871.752
3317.907
11376.85
9/18/2027
1356
0 224.2791719 990.7735254 6995.560622
2009.72846
10220.34
1355
0
220.1812
980.9034
6933.163
3342.372
11476.62
9/19/2027
1357
0 227.9058012 1000.700118
7063.13581 1512.810436
9804.552
1356
0
224.2792
990.7735
6995.561
2009.728
10220.34
9/20/2027
1358
0 231.3798337 1010.827048 7134.888728 1524.546785
9901.642
1357
0
227.9058
1000.7
7063.136
1512.81
9804.552
9/21/2027
1359
0 234.8810389 1020.915045 7206.857653 1536.653924
9999.308
1358
0
231.3798
1010.827
7134.889
1524.547
9901.642
9/22/2027
1360
0 238.4094504 1031.244547 7279.237228 1548.150687
10097.04
1359
0
234.881
1020.915
7206.858
1536.654
9999.308
9/23/2027
1361
0 241.9651023 1041.799335 6385.229162 1560.014297
9229.008
1360
0
238.4095
1031.245
7279.237
1548.151
10097.04
9/24/2027
1362
0 245.5480301 1052.033953 4236.515551 1572.260406
7106.358
1361
0
241.9651
1041.799
6385.229
1560.014
9229.008
9/25/2027
1363
0 249.3558395 1062.163287 4286.129724 1583.872507
7181.521
1362
0
245.548
1052.034
4236.516
1572.26
7106.358
9/26/2027
1364
0 253.3239866 1072.327502 4335.327239 1595.863071
7256.842
1363
0
249.3558
1062.163
4286.13
1583.873
7181.521
9/27/2027
1365
0 257.3363158 1082.726391 4384.418509 3150.842038
8875.323
1364
0
253.324
1072.328
4335.327
1595.863
7256.842
9/28/2027
1366
0 261.3933339 1093.167835 4438.147584 2888.909787
8681.619
1365
0
257.3363
1082.726
4384.419
3150.842
8875.323
9/29/2027
1367
0 265.4955558 696.7694302 4497.002604 2911.591916
8370.86
1366
0
261.3933
1093.168
4438.148
2888.91
8681.619
9/30/2027
1368
0 169.6294475 456.6019192 4556.775298 2934.965353
8117.972
1367
0
265.4956
696.7694
4497.003
2911.592
8370.86
10/1/2027
1369
0 95.87903355 464.1451658 4617.141927 2957.953245
8135.119
1368
0
169.6294
456.6019
4556.775
2934.965
8117.972
10/2/2027
1370
0 97.82269501 471.8309084 4678.277005 2980.881534
8228.812
1369
0
95.87903
464.1452
4617.142
2957.953
8135.119
10/3/2027
1371
0 99.79735371 479.5255852 5169.553462 3004.784115
8753.661
1370
0
97.8227
471.8309
4678.277
2980.882
8228.812
10/4/2027
1372
0 101.8035055 661.2066079 5676.723759 3027.503017
9467.237
1371
0
99.79735
479.5256
5169.553
3004.784
8753.661
10/5/2027
1373
0 103.8416542 671.3102876 5733.986342 3050.937493
9560.076
1372
0
101.8035
661.2066
5676.724
3027.503
9467.237
10/6/2027
1374
0 105.9123113 681.1509101 5787.286162 3075.118148
9649.468
1373
0
103.8417
671.3103
5733.986
3050.937
9560.076
10/7/2027
1375
0 108.0159964 691.0387033 5841.181365 3098.068915
9738.305
1374
0
105.9123
681.1509
5787.286
3075.118
9649.468
10/8/2027
1376
0
110.153237 700.9724123 5894.792502 3121.757964
9827.676
1375
0
108.016
691.0387
5841.181
3098.069
9738.305
10/9/2027
1377
0 112.3245688 711.3057618
5949.40852 3146.216635
9919.255
1376
0
110.1532
700.9724
5894.793
3121.758
9827.676
10/10/2027
1378
0 114.5305354
721.763503 6003.238034 3169.398105
10008.93
1377
0
112.3246
711.3058
5949.409
3146.217
9919.255
10/11/2027
1379
0 116.7716885 732.4366956 6058.033357 3193.341117
10100.58
1378
0
114.5305
721.7635
6003.238
3169.398
10008.93
10/12/2027
1380
0 119.0485883 743.1652372 6112.992596 3218.077752
10193.28
1379
0
116.7717
732.4367
6058.033
3193.341
10100.58
10/13/2027
1381
0 121.3618029 754.1084028 6167.834021 3241.488759
10284.79
1380
0
119.0486
743.1652
6112.993
3218.078
10193.28
10/14/2027
1382
0 123.7119089
764.464159 6223.449614 3265.685122
10377.31
1381
0
121.3618
754.1084
6167.834
3241.489
10284.79
10/15/2027
1383
0 126.0994911
772.206893 6279.031611 3290.699677
10468.04
1382
0
123.7119
764.4642
6223.45
3265.685
10377.31
10/16/2027
1384
0 128.5251428 779.9588084 6334.433448 3314.339045
10557.26
1383
0
126.0995
772.2069
6279.032
3290.7
10468.04
10/17/2027
1385
0 130.9894656 787.6898662 6392.063479 3234.043336
10544.79
1384
0
128.5251
779.9588
6334.433
3314.339
10557.26
10/18/2027
1386
0 133.4930698 795.5675277 6452.395235 1493.320331
8874.776
1385
0
130.9895
787.6899
6392.063
3234.043
10544.79
10/19/2027
1387
0 136.0365741 803.3258171 6513.755019 1504.673386
8957.791
1386
0
133.4931
795.5675
6452.395
1493.32
8874.776
10/20/2027
1388
0 138.6206056 811.3869811 6575.109117 1516.379406
9041.496
1387
0
136.0366
803.3258
6513.755
1504.673
8957.791
10/21/2027
1389
0 141.2458004 819.2338969
6636.62656 1528.453594
9125.56
1388
0
138.6206
811.387
6575.109
1516.379
9041.496
10/22/2027
1390
0
143.912803 827.2235961 5699.766347 1539.922681
8210.825
1389
0
141.2458
819.2339
6636.627
1528.454
9125.56
10/23/2027
1391
0 146.6222667 835.7312667 3571.707222 1551.756013
6105.817
1390
0
143.9128
827.2236
5699.766
1539.923
8210.825
10/24/2027
1392
0 149.3748536 844.3171816 3608.351366 1563.969161
6166.013
1391
0
146.6223
835.7313
3571.707
1551.756
6105.817
10/25/2027
1393
0
151.644603 852.7391282
3648.77297
1575.5537
6228.71
1392
0
149.3749
844.3172
3608.351
1563.969
6166.013
10/26/2027
1394
0 153.7502416 861.3278261 3691.265447 3130.255122
7836.599
1393
0
151.6446
852.7391
3648.773
1575.554
6228.71
10/27/2027
1395
0 155.8715571 869.9950215 3734.606955 2868.911036
7629.385
1394
0
153.7502
861.3278
3691.265
3130.255
7836.599
10/28/2027
1396
0 158.0086008 878.7507839
3777.72227 2891.175779
7705.657
1395
0
155.8716
869.995
3734.607
2868.911
7629.385
10/29/2027
1397
0
160.161425 488.3855376 3821.887441 2914.112731
7384.547
1396
0
158.0086
878.7508
3777.722
2891.176
7705.657
10/30/2027
1398
0 162.3300827 236.7696811 3867.752771 2937.751078
7204.604
1397
0
160.1614
488.3855
3821.887
2914.113
7384.547
10/31/2027
1399
0
164.514628 240.4840785 3917.231209 2960.249916
7282.48
1398
0
162.3301
236.7697
3867.753
2937.751
7204.604
11/1/2027
1400
0 166.7151159 244.1822961 3958.150813 2983.703535
7352.752
1399
0
164.5146
240.4841
3917.231
2960.25
7282.48
1400
0
166.7151
244.1823
3958.151
2983.704
7352.752
Total utfôring pr mnd (kg/mnd)
Row Labels
Sum of Total daily
feed Dept 2 SF
Sum of
Total
daily
feed
Dept 3
parr
Sum of
Total
daily
feed
facility
Dept 4
smolt
Sum of
Total
daily
feed
facility
PS1
Sum of
Total
daily
feed
facility
PS2
2026
42547
209234
407940 1794207
795371 Sum hele året
jan
3803
22100
41652
82713
29382
Utfôring per måned (kg/mnd)
Slam (kg/mnd)
SS etter rensing (kg/mnd)
feb
3688
19978
38087
85064
5677
Jan
179649 Jan
32337 Jan
16168
mar
3625
21535
41434
138007
51743
Feb
152494 Feb
27449 Feb
13724
apr
3284
20774
41512
177275
77479
Mar
256344 Mar
46142 Mar
23071
mai
2615
21342
39560
179621
81021
Apr
320323 Apr
57658 Apr
28829
jun
3213
17005
41822
180200
77798
Mai
324159 Mai
58349 Mai
29174
jul
2990
12852
39873
181086
79613
Jun
320039 Jun
57607 Jun
28804
aug
3633
10700
36513
181286
83106
Jul
316414 Jul
56954 Jul
28477
sep
4007
7467
26533
178002
77260
Aug
315237 Aug
56743 Aug
28371
okt
3768
13142
22944
164391
80953
Sep
293268 Sep
52788 Sep
26394
nov
3942
20982
13792
140643
78246
Okt
285199 Okt
51336 Okt
25668
des
3979
21357
24219
105921
73092
Nov
257604 Nov
46369 Nov
23184
Max utfôring mnd (kg/mnd)
4007
22100
41822
181286
83106
Des
228569 Des
41142 Des
20571
Tonn per år
3249.29858 TONN PER ÅR
584.8737 TONN PER ÅR
292.4368722
Max utfôring per dag (kg/dag). 
Row Labels
Startfôrings-avdeling
Parr-
avdeling
Smolt-
avdeling
Postsmol
t-
avdeling
Påvekst-
avdeling
2026
194
1009
1677
7294
3349
jan
185
1004
1653
3486
1847
0.340625
feb
193
999
1639
3548
1266
544
mar
179
979
1639
5130
2895
apr
168
992
1661
7268
3249
mai
124
1009
1630
7234
3264
jun
145
715
1677
7279
3334
jul
159
726
1630
7294
3323
aug
169
448
1432
7219
3323
sep
191
437
1085
7278
3349
okt
185
639
885
6636
3307
nov
194
999
561
5859
3340
des
191
975
993
4302
3306
Max utfôring mnd (kg/dag)
194
1009
1677
7294
3349
8,500,000.00
Max utfôring per dag. 
Row Labels
Max of Facility total feed daily kg
2026
12312
jan
7449
feb
6682
mar
10034
apr
12279
mai
12221
jun
12312
jul
12098
aug
11906
sep
11598
okt
10901
nov
10232
des
8998
12312
jan
feb
mar
apr
mai
jun
jul
aug
sep
okt
nov
des
2026
0
20000
40000
60000
80000
100000
120000
140000
160000
180000
200000
Sum of Total daily feed Dept 2 SF 
Sum of Total daily feed Dept 3 parr
Sum of Total daily feed facility Dept 4 smolt
Sum of Total daily feed facility PS1
Sum of Total daily feed facility PS2
jan
feb mar apr mai jun
jul
aug sep okt nov des
2026
0
1000
2000
3000
4000
5000
6000
7000
8000
9000
10000
Maks. daglig utfôring per avdeling (kg)
Startfôrings-avdeling
Parr-avdeling
Smolt-avdeling
Postsmolt-avdeling
Påvekst-avdeling
jan
feb
mar
apr
mai
jun
jul
aug
sep
okt
nov
des
2026
0
2000
4000
6000
8000
10000
12000
14000
Maks. daglig utfôring hele anlegget (kg)
Total utfôring per måned
Jan
Feb
Mar
Apr
Mai
Jun
Jul
Aug
Sep
Okt
Nov
Des
0
50000
100000
150000
200000
250000
300000
350000
200000 
Total utföring pr m n d (kg/mnd) 
Sum of 
180000 
Sum of 
Total 
Sum of 
Sum of 
Total 
daily 
Total 
Total 
Sum of Total daily 
daily 
daily 
daily 
160000 
Row Labels 
feed Dept 2 SF 
feed 
feed 
feed 
feed 
facility 
Dept 
3 
facility 
facility 
Dept 4 
140000 
parr 
smolt 
PSl 
PS2 
2026 
42547 
209234 
407940 1794207 
795371 Sum hele året 
120000 
jan 
3803 
22100 
41652 
82713 
29382 
feb 
3688 
19978 
38087 
85064 
5677 
S u m ofTotal daily feed Dept 2 SF 
mar 
3625 
21535 
41434 138007 
51743 
100000 
S u m ofTotal daily feed Dept 3 parr 
apr 
3284 
20774 
41512 177275 
77479 
S u m of Total daily feed facility Dept 4 smolt 
mai 
2615 
21342 
39560 179621 
81021 
I 
Sum of Total daily feed facility PSl 
80000 
I 
I 
I I 
jun 
3213 
17005 
41822 180200 
77798 
I 
I 
Sum of Total daily feed facility PS2 
jul 
2990 
12852 
39873 181086 
79613 
I 
aug 
3633 
10700 
36513 181286 
83106 
60000 
sep 
4007 
7467 
26533 178002 
77260 
Total utföring per måned 
okt 
3768 
13142 
22944 164391 
80953 
350000 
40000 
nov 
3942 
20982 
13792 140643 
78246 
des 
3979 
21357 
24219 105921 
73092 
l 
300000 
Max utföring m n d (kg/mnd) 
4007 
22100 
41822 181286 
83106 
20000 
.I 
.I 
250000 
200000 
0 
I I 
150000 
jan 
feb 
mar 
apr 
100000 
50000 
Max utföring per dag (kg/dag). 
10000 
- 
0 
0 
y' 
9000 
Jan 
Feb 
Mar 
Apr 
Mai 
Jun 
Jul 
Aug 
Sep 
Okt 
Nov 
Des 
Postsmol 
• 
k 
0 
Parr- 
Smolt- 
Pave st- 
c 
8000 
Row Labels 
Startförings-avdeling avdeling avdeling t- 
) 
- 
Parr-avdeling 
d I. 
avdeling 
O 
av e mg 
> 
7000 
O 
- 
Smolt-avdeling 
i. 
2026 
194 
1009 
1677 
7294 
3349 
) 
6000 
o 
Postsmolt-avdeling 
jan 
185 
1004 
1653 
3486 
1847 
0 c 
5000 
feb 
193 
999 
1639 
3548 
1266 
·;:: 
- 
Pävekst-avdeling 
«O 
4- 
4000 
179 
979 
1639 
5130 
2895 
+-' 
mar 
::i 
apr 
168 
992 
1661 
7268 
3249 
• 3000 
o0 
mai 
124 
1009 
1630 
7234 
3264 
O 
2000 
O 
jun 
145 
715 
1677 
7279 
3334 
i 
y' 
1000 
jul 
159 
726 
1630 
7294 
3323 
O - 
aug 
169 
448 
1432 
7219 
3323 
0 
jan feb mar apr mai jun 
jul aug sep okt nov des 
sep 
191 
437 
1085 
7278 
3349 
okt 
185 
639 
885 
6636 
3307 
2026 
nov 
194 
999 
561 
5859 
3340 
des 
191 
975 
993 
4302 
3306 
Max utföring m n d (kg/dag) 
194 
1009 
1677 
7294 
3349 
Utföring per måned (kg/mnd) 
Slam (kg/mnd) 
SS etter rensing (kg/mnd) 
Jan 
179649 Jan 
32337 Jan 
16168 
Feb 
152494 Feb 
27449 Feb 
13724 
Mar 
256344 M a r 
46142 M a r 
23071 
Apr 
320323 Apr 
57658 Apr 
28829 
Mai 
324159 M a i 
58349 M a i 
29174 
Jun 
320039 Jun 
57607 Jun 
28804 
Jul 
316414 Jul 
56954 Jul 
28477 
Aug 
315237 Aug 
56743 Aug 
28371 
Sep 
293268 Sep 
52788 Sep 
26394 
Okt 
285199 Okt 
51336 Okt 
25668 
Nov 
257604 Nov 
46369 Nov 
23184 
Des 
228569 Des 
41142 Des 
20571 
Tonn per år 
3249.29858 TONN PER ÅR 
584.8737 TONN PER ÅR 
292.4368722 
0.340625 
544 
8,500,000.00 
Max utföring per dag. 
Row Labels 
2026 
Max of Facility total feed daily kg 
12312 
jan 
feb 
mar 
apr 
mai 
jun 
jul 
aug 
sep 
okt 
nov 
des 
7449 
6682 
10034 
12279 
12221 
12312 
12098 
11906 
11598 
10901 
10232 
8998 
12312 
14000 
- 
0 • 12000 
) 
0 
0 
) 
10000 
c 
O 
) 
8000 
) ..c 
0 
6000 
c 
E 
<O 
k 
4000 
+-' 
::i • 
0 
2000 
O 
U 
i 
0 
• 
O - 
jan 
feb 
mar 
apr 
mai 
jun 
jul 
aug 
sep 
okt 
nov 
des 
2026 
Beregnin av utslipp
Cermaq Veidnes
Mengnde fôr
3249
Fôringsfaktor
1
Mengde fisk
3249
Fosfor
Nitrogen
TOC
% av fôr/fisk
Tonn/år
% av fôr/fisk Tonn/år
% av fôr/fisk Tonn/år
1.37%
44.51
7.21%
234.25
44%
1429.56
0.42%
13.65
2.72%
88.37
20%
649.80
Utslipp før rensing
30.87
145.88
779.76
SS  løst i utslipp fiskekar
4.1
18.8
52
6.2
2.1
4.1
Beregnin av utslipp 
Cermaq Veidnes 
Mengnde för 
Föringsfaktor 
Mengde fisk 
3249 
l 
3249 
% av för/fisk 
Fosfor 
Tonn/är 
1.37% 
0.42% 
Nitrogen 
TOC 
% av för/fisk Tonn/år 
% av för/fisk Tonn/år 
44.51 
7.21% 
234.25 
44% 
1429.56 
13.65 
2.72% 
88.37 
20% 
649.80 
Utslipp før rensing 
30.87 
145.88 
779.76 
SS løst i utslipp fiskekar 
4.1 
18.8 
52 
6.2 
2.1 
4.1