CTDO-Måling 
- Temperatur, Salinitet og oksygen - 
 
for  
Kvalnes 
 
 
 
Feltarbeid 
Mars - august 2022 
Oppdragsgiver 
Andfjord Salmon AS 
 
 
 
 
Kvalnes 
        
           
 
 
Intern dok. Id. Rapport CTDO-måling  
Side 2 of 68   
 
 
 
CTDO-undersøkelse for Andfjord Salmon AS 
Rapportnummer 
104473-01-001 
Rapportdato 
01.09.2022 
Dato feltarbeid 
10.03.22, 08.04.22, 26.04.22, 13.05.22, 16.06.22, 14.07.22 og 25.08.22 
Revisjonsnummer 
Revisjonsbeskrivelse 
Signatur 
- 
- 
- 
Lokalitet 
Lokalitet 
Kvalnes 
Andøy kommune, Nordland fylke 
Lokalitetsnummer 
38897 
Oppdragsgiver 
Selskap 
 Andfjord Salmon AS 
Kontaktperson 
 Christina Thomassen 
Oppdragsansvarlig 
Selskap 
Åkerblå AS  
Nordfrøyveien 413                   Organisasjonsnummer 916 763 816 
7260 Sistranda 
Ansvarlig prøvetaking 
 Peter Glad 
Rapportansvarlig 
 Peter Glad 
Forfatter (-e) 
 Peter Glad 
Godkjent av 
 Oda R. Waldeland 
Distribusjon 
Denne rapporten kan kun gjengis i sin helhet.  Gjengivelse av deler av 
rapporten kan kun skje etter skriftlig tillatelse fra Åkerblå AS.  I slike 
tilfeller skal kilde oppgis. 
 
Kvalnes 
        
           
 
 
Intern dok. Id. Rapport CTDO-måling  
Side 3 of 68   
 
Innledning 
 
Denne rapporten omhandler resultater fra CTDO-undersøkelse ved lokalitet Kvalnes. Formålet 
med undersøkelsen var å kartlegge hydrografiske parametere i området som salinitet, 
temperaturer og oksygennivåer.  
 
Svolvær, 01.09.2022. 
 
Innholdsfortegnelse 
 ........................................................................................................................................... 1 
1. Bakgrunn ............................................................................................................................ 4 
2. Materialer og metoder ....................................................................................................... 4 
3. Resultat .............................................................................................................................. 7 
3.1 Grønn Inn Sommer ....................................................................................................7 
3.2 Grønn Inn Vinter .......................................................................................................8 
3.3 Gul Inn Sommer ........................................................................................................9 
3.4 Gul Inn Vinter ..........................................................................................................10 
3.5 Inntak Oppstartsbasseng .........................................................................................11 
4. Diskusjon .......................................................................................................................... 12 
5. Sammendrag .................................................................................................................... 14 
6. Litteratur .......................................................................................................................... 15 
7. Vedlegg- CTD rådata ......................................................................................................... 15 
Grønn Inn Sommer .......................................................................................................15 
Grønn Inn Vinter ...........................................................................................................21 
Gul Inn Sommer ............................................................................................................40 
Gul Inn Vinter ...............................................................................................................47 
Inntak Oppstartsbasseng ..............................................................................................64 
 
 
 
 
 
 
 
 
 
 
 
 
Kvalnes 
        
           
 
 
Intern dok. Id. Rapport CTDO-måling  
Side 4 of 68   
 
1. Bakgrunn 
 
På forespørsel fra Andfjord Salmon AS er det foretatt CTDO-målinger ved fem punkt for 
planlagt inntak- eller utslippspunkt utenfor anlegget til oppdragsgiver. Anlegget befinner seg 
østsiden av Andøya i Vesterålen, sør for Andenes. 
 
 
2. Materialer og metoder 
 
CTDO-måling ble foretatt på datoene 10.03.22, 08.04.22, 26.04.22, 13.05.22, 16.06.22, 
14.07.22 og 25.08.22. Målingene ble gjort på fem forskjellige punkter (tabell 1.1) hvor 
formålet er å overvåke hydrografiske parametere. Det ble utført hydrografiske målinger minst 
en gang i måneden fra mars til august. 
 
Forskjell i dyp på samme prøvepunkt mellom hver måling kan være en følge av dårlig vær eller 
sterk strøm som gjør at CTD-sonden ikke treffer nøyaktig bunnen til posisjonen oppgitt i tabell 
1.1 hver eneste måling. 
 
Tabell 1.1. Koordinater og dybde på de fem prøvepunktene.  
Stasjon 
Koordinater 
Dyp (m) 
Grønn Inn Sommer 
69°09.726'N / 16°06.156'Ø 
38-44 
Grønn Inn Vinter 
69°09.676'N / 16°06.053'Ø 
171-176 
Gul Inn Sommer 
69°09.061'N / 16°05.425'Ø 
39-48 
Gul Inn Vinter 
69°08.884'N / 16°06.409'Ø 
171-173 
Inntak Oppstartsbasseng 
69°09.471'N / 16°05.970'Ø 
26-33 
 
 
 
 
Kvalnes 
        
           
 
 
Intern dok. Id. Rapport CTDO-måling  
Side 5 of 68   
 
 
Figur 2.1. Geografisk plassering av området hvor prøvetakingen tok sted. Kartet har nordlig orientering. 
Kartdatum WGS84.  
 
 
Figur 2.2. Prøvetakingspunktene ved Kvalnes. Prøvepunktene er merket med brune rundinger. Kartet har nordlig 
orientering. Kartdatum WGS84.  
 
 
Målinger for hydrografi ble gjennomført ved at CTD-sonden, SAIV 204, med et påmontert lodd 
ble firt til loddet traff bunn og deretter hevet til overflaten. Sonden gjorde én registrering 
hvert 2. sekund og målte salinitet, temperatur og oksygeninnhold. Data fra nedsenkning av 
sonden ble benyttet (intern prosedyre). Uthenting av data og behandling av disse ble gjort 
 
Kvalnes 
        
           
 
 
Intern dok. Id. Rapport CTDO-måling  
Side 6 of 68   
 
med 
programvaren 
Minisoft 
SD200w 
versjon 
3.18.7.172 
og 
Microsoft 
Excel 
(2007/2010/2013). Klassifisering av tilstand ble gjort i henhold til tabell 2.1 (Molvær et. al. 
1997). 
 
Tabell 2.1. Klassifisering av de undersøkte parameterne som inngår i Molvær et. Al. (1997).  
  
Parameter 
Måleenhet 
Tilstandsklasser 
  
I 
II 
III 
IV 
V 
  
Svært god 
God 
Moderat 
Dårlig 
Svært dårlig 
Dypvann O2 innhold* 
mg O2/ l 
>6,39  
6,39-4,97 
4,97-3,55 
3,55-2,13 
<2,13 
O2 metning** 
% 
>65 
65-50 
50-35 
35-20 
<20 
* Regnet fra ml O2/L til mg O2/L hvor omregningsfaktoren til mg O2 /L er 1,42 
** Oksygenmetningen er beregnet for salinitet 33 og temperatur 6°C 
 
 
 
 
 
 
 
 
 
 
 
 
 
 
 
 
 
 
 
 
 
 
 
 
 
 
 
Kvalnes 
        
           
 
 
Intern dok. Id. Rapport CTDO-måling  
Side 7 of 68   
 
3. Resultat 
3.1 Grønn Inn Sommer 
 
 
 
 
 
Figur 3.1 Temperatur (°C), salinitet (‰), oksygeninnhold (mg/l) og oksygenmetning (%) fra overflaten og ned til 
bunnen på prøvepunktet Grønn Inn Sommer. 
 
 
 
 
 
 
0
5
10
15
20
25
30
35
40
45
50
0
2
4
6
8
10
12
14
16
Dyp (m)
Temperatur (°C)
0
5
10
15
20
25
30
35
40
45
50
0,0
10,0
20,0
30,0
40,0
Dyp (m)
Salinitet (‰)
0
5
10
15
20
25
30
35
40
45
50
0
50
100
150
200
Dyp (m)
Oksygenmetning (%)
0
5
10
15
20
25
30
35
40
45
50
0,0
5,0
10,0
15,0
20,0
Dyp (m)
Oksygennivå (mg/L)
 
Kvalnes 
        
           
 
 
Intern dok. Id. Rapport CTDO-måling  
Side 8 of 68   
 
3.2 Grønn Inn Vinter 
 
 
 
 
 
Figur 3.2 Temperatur (°C), salinitet (‰), oksygeninnhold (mg/l) og oksygenmetning (%) fra overflaten og ned til 
bunnen på prøvepunktet Grønn Inn Vinter. 
 
 
0
20
40
60
80
100
120
140
160
180
0,0
5,0
10,0
15,0
Dyp (m)
Temperatur (°C)
0
20
40
60
80
100
120
140
160
180
0
10
20
30
40
Dyp (m)
Salinitet (‰)
0
20
40
60
80
100
120
140
160
180
0
50
100
150
Dyp (m)
Oksygenmetning (%)
0
20
40
60
80
100
120
140
160
180
0
5
10
15
Dyp (m)
Oksygenmetning (mg/L)
 
Kvalnes 
        
           
 
 
Intern dok. Id. Rapport CTDO-måling  
Side 9 of 68   
 
3.3 Gul Inn Sommer 
 
 
 
 
 
Figur 3.3 Temperatur (°C), salinitet (‰), oksygeninnhold (mg/l) og oksygenmetning (%) fra overflaten og ned til 
bunnen på prøvepunktet Gul Inn Sommer. 
 
 
0
5
10
15
20
25
30
35
40
45
0,0
5,0
10,0
15,0
Dyp (m)
Temperatur (°C)
0
5
10
15
20
25
30
35
40
45
5
15
25
35
45
Dyp (m)
Salinitet (‰)
0
5
10
15
20
25
30
35
40
45
0
50
100
150
Dybde (m)
Oksygenmetning (%)
0
5
10
15
20
25
30
35
40
45
0
5
10
15
Dyp (m)
Oksygennivå (mg/L)
 
Kvalnes 
        
           
 
 
Intern dok. Id. Rapport CTDO-måling  
Side 10 of 68   
 
3.4 Gul Inn Vinter 
 
 
 
 
 
Figur 3.4 Temperatur (°C), salinitet (‰), oksygeninnhold (mg/l) og oksygenmetning (%) fra overflaten og ned til 
bunnen på prøvepunktet Gul Inn Vinter.  
 
 
 
 
0
20
40
60
80
100
120
140
160
180
0,0
5,0
10,0
15,0
Dyp (m)
Temperatur (°C)
0
20
40
60
80
100
120
140
160
180
5
15
25
35
45
Dyp (m)
Salinitet (‰)
0
20
40
60
80
100
120
140
160
180
0
50
100
150
Dyp (m)
Oksygenmetning (%)
0
20
40
60
80
100
120
140
160
180
0
5
10
15
Dyp (m)
Oksygennivå (mg/L)
 
Kvalnes 
        
           
 
 
Intern dok. Id. Rapport CTDO-måling  
Side 11 of 68   
 
3.5 Inntak Oppstartsbasseng 
 
 
 
 
 
Figur 3.5 Temperatur (°C), salinitet (‰), oksygeninnhold (mg/l) og oksygenmetning (%) fra overflaten og ned til 
bunnen på prøvepunktet Inntak Oppstartsbasseng. 
 
 
 
0
5
10
15
20
25
30
35
0,0
5,0
10,0
15,0
Dyp (m)
Temperatur (°C)
0
5
10
15
20
25
30
35
0
10
20
30
40
Dyp (m)
Salanitet (‰)
0
5
10
15
20
25
30
35
0
50
100
150
Dyp (m)
Oksygennivå (%)
0
5
10
15
20
25
30
35
0
5
10
15
Dyp (m)
Oksygennivå (mg/L)
 
Kvalnes 
        
           
 
 
Intern dok. Id. Rapport CTDO-måling  
Side 12 of 68   
 
4. Diskusjon  
 
Salinitet 
Saliniteten på alle prøvepunktene gjennom måleperioden varierte lite fra overflaten og ned til 
bunnen. Saliniteten lå på 33-35 ‰ fra overflaten og ned til bunnen gjennom måleperioden på 
samtlige målepunkt. 
 
Oksygen 
Oksygennivået på de ulike målepunktene hadde få variasjoner i vannsøylen på målepunktene. 
Oksygenmetningen (%) var ≥ 80 % og innholdet (mg/L) var ≥ 8,0 mg/L gjennom hele vannsøyla 
og ned til bunnen ved alle prøvestasjonene og gjennom hele måleperioden. Oksygeninnholdet 
målt på bunnen ved samtlige prøvestasjoner gjennom måleperioden tilsvarte tilstandsklasse I 
– Svært God (Molvær et. AL. 1997). 
 
Temperatur 
De målte temperaturene viste mer variasjon gjennom måleperioden enn oksygen og salinitet. 
Ved samtlige prøvepunkt ble det registrert relativ lik temperatur på samme dybde i 
vannsøylen for målinger utført i samme tidsperiode.   
 
I mars (10. mars) var temperaturen i overflaten rundt 4,2 - 4,5°C som økte gradvis med 
dybden. Ved de grunneste stasjonene, Grønn/Gul Inn Sommer og Inntak Oppstartsbasseng, 
var temperaturen på bunnen mellom 4,3 – 4,4°C. Ved de to dypeste stasjonene, Grønn/Gul 
Inn Vinter, var temperaturen på bunnen 5,7°C og 6,1°C denne måneden.  
 
I begynnelsen av april (08. april) varierte temperaturen i overflaten ved stasjonene mellom 2,3 
– 3,5 °C. Som i mars, økte temperaturen gradvis med dybden ned i vannsøyla. Temperaturen 
ved de grunneste stasjonene var mellom 4,7 – 4,9°C, mens temperaturen på de dypeste 
stasjonene var på 6,1°C og 6,5°C på bunn.  
 
I slutten av april (28. april) varierte temperaturen i overflaten mellom 3,1 – 4,7°C ved 
prøvestasjonene. Temperaturen økte noe med dybden denne prøvetakingsdatoen også, hvor 
temperaturen på bunnen ved de grunneste stasjonene var på 4,8°C. Ved dypeste stasjonene 
var temperaturen på bunnen 6,0°C og 6,4°C.  
 
I mai (13. mai) var temperaturen i vannsøyla ved prøvestasjonene varmere enn ved de 
tidligere månedene, men fremdeles økte temperaturen litt fra overflaten og ned til bunnen. 
Ved overflaten var temperaturen mellom 5,1 – 5,3°C ved prøvestasjonene. Ved de grunneste 
stasjonene var temperaturen på bunnen 5,0°C og ved de dypeste stasjonene var 
temperaturen 6,0°C og 5,9°C. 
 
 
Kvalnes 
        
           
 
 
Intern dok. Id. Rapport CTDO-måling  
Side 13 of 68   
 
I juni (16. juni) varierte temperaturen ved overflaten ved prøvestasjonene mellom 8,1 – 8,8°C. 
Temperaturen på bunnen ved de grunneste stasjonene sank litt med dybden hvor 
temperaturen på bunnen ved disse stasjonene varierte mellom 7,2 – 7,6 °C. Ved de dypeste 
stasjonene minket temperaturen fra 8,5 og 8,8 °C i overflaten til 5,8 – 6,0°C ved 60 – 70 meters 
dybde. Her ifra og ned til bunnen økte temperaturen og stabiliserte seg ved 120 meters dybde 
på 7,3 – 7,4°C. 
 
I juli (14. juli) varierte temperaturen ved overflaten ved prøvestasjonene mellom 11,6 – 
12,0°C. Temperaturen på bunnen ved de grunneste stasjonene varierte mellom 10,3 – 10,8°C. 
Ved de dypeste stasjonene minket temperaturen gradvis med dybden hvor den stabiliserte 
seg ved 140 meters dybde. Temperaturen på bunnen ved disse to stasjonene var begge på 
6,0°C.  
 
I august (25. august) varierte temperaturen ved overflaten ved prøvestasjonene mellom 12,5 
– 13,3°C. Temperaturen på bunnen ved de grunneste stasjonene var på 11,1 – 11,3°C. Ved de 
dypeste stasjonene minket temperaturen med dybden, fra overflaten og ned til bunnen. Ved 
90 meters dybde økte temperaturen noe ned til 120 meters dybde, hvor temperaturen sank 
med 2°C. Her ifra og ned til bunnen stabiliserer temperaturen seg, hvor den var på 7,4 - 7,5°C 
på bunnen ved disse to stasjonene.  
 
 
 
 
Kvalnes 
        
           
 
 
Intern dok. Id. Rapport CTDO-måling  
Side 14 of 68   
 
5. Sammendrag 
 
Målingene viser til at det er stor forskjell i temperatur mellom månedene og med dyp (tabell 
5.1). Dette er tydeligst ved de to dypeste stasjonene, Grønn og Gul Inn Vinter. Månedene 
mars, april og mai viste relativt like temperaturmålinger, hvor det var kaldere i overflaten og 
temperaturen økte litt med dybden. Fra og med juni til august økte temperaturen betraktelig 
i overflaten, med noe økning i temperatur på bunn. Totalt sett er temperaturen mer stabil på 
bunn ved de dypeste enn ved de grunneste stasjonene.  
 
Tabell 5.1 Temperatur (°C) målt ved overflaten og bunnen på stasjonene Grønn/Gul Inn Sommer/Vinter og 
Inntak Oppstartsbasseng. 
 
 
 
 
 
 
 
 
 
 
 
 
 
 
 
 
 
 
Grønn Inn Sommer 
Gul Inn Sommer 
Grønn Inn Vinter 
Gul Inn Vinter 
Inntak 
Oppstartsbasseng 
Dyp 
38-44 m 
39-48 m 
171-176 m 
171-173 m 
26-33 m 
Dato 
Overflate 
Bunn 
Overflate 
Bunn 
Overflate 
Bunn 
Overflate 
Bunn 
Overflate 
Bunn 
10.03.22 
4,2 
4,4 
4,3 
4,3 
4,6 
5,8 
4,3 
6,1 
4,3 
4,3 
08.04.22 
3,5 
4,9 
4,8 
4,8 
2,4 
6,2 
2,7 
6,5 
3,6 
4,7 
28.04.22 
3,1 
4,8 
4,0 
4,8 
4,7 
6,4 
4,7 
6,0 
3,6 
4,8 
13.05.22 
5,1 
5,0 
5,3 
5,0 
5,3 
6,0 
5,3 
5,9 
5,2 
5,1 
16.06.22 
8,5 
7,4 
8,6 
7,3 
8,5 
7,4 
8,8 
7,3 
8,4 
7,6 
14.07.22 
11,6 
10,3 
12,0 
10,5 
11,9 
6,0 
11,9 
6,0 
12,0 
10,8 
25.08.22 
12,9 
11,3 
12,6 
11,1 
13,1 
7,5 
12,5 
7,4 
13,3 
11,4 
 
Kvalnes 
        
           
 
 
Intern dok. Id. Rapport CTDO-måling  
Side 15 of 68   
 
 
6. Litteratur 
 
Molvær J, Knutzen J, Magnusson J, Rygg B, Skei J, Sørensen J. 1997. Klassifisering av 
miljøkvalitet i fjorder og kystfarvann. SFT-veiledning nr. 97:03. 36 s. 
 
7. Vedlegg- CTD rådata 
Grønn Inn Sommer 
Prøvedato: 
10.03.2022 
Salinitet (ppt) 
Temperatur (°C) 
O2 (%) 
O2 (mg/l) Dybde 
(m) 
Tid 
0 
4,2 
60,1 
7,71 
0,3 
13:52:20 
34 
4,3 
95,5 
9,74 
1,1 
13:52:22 
34 
4,3 
100,8 
10,28 
2,4 
13:52:24 
34 
4,3 
102,1 
10,41 
3,9 
13:52:26 
34 
4,3 
103,0 
10,50 
5,6 
13:52:28 
34 
4,3 
103,3 
10,53 
6,9 
13:52:30 
34 
4,3 
103,0 
10,50 
7,9 
13:52:32 
34 
4,3 
102,6 
10,46 
9,3 
13:52:34 
34 
4,3 
102,8 
10,49 
11,0 
13:52:36 
34 
4,3 
102,8 
10,49 
12,6 
13:52:38 
34 
4,3 
103,1 
10,52 
14,8 
13:52:40 
34 
4,3 
103,1 
10,52 
16,1 
13:52:42 
34 
4,3 
102,5 
10,45 
18,1 
13:52:44 
34 
4,3 
102,5 
10,45 
19,3 
13:52:46 
34 
4,3 
102,2 
10,42 
20,9 
13:52:48 
34 
4,3 
101,9 
10,39 
22,1 
13:52:50 
34 
4,3 
102,0 
10,40 
24,1 
13:52:52 
34 
4,3 
102,1 
10,40 
25,2 
13:52:54 
34 
4,3 
102,3 
10,43 
27,4 
13:52:56 
34 
4,3 
102,3 
10,43 
29,3 
13:52:58 
34 
4,3 
102,0 
10,39 
31,1 
13:53:00 
34 
4,3 
102,1 
10,40 
32,9 
13:53:02 
34 
4,3 
102,0 
10,40 
34,9 
13:53:04 
34 
4,4 
102,0 
10,39 
36,8 
13:53:06 
34 
4,4 
102,0 
10,39 
38,7 
13:53:08 
34 
4,4 
101,9 
10,38 
40,8 
13:53:10 
34 
4,4 
101,9 
10,38 
42,6 
13:53:12 
34 
4,4 
101,7 
10,37 
43,4 
13:53:14 
34 
4,4 
101,7 
10,37 
43,9 
13:53:16 
34 
4,4 
101,7 
10,36 
44,0 
13:53:18 
34 
4,4 
101,7 
10,36 
44,4 
13:53:20 
 
 
Kvalnes 
        
           
 
 
Intern dok. Id. Rapport CTDO-måling  
Side 16 of 68   
 
Prøvedato: 
08.04.2022 
Salinitet (ppt) 
Temperatur (°C) 
O2 (%) 
O2 (mg/l) Dybde 
(m) 
Tid 
34 
3,5 
81,9 
8,50 
0,8 
10:20:45 
34 
3,8 
86,6 
8,94 
1,9 
10:20:47 
34 
3,8 
93,2 
9,62 
3,9 
10:20:49 
34 
3,9 
87,8 
9,05 
6,4 
10:20:51 
34 
3,9 
95,8 
9,86 
8,9 
10:20:53 
34 
4,0 
96,0 
9,86 
11,6 
10:20:55 
34 
4,1 
95,8 
9,80 
13,8 
10:20:57 
34 
4,2 
96,1 
9,82 
16,2 
10:20:59 
34 
4,2 
95,9 
9,79 
18,2 
10:21:01 
34 
4,3 
97,7 
9,97 
21,0 
10:21:03 
34 
4,3 
96,8 
9,88 
22,7 
10:21:05 
34 
4,3 
97,1 
9,89 
25,1 
10:21:07 
34 
4,3 
97,4 
9,93 
27,6 
10:21:09 
34 
4,4 
97,5 
9,93 
30,0 
10:21:11 
34 
4,4 
97,5 
9,91 
31,8 
10:21:13 
34 
4,6 
97,8 
9,90 
34,0 
10:21:15 
34 
4,6 
97,9 
9,91 
36,3 
10:21:17 
34 
4,6 
97,8 
9,90 
38,1 
10:21:19 
34 
4,6 
97,8 
9,89 
38,4 
10:21:21 
34 
4,6 
97,5 
9,86 
38,5 
10:21:23 
34 
4,6 
97,6 
9,88 
38,4 
10:21:25 
34 
4,6 
97,5 
9,87 
38,4 
10:21:27 
34 
4,6 
97,3 
9,85 
38,4 
10:21:29 
34 
4,6 
97,9 
9,89 
38,5 
10:21:31 
34 
4,7 
97,5 
9,85 
38,5 
10:21:33 
34 
4,7 
97,6 
9,87 
38,7 
10:21:35 
34 
4,7 
99,2 
10,01 
38,8 
10:21:37 
34 
4,7 
97,4 
9,82 
38,8 
10:21:39 
34 
4,7 
97,5 
9,83 
38,7 
10:21:41 
34 
4,7 
97,8 
9,86 
38,9 
10:21:43 
34 
4,8 
96,9 
9,76 
38,9 
10:21:45 
34 
4,8 
96,0 
9,67 
39,1 
10:21:47 
34 
4,7 
97,1 
9,79 
39,0 
10:21:49 
34 
4,7 
97,4 
9,82 
39,2 
10:21:51 
34 
4,7 
97,2 
9,80 
39,4 
10:21:53 
34 
4,8 
97,4 
9,80 
40,0 
10:21:55 
34 
4,9 
97,0 
9,75 
40,3 
10:21:57 
 
Prøvedato 
26.04.2022 
Salinitet (ppt) 
Temperatur (°C) 
O2 (%) 
O2 (mg/l) Dybde 
(m) 
Tid 
0 
3,1 
84,4 
11,67 
0,3 
12:53:41 
34 
4,6 
94,7 
10,03 
1,2 
12:53:43 
34 
4,8 
95,4 
10,07 
1,7 
12:53:45 
 
Kvalnes 
        
           
 
 
Intern dok. Id. Rapport CTDO-måling  
Side 17 of 68   
 
34 
4,8 
95,6 
10,09 
1,4 
12:53:47 
34 
4,8 
95,2 
10,04 
2,2 
12:53:49 
34 
4,8 
96,3 
10,16 
2,5 
12:53:51 
34 
4,8 
96,5 
10,18 
3,4 
12:53:53 
34 
4,8 
95,5 
10,07 
4,6 
12:53:55 
34 
4,8 
96,1 
10,13 
5,8 
12:53:57 
34 
4,8 
96,2 
10,14 
7,1 
12:53:59 
34 
4,8 
96,8 
10,20 
9,0 
12:54:01 
34 
4,8 
97,2 
10,24 
10,3 
12:54:03 
34 
4,8 
97,0 
10,22 
12,1 
12:54:05 
34 
4,8 
97,1 
10,23 
13,8 
12:54:07 
34 
4,8 
97,1 
10,23 
14,8 
12:54:09 
34 
4,8 
97,3 
10,25 
16,8 
12:54:11 
34 
4,8 
97,3 
10,25 
18,5 
12:54:13 
34 
4,8 
97,3 
10,25 
20,4 
12:54:15 
34 
4,8 
97,3 
10,26 
22,4 
12:54:17 
34 
4,8 
97,5 
10,27 
24,5 
12:54:19 
34 
4,8 
97,4 
10,26 
26,1 
12:54:21 
34 
4,8 
97,4 
10,26 
28,0 
12:54:23 
34 
4,8 
97,4 
10,26 
29,8 
12:54:25 
34 
4,8 
97,4 
10,26 
31,8 
12:54:27 
34 
4,8 
97,5 
10,27 
34,5 
12:54:29 
34 
4,8 
97,3 
10,25 
37,1 
12:54:31 
34 
4,8 
97,2 
10,24 
39,3 
12:54:33 
 
Prøvedato 13.05.2022 
Salinitet 
(ppt) 
Temperatur 
(°C) 
O2 (%) 
O2 (mg/l) Dybde 
(m) 
Tid 
33 
5,1 
156,7 
16,08 
0,6 
12:56:20 
33 
5,2 
134,0 
13,71 
2,2 
12:56:22 
33 
5,2 
127,4 
13,04 
3,4 
12:56:24 
33 
5,2 
110,9 
11,35 
4,7 
12:56:26 
33 
5,2 
101,4 
10,37 
6,6 
12:56:28 
33 
5,2 
98,2 
10,05 
8,0 
12:56:30 
33 
5,2 
100,4 
10,27 
9,6 
12:56:32 
33 
5,1 
113,8 
11,64 
12,0 
12:56:34 
33 
5,1 
104,8 
10,73 
13,8 
12:56:36 
33 
5,1 
107,6 
11,02 
15,7 
12:56:38 
33 
5,1 
100,5 
10,28 
17,3 
12:56:40 
33 
5,1 
106,5 
10,90 
19,2 
12:56:42 
33 
5,1 
106,4 
10,89 
22,1 
12:56:44 
33 
5,1 
99,3 
10,16 
24,8 
12:56:46 
33 
5,1 
96,6 
9,89 
27,7 
12:56:48 
33 
5,2 
95,8 
9,80 
30,4 
12:56:50 
33 
5,1 
100,8 
10,32 
32,9 
12:56:52 
34 
5,1 
97,1 
9,94 
35,7 
12:56:54 
34 
5,0 
95,5 
9,79 
38,1 
12:56:56 
 
Kvalnes 
        
           
 
 
Intern dok. Id. Rapport CTDO-måling  
Side 18 of 68   
 
34 
5,0 
94,8 
9,72 
38,3 
12:56:58 
34 
5,0 
94,3 
9,67 
38,3 
12:57:00 
34 
5,0 
93,7 
9,61 
38,3 
12:57:02 
34 
5,0 
93,4 
9,57 
38,1 
12:57:04 
34 
5,0 
93,1 
9,54 
38,1 
12:57:06 
34 
5,0 
92,9 
9,52 
38,3 
12:57:08 
 
Prøvedato: 
16.06.2022 
Salinitet 
(ppt) 
Temperatur 
(°C) 
O2 (%) 
O2 (mg/l) 
Dybde 
(m) 
Tid 
33 
8,5 
102,7 
9,94 
0,9 
14:38:38 
34 
8,4 
100,2 
9,70 
2,8 
14:38:40 
34 
8,3 
100,2 
9,72 
4,9 
14:38:42 
34 
8,2 
104,2 
10,12 
6,8 
14:38:44 
34 
8,2 
102,6 
9,97 
9,0 
14:38:46 
34 
8,1 
101,1 
9,86 
10,6 
14:38:48 
34 
7,8 
102,6 
10,06 
12,6 
14:38:50 
34 
7,7 
102,7 
10,09 
14,6 
14:38:52 
34 
7,7 
103,0 
10,13 
16,7 
14:38:54 
34 
7,7 
100,9 
9,92 
18,7 
14:38:56 
34 
7,7 
101,4 
9,97 
20,6 
14:38:58 
34 
7,7 
100,8 
9,91 
22,4 
14:39:00 
34 
7,6 
100,4 
9,89 
25,2 
14:39:02 
34 
7,6 
100,0 
9,86 
27,9 
14:39:04 
34 
7,5 
99,8 
9,84 
30,6 
14:39:06 
34 
7,5 
99,3 
9,80 
33,1 
14:39:08 
34 
7,5 
98,9 
9,77 
35,9 
14:39:10 
34 
7,4 
98,5 
9,74 
38,5 
14:39:12 
34 
7,4 
98,4 
9,74 
39,9 
14:39:14 
34 
7,4 
98,3 
9,72 
39,9 
14:39:16 
34 
7,4 
98,1 
9,70 
39,9 
14:39:18 
34 
7,4 
97,8 
9,67 
40,0 
14:39:20 
34 
7,4 
97,4 
9,63 
39,9 
14:39:22 
34 
7,4 
97,0 
9,59 
39,9 
14:39:24 
34 
7,4 
96,7 
9,56 
40,0 
14:39:26 
34 
7,4 
96,5 
9,55 
40,0 
14:39:28 
34 
7,4 
96,2 
9,51 
39,9 
14:39:30 
34 
7,4 
96,0 
9,50 
39,9 
14:39:32 
34 
7,4 
95,9 
9,49 
40,0 
14:39:34 
 
Prøvedato: 
14.07.2022 
Salinitet 
(ppt) 
Temperatur 
(°C) 
O2 (%) 
O2 (mg/l) 
Dybde 
(m) 
Tid 
32 
11,6 
98,9 
8,93 
0,5 
11:51:28 
34 
11,5 
99,3 
8,85 
0,3 
11:51:30 
34 
11,5 
104,6 
9,33 
0,5 
11:51:32 
34 
11,5 
102,7 
9,16 
0,6 
11:51:34 
 
Kvalnes 
        
           
 
 
Intern dok. Id. Rapport CTDO-måling  
Side 19 of 68   
 
34 
11,5 
104,8 
9,34 
0,5 
11:51:36 
34 
11,5 
105,7 
9,43 
0,7 
11:51:38 
34 
11,5 
105,6 
9,42 
0,6 
11:51:40 
34 
11,5 
105,7 
9,42 
0,8 
11:51:42 
34 
11,5 
105,6 
9,42 
0,7 
11:51:44 
34 
11,5 
105,7 
9,44 
0,9 
11:51:46 
34 
11,5 
105,3 
9,40 
1,4 
11:51:48 
34 
11,5 
106,0 
9,46 
2,7 
11:51:50 
34 
11,5 
105,7 
9,43 
3,2 
11:51:52 
34 
11,5 
105,6 
9,43 
4,8 
11:51:54 
34 
11,5 
105,2 
9,39 
5,4 
11:51:56 
34 
11,5 
104,5 
9,33 
6,9 
11:51:58 
34 
11,5 
104,7 
9,35 
8,3 
11:52:00 
34 
11,5 
104,8 
9,36 
9,6 
11:52:02 
34 
11,5 
104,7 
9,36 
11,0 
11:52:04 
34 
11,5 
104,9 
9,38 
12,5 
11:52:06 
34 
11,4 
105,0 
9,40 
14,4 
11:52:08 
34 
11,4 
106,0 
9,48 
16,3 
11:52:10 
34 
11,4 
104,5 
9,35 
17,9 
11:52:12 
34 
11,4 
104,7 
9,37 
20,0 
11:52:14 
34 
11,4 
105,2 
9,42 
21,9 
11:52:16 
34 
11,4 
104,7 
9,37 
23,1 
11:52:18 
34 
11,3 
104,7 
9,38 
24,9 
11:52:20 
34 
11,3 
104,6 
9,37 
26,4 
11:52:22 
34 
11,3 
104,6 
9,37 
27,6 
11:52:24 
34 
11,3 
104,5 
9,37 
28,8 
11:52:26 
34 
11,3 
104,4 
9,37 
29,4 
11:52:28 
34 
11,3 
104,3 
9,36 
30,3 
11:52:30 
34 
11,3 
104,2 
9,35 
31,7 
11:52:32 
34 
11,2 
104,1 
9,35 
33,1 
11:52:34 
34 
11,1 
104,1 
9,36 
34,5 
11:52:36 
34 
11,1 
104,0 
9,36 
35,7 
11:52:38 
34 
11,1 
103,9 
9,36 
37,1 
11:52:40 
34 
11,0 
103,8 
9,35 
38,7 
11:52:42 
34 
11,0 
103,8 
9,36 
40,1 
11:52:44 
34 
11,0 
103,8 
9,36 
41,7 
11:52:46 
34 
11,0 
103,7 
9,36 
43,2 
11:52:48 
34 
11,0 
103,6 
9,36 
44,7 
11:52:50 
34 
10,9 
103,5 
9,35 
45,8 
11:52:52 
34 
10,5 
102,9 
9,38 
46,9 
11:52:54 
34 
10,3 
101,7 
9,32 
46,9 
11:52:56 
 
Prøvedato: 
25.08.2022 
Salinitet 
(ppt) 
Temperatur 
(°C) 
O2 (%) 
O2 (mg/l) 
Dybde 
(m) 
Tid 
33 
12,9 
102,9 
9,12 
0,5 
12:48:51 
33 
12,4 
102,7 
9,17 
2,2 
12:48:53 
 
Kvalnes 
        
           
 
 
Intern dok. Id. Rapport CTDO-måling  
Side 20 of 68   
 
33 
12,2 
104,7 
9,39 
3,5 
12:48:55 
33 
12,1 
101,1 
9,08 
5,3 
12:48:57 
33 
12,1 
101,0 
9,09 
6,7 
12:48:59 
33 
12,0 
102,5 
9,23 
8,2 
12:49:01 
33 
12,0 
101,4 
9,14 
10,2 
12:49:03 
33 
11,9 
104,4 
9,43 
11,6 
12:49:05 
33 
11,8 
102,4 
9,27 
13,4 
12:49:07 
33 
11,6 
98,8 
8,96 
14,9 
12:49:09 
33 
11,6 
100,3 
9,10 
16,4 
12:49:11 
33 
11,6 
99,6 
9,04 
17,3 
12:49:13 
33 
11,5 
99,8 
9,07 
19,6 
12:49:15 
33 
11,5 
99,1 
9,01 
21,2 
12:49:17 
33 
11,4 
98,6 
8,97 
23,0 
12:49:19 
33 
11,4 
97,8 
8,90 
24,9 
12:49:21 
33 
11,4 
98,0 
8,92 
26,6 
12:49:23 
33 
11,4 
98,8 
9,00 
28,4 
12:49:25 
33 
11,4 
97,5 
8,89 
30,4 
12:49:27 
33 
11,3 
98,5 
8,99 
32,0 
12:49:29 
33 
11,3 
97,2 
8,87 
33,9 
12:49:31 
33 
11,3 
97,6 
8,91 
35,9 
12:49:33 
33 
11,3 
97,2 
8,87 
37,5 
12:49:35 
33 
11,3 
97,3 
8,88 
38,4 
12:49:37 
33 
11,3 
97,4 
8,89 
38,9 
12:49:39 
33 
11,3 
97,1 
8,87 
38,9 
12:49:41 
33 
11,3 
96,9 
8,84 
38,9 
12:49:43 
33 
11,3 
96,6 
8,82 
38,6 
12:49:45 
33 
11,3 
96,5 
8,80 
39,0 
12:49:47 
33 
11,3 
96,4 
8,80 
38,8 
12:49:49 
33 
11,3 
96,4 
8,80 
39,0 
12:49:51 
33 
11,3 
96,5 
8,81 
39,0 
12:49:53 
33 
11,3 
96,4 
8,80 
39,0 
12:49:55 
33 
11,3 
96,3 
8,79 
39,0 
12:49:57 
 
 
 
 
Kvalnes 
        
           
 
 
Intern dok. Id. Rapport CTDO-måling  
Side 21 of 68   
 
Grønn Inn Vinter 
Prøvedato: 
10.03.2022 
Salinitet (ppt) 
Temperatur (°C) 
O2 (%) 
O2 (mg/l) 
Dybde (m) 
Tid 
0 
4,6 
58,1 
7,39 
0,5 
13:28:32 
2 
4,3 
93,6 
11,83 
0,3 
13:28:34 
34 
4,3 
98,6 
10,06 
1,2 
13:28:36 
34 
4,3 
100,1 
10,22 
1,2 
13:28:38 
34 
4,3 
98,9 
10,10 
2,0 
13:28:40 
34 
4,3 
101,0 
10,31 
2,2 
13:28:42 
34 
4,3 
101,7 
10,38 
2,9 
13:28:44 
34 
4,3 
101,2 
10,32 
3,6 
13:28:46 
34 
4,3 
101,3 
10,34 
4,0 
13:28:48 
34 
4,3 
101,1 
10,31 
4,0 
13:28:50 
34 
4,3 
102,0 
10,41 
5,3 
13:28:52 
34 
4,3 
101,6 
10,37 
5,5 
13:28:54 
34 
4,3 
101,4 
10,34 
5,7 
13:28:56 
34 
4,3 
101,8 
10,38 
6,8 
13:28:58 
34 
4,3 
101,7 
10,38 
7,3 
13:29:00 
34 
4,3 
101,9 
10,39 
8,9 
13:29:02 
34 
4,3 
101,8 
10,38 
9,0 
13:29:04 
34 
4,3 
101,9 
10,39 
10,5 
13:29:06 
34 
4,3 
102,0 
10,40 
10,5 
13:29:08 
34 
4,3 
101,4 
10,34 
11,9 
13:29:10 
34 
4,3 
101,0 
10,30 
12,7 
13:29:12 
34 
4,3 
101,2 
10,32 
13,8 
13:29:14 
34 
4,3 
101,2 
10,32 
15,0 
13:29:16 
34 
4,3 
101,6 
10,36 
15,7 
13:29:18 
34 
4,3 
101,5 
10,35 
17,1 
13:29:20 
34 
4,3 
101,7 
10,37 
18,2 
13:29:22 
34 
4,4 
101,8 
10,38 
19,4 
13:29:24 
34 
4,4 
101,5 
10,35 
20,4 
13:29:26 
34 
4,4 
101,7 
10,37 
21,7 
13:29:28 
34 
4,3 
101,8 
10,38 
23,2 
13:29:30 
34 
4,3 
101,6 
10,36 
24,9 
13:29:32 
34 
4,3 
101,6 
10,37 
27,1 
13:29:34 
34 
4,3 
101,5 
10,36 
28,5 
13:29:36 
34 
4,3 
101,5 
10,35 
30,6 
13:29:38 
34 
4,4 
102,0 
10,39 
32,4 
13:29:40 
34 
4,4 
101,8 
10,38 
34,6 
13:29:42 
34 
4,4 
101,6 
10,35 
35,6 
13:29:44 
34 
4,4 
101,4 
10,33 
37,0 
13:29:46 
34 
4,4 
101,4 
10,33 
38,0 
13:29:48 
34 
4,4 
101,5 
10,33 
39,8 
13:29:50 
34 
4,4 
101,5 
10,33 
40,2 
13:29:52 
34 
4,4 
101,3 
10,31 
40,9 
13:29:54 
34 
4,4 
101,3 
10,31 
42,5 
13:29:56 
 
Kvalnes 
        
           
 
 
Intern dok. Id. Rapport CTDO-måling  
Side 22 of 68   
 
34 
4,4 
101,2 
10,31 
43,6 
13:29:58 
34 
4,4 
101,3 
10,31 
45,5 
13:30:00 
34 
4,4 
101,2 
10,31 
46,5 
13:30:02 
34 
4,4 
101,2 
10,31 
47,9 
13:30:04 
34 
4,4 
101,1 
10,29 
48,4 
13:30:06 
34 
4,4 
101,1 
10,29 
49,6 
13:30:08 
34 
4,4 
100,9 
10,27 
50,3 
13:30:10 
34 
4,4 
100,9 
10,27 
51,4 
13:30:12 
34 
4,4 
101,0 
10,27 
53,3 
13:30:14 
34 
4,4 
100,8 
10,26 
54,6 
13:30:16 
34 
4,4 
100,8 
10,26 
55,9 
13:30:18 
34 
4,4 
100,8 
10,25 
57,4 
13:30:20 
34 
4,4 
100,7 
10,24 
58,3 
13:30:22 
34 
4,4 
100,7 
10,24 
59,9 
13:30:24 
34 
4,4 
100,7 
10,24 
61,5 
13:30:26 
34 
4,4 
100,8 
10,25 
63,2 
13:30:28 
34 
4,4 
100,6 
10,23 
64,6 
13:30:30 
34 
4,4 
100,6 
10,24 
66,6 
13:30:32 
34 
4,4 
100,6 
10,24 
68,3 
13:30:34 
34 
4,4 
100,5 
10,22 
69,6 
13:30:36 
34 
4,5 
100,6 
10,23 
70,9 
13:30:38 
34 
4,5 
100,6 
10,23 
72,7 
13:30:40 
34 
4,5 
100,5 
10,22 
73,6 
13:30:42 
34 
4,5 
100,5 
10,21 
74,7 
13:30:44 
34 
4,5 
100,6 
10,22 
76,3 
13:30:46 
34 
4,5 
100,6 
10,22 
77,2 
13:30:48 
34 
4,5 
100,5 
10,21 
78,1 
13:30:50 
34 
4,5 
100,5 
10,21 
79,3 
13:30:52 
34 
4,5 
100,5 
10,21 
79,9 
13:30:54 
34 
4,5 
100,5 
10,20 
80,9 
13:30:56 
34 
4,5 
100,4 
10,20 
80,9 
13:30:58 
34 
4,5 
100,4 
10,20 
81,9 
13:31:00 
34 
4,5 
100,4 
10,19 
81,8 
13:31:02 
34 
4,5 
100,4 
10,19 
82,5 
13:31:04 
34 
4,5 
100,3 
10,18 
82,7 
13:31:06 
34 
4,5 
100,3 
10,18 
83,7 
13:31:08 
34 
4,5 
100,2 
10,18 
83,8 
13:31:10 
34 
4,5 
100,3 
10,18 
85,1 
13:31:12 
34 
4,5 
100,3 
10,18 
86,5 
13:31:14 
34 
4,5 
100,2 
10,17 
87,6 
13:31:16 
34 
4,5 
100,2 
10,17 
88,3 
13:31:18 
34 
4,5 
100,2 
10,17 
89,6 
13:31:20 
34 
4,5 
100,2 
10,16 
90,0 
13:31:22 
34 
4,5 
100,2 
10,17 
90,9 
13:31:24 
34 
4,5 
100,2 
10,16 
91,1 
13:31:26 
34 
4,5 
100,0 
10,14 
92,0 
13:31:28 
 
Kvalnes 
        
           
 
 
Intern dok. Id. Rapport CTDO-måling  
Side 23 of 68   
 
34 
4,6 
100,1 
10,15 
92,8 
13:31:30 
34 
4,6 
100,1 
10,14 
94,4 
13:31:32 
34 
4,6 
100,0 
10,14 
95,9 
13:31:34 
34 
4,6 
100,0 
10,13 
97,9 
13:31:36 
34 
4,6 
100,0 
10,12 
99,2 
13:31:38 
34 
4,6 
100,0 
10,12 
100,9 
13:31:40 
34 
4,6 
100,0 
10,12 
102,2 
13:31:42 
34 
4,7 
100,1 
10,11 
103,4 
13:31:44 
34 
4,7 
100,1 
10,10 
104,7 
13:31:46 
34 
4,7 
100,0 
10,09 
105,7 
13:31:48 
34 
4,7 
100,0 
10,09 
107,1 
13:31:50 
34 
4,8 
100,0 
10,08 
108,2 
13:31:52 
34 
4,8 
100,0 
10,08 
108,8 
13:31:54 
34 
4,8 
99,9 
10,06 
109,1 
13:31:56 
34 
4,8 
99,9 
10,06 
109,1 
13:31:58 
34 
4,8 
99,8 
10,05 
108,6 
13:32:00 
34 
4,8 
99,7 
10,05 
107,8 
13:32:02 
34 
4,7 
99,7 
10,05 
107,1 
13:32:04 
34 
4,7 
99,6 
10,04 
106,4 
13:32:06 
34 
4,7 
99,6 
10,04 
106,3 
13:32:08 
34 
4,7 
99,6 
10,04 
105,7 
13:32:10 
34 
4,7 
99,5 
10,04 
105,2 
13:32:12 
34 
4,7 
99,5 
10,04 
104,9 
13:32:14 
34 
4,7 
99,4 
10,04 
104,4 
13:32:16 
34 
4,7 
99,4 
10,03 
104,4 
13:32:18 
34 
4,7 
99,4 
10,03 
104,2 
13:32:20 
34 
4,7 
99,4 
10,03 
104,3 
13:32:22 
34 
4,7 
99,3 
10,02 
104,0 
13:32:24 
34 
4,7 
99,3 
10,02 
104,1 
13:32:26 
34 
4,7 
99,3 
10,02 
104,8 
13:32:28 
34 
4,7 
99,2 
10,01 
106,0 
13:32:30 
34 
4,8 
99,3 
10,02 
107,0 
13:32:32 
34 
4,8 
99,2 
10,00 
107,3 
13:32:34 
34 
4,8 
99,3 
10,01 
108,9 
13:32:36 
34 
4,8 
99,2 
10,00 
110,1 
13:32:38 
34 
4,8 
99,3 
10,00 
111,8 
13:32:40 
34 
4,8 
99,3 
10,00 
113,2 
13:32:42 
34 
4,8 
99,3 
9,99 
114,5 
13:32:44 
34 
4,8 
99,3 
9,99 
116,2 
13:32:46 
34 
4,9 
99,3 
9,98 
117,4 
13:32:48 
34 
4,9 
99,3 
9,98 
118,1 
13:32:50 
34 
4,9 
99,3 
9,97 
118,8 
13:32:52 
34 
4,9 
99,3 
9,97 
119,3 
13:32:54 
34 
4,9 
99,2 
9,97 
119,4 
13:32:56 
34 
4,9 
99,2 
9,97 
119,7 
13:32:58 
34 
4,9 
99,1 
9,96 
119,9 
13:33:00 
 
Kvalnes 
        
           
 
 
Intern dok. Id. Rapport CTDO-måling  
Side 24 of 68   
 
34 
4,9 
99,1 
9,97 
121,1 
13:33:02 
34 
4,9 
99,1 
9,96 
122,3 
13:33:04 
34 
5,0 
99,2 
9,94 
123,9 
13:33:06 
34 
5,0 
99,2 
9,93 
125,6 
13:33:08 
34 
5,0 
99,1 
9,93 
127,2 
13:33:10 
34 
5,0 
99,1 
9,94 
129,1 
13:33:12 
34 
5,0 
99,1 
9,93 
130,6 
13:33:14 
34 
5,0 
99,1 
9,93 
132,4 
13:33:16 
34 
5,0 
99,1 
9,92 
134,1 
13:33:18 
34 
5,0 
99,1 
9,92 
135,9 
13:33:20 
34 
5,0 
99,1 
9,92 
137,8 
13:33:22 
34 
5,0 
99,0 
9,91 
139,6 
13:33:24 
34 
5,1 
99,1 
9,90 
141,5 
13:33:26 
34 
5,1 
99,2 
9,90 
143,2 
13:33:28 
34 
5,2 
99,1 
9,88 
144,5 
13:33:30 
34 
5,2 
99,2 
9,88 
145,8 
13:33:32 
34 
5,2 
99,2 
9,88 
147,0 
13:33:34 
34 
5,3 
99,1 
9,86 
147,7 
13:33:36 
34 
5,3 
99,0 
9,86 
148,9 
13:33:38 
34 
5,3 
99,0 
9,86 
150,3 
13:33:40 
34 
5,3 
99,1 
9,84 
151,8 
13:33:42 
34 
5,4 
98,9 
9,83 
152,8 
13:33:44 
34 
5,4 
98,9 
9,82 
154,0 
13:33:46 
34 
5,4 
98,9 
9,82 
155,3 
13:33:48 
34 
5,4 
98,9 
9,81 
156,8 
13:33:50 
34 
5,4 
98,8 
9,80 
158,3 
13:33:52 
34 
5,4 
98,8 
9,80 
159,8 
13:33:54 
34 
5,4 
98,7 
9,78 
161,1 
13:33:56 
34 
5,5 
98,8 
9,78 
162,6 
13:33:58 
34 
5,5 
98,7 
9,76 
163,1 
13:34:00 
34 
5,5 
98,6 
9,76 
164,1 
13:34:02 
34 
5,5 
98,6 
9,76 
165,4 
13:34:04 
34 
5,5 
98,6 
9,75 
166,9 
13:34:06 
34 
5,5 
98,5 
9,75 
168,3 
13:34:08 
34 
5,5 
98,5 
9,74 
169,7 
13:34:10 
34 
5,6 
98,5 
9,73 
171,2 
13:34:12 
34 
5,6 
98,5 
9,70 
172,6 
13:34:14 
34 
5,7 
98,6 
9,71 
174,1 
13:34:16 
34 
5,8 
98,6 
9,69 
174,1 
13:34:18 
34 
5,8 
98,5 
9,68 
174,3 
13:34:20 
34 
5,8 
98,4 
9,67 
174,6 
13:34:22 
34 
5,8 
98,3 
9,65 
175,0 
13:34:24 
34 
5,8 
98,2 
9,64 
175,2 
13:34:26 
 
 
 
 
Kvalnes 
        
           
 
 
Intern dok. Id. Rapport CTDO-måling  
Side 25 of 68   
 
Prøvedato: 
08.04.2022 
Salinitet (ppt) 
Temperatur (°C) 
O2 (%) 
O2 (mg/l) 
Dybde (m) 
Tid 
0 
2,4 
60,0 
8,09 
0,2 
10:28:28 
34 
3,6 
88,0 
9,14 
1,3 
10:28:30 
34 
3,7 
89,3 
9,27 
3,6 
10:28:32 
34 
3,7 
94,7 
9,81 
6,2 
10:28:34 
34 
3,8 
95,4 
9,86 
8,7 
10:28:36 
34 
3,8 
96,6 
9,98 
11,4 
10:28:38 
34 
3,8 
96,2 
9,93 
13,7 
10:28:40 
34 
3,9 
96,5 
9,95 
16,1 
10:28:42 
34 
3,9 
97,0 
10,00 
18,7 
10:28:44 
34 
3,9 
97,0 
9,99 
21,0 
10:28:46 
34 
3,9 
98,1 
10,09 
23,4 
10:28:48 
34 
3,9 
98,6 
10,15 
25,7 
10:28:50 
34 
4,0 
98,7 
10,14 
28,1 
10:28:52 
34 
4,1 
98,9 
10,15 
30,3 
10:28:54 
34 
4,1 
98,8 
10,13 
32,5 
10:28:56 
34 
4,2 
98,4 
10,07 
34,7 
10:28:58 
34 
4,2 
98,2 
10,02 
37,0 
10:29:00 
34 
4,3 
99,2 
10,11 
39,4 
10:29:02 
34 
4,4 
99,2 
10,10 
40,5 
10:29:04 
34 
4,5 
99,6 
10,10 
43,1 
10:29:06 
34 
4,6 
99,7 
10,09 
45,4 
10:29:08 
34 
4,6 
99,5 
10,07 
47,6 
10:29:10 
34 
4,6 
99,5 
10,07 
49,6 
10:29:12 
34 
4,6 
99,5 
10,08 
52,0 
10:29:14 
34 
4,7 
99,5 
10,04 
54,3 
10:29:16 
34 
4,8 
99,5 
10,01 
56,5 
10:29:18 
34 
4,9 
99,6 
10,01 
58,3 
10:29:20 
34 
4,9 
99,5 
10,00 
60,9 
10:29:22 
34 
4,9 
99,4 
9,98 
63,4 
10:29:24 
34 
4,9 
99,3 
9,96 
65,6 
10:29:26 
34 
4,9 
99,3 
9,96 
68,5 
10:29:28 
34 
4,9 
99,1 
9,95 
70,6 
10:29:30 
34 
4,9 
99,0 
9,93 
72,9 
10:29:32 
34 
5,0 
99,0 
9,91 
75,3 
10:29:34 
34 
5,1 
99,0 
9,90 
77,4 
10:29:36 
34 
5,1 
98,9 
9,88 
79,8 
10:29:38 
34 
5,1 
99,1 
9,89 
82,5 
10:29:40 
34 
5,1 
99,1 
9,89 
85,2 
10:29:42 
34 
5,1 
98,9 
9,87 
87,5 
10:29:44 
34 
5,1 
98,7 
9,85 
89,9 
10:29:46 
34 
5,2 
98,6 
9,84 
92,5 
10:29:48 
34 
5,2 
98,6 
9,83 
95,1 
10:29:50 
34 
5,2 
98,5 
9,82 
97,6 
10:29:52 
34 
5,2 
98,4 
9,80 
99,8 
10:29:54 
 
Kvalnes 
        
           
 
 
Intern dok. Id. Rapport CTDO-måling  
Side 26 of 68   
 
34 
5,2 
98,3 
9,78 
102,4 
10:29:56 
34 
5,3 
98,3 
9,78 
104,7 
10:29:58 
34 
5,3 
98,2 
9,76 
106,9 
10:30:00 
34 
5,5 
98,3 
9,73 
109,4 
10:30:02 
34 
5,5 
98,2 
9,70 
111,7 
10:30:04 
34 
5,5 
98,1 
9,70 
114,1 
10:30:06 
34 
5,5 
98,0 
9,69 
116,5 
10:30:08 
34 
5,5 
97,9 
9,69 
119,0 
10:30:10 
34 
5,5 
97,8 
9,67 
121,6 
10:30:12 
34 
5,5 
97,7 
9,66 
124,2 
10:30:14 
34 
5,5 
97,6 
9,64 
126,7 
10:30:16 
34 
5,5 
97,5 
9,63 
129,2 
10:30:18 
34 
5,5 
97,5 
9,62 
131,6 
10:30:20 
34 
5,6 
97,4 
9,60 
134,1 
10:30:22 
34 
5,6 
97,3 
9,59 
136,6 
10:30:24 
34 
5,6 
97,2 
9,58 
139,0 
10:30:26 
34 
5,6 
97,2 
9,57 
141,4 
10:30:28 
34 
5,7 
97,1 
9,56 
144,0 
10:30:30 
34 
5,7 
97,1 
9,55 
146,4 
10:30:32 
34 
5,7 
97,0 
9,53 
149,0 
10:30:34 
34 
5,8 
97,0 
9,52 
151,6 
10:30:36 
34 
5,8 
96,9 
9,51 
154,2 
10:30:38 
34 
5,8 
96,8 
9,50 
156,8 
10:30:40 
34 
5,8 
96,7 
9,49 
159,3 
10:30:42 
34 
5,8 
96,6 
9,48 
162,0 
10:30:44 
34 
5,8 
96,6 
9,47 
164,6 
10:30:46 
34 
5,9 
96,6 
9,45 
167,1 
10:30:48 
34 
6,0 
96,6 
9,43 
169,7 
10:30:50 
34 
6,1 
96,5 
9,40 
170,6 
10:30:52 
34 
6,1 
96,4 
9,38 
171,0 
10:30:54 
34 
6,1 
96,1 
9,35 
171,0 
10:30:56 
34 
6,1 
95,9 
9,32 
171,0 
10:30:58 
34 
6,1 
95,6 
9,30 
171,0 
10:31:00 
34 
6,1 
95,5 
9,29 
171,0 
10:31:02 
34 
6,1 
95,3 
9,27 
171,0 
10:31:04 
34 
6,2 
95,1 
9,25 
171,0 
10:31:06 
34 
6,2 
95,0 
9,23 
171,0 
10:31:08 
34 
6,2 
94,8 
9,21 
171,0 
10:31:10 
34 
6,2 
94,6 
9,20 
171,0 
10:31:12 
34 
6,2 
94,4 
9,18 
171,0 
10:31:14 
34 
6,2 
94,3 
9,16 
171,0 
10:31:16 
 
Prøvedato: 
26.04.2022 
Salinitet 
(ppt) 
Temperatur 
(°C) 
O2 (%) 
O2 (mg/l) 
Dybde (m) 
Tid 
34 
4,7 
95,7 
10,11 
1,2 
12:36:36 
34 
4,8 
97,5 
10,28 
2,5 
12:36:38 
 
Kvalnes 
        
           
 
 
Intern dok. Id. Rapport CTDO-måling  
Side 27 of 68   
 
34 
4,8 
95,4 
10,05 
4,4 
12:36:40 
34 
4,8 
97,2 
10,24 
6,8 
12:36:42 
34 
4,8 
97,6 
10,28 
9,1 
12:36:44 
34 
4,8 
97,9 
10,31 
11,2 
12:36:46 
34 
4,8 
98,4 
10,36 
13,4 
12:36:48 
34 
4,8 
98,8 
10,40 
15,9 
12:36:50 
34 
4,8 
98,8 
10,40 
18,4 
12:36:52 
34 
4,8 
98,8 
10,40 
21,0 
12:36:54 
34 
4,8 
98,9 
10,42 
23,4 
12:36:56 
34 
4,8 
98,8 
10,40 
25,8 
12:36:58 
34 
4,8 
99,0 
10,42 
28,4 
12:37:00 
34 
4,8 
99,0 
10,42 
30,5 
12:37:02 
34 
4,8 
98,9 
10,41 
32,3 
12:37:04 
34 
4,8 
98,9 
10,41 
34,5 
12:37:06 
34 
4,8 
98,8 
10,40 
36,8 
12:37:08 
34 
4,8 
98,8 
10,40 
39,0 
12:37:10 
34 
4,8 
98,7 
10,39 
41,2 
12:37:12 
34 
4,8 
98,6 
10,38 
43,2 
12:37:14 
34 
4,8 
98,6 
10,38 
45,1 
12:37:16 
34 
4,8 
98,6 
10,38 
47,2 
12:37:18 
34 
4,8 
98,7 
10,39 
49,7 
12:37:20 
34 
4,8 
98,5 
10,37 
51,8 
12:37:22 
34 
4,8 
98,5 
10,36 
54,3 
12:37:24 
34 
4,8 
98,4 
10,36 
55,7 
12:37:26 
34 
4,8 
98,3 
10,35 
55,9 
12:37:28 
34 
4,8 
98,2 
10,33 
56,4 
12:37:30 
34 
4,8 
98,2 
10,33 
59,0 
12:37:32 
34 
4,8 
98,2 
10,33 
61,4 
12:37:34 
34 
4,8 
98,1 
10,32 
63,8 
12:37:36 
34 
4,8 
98,1 
10,32 
66,0 
12:37:38 
34 
4,8 
98,2 
10,32 
68,4 
12:37:40 
34 
4,9 
98,1 
10,32 
70,2 
12:37:42 
34 
4,9 
98,1 
10,31 
72,3 
12:37:44 
34 
4,9 
98,0 
10,31 
74,4 
12:37:46 
34 
4,9 
98,0 
10,31 
76,5 
12:37:48 
34 
4,8 
97,9 
10,30 
78,8 
12:37:50 
34 
4,8 
98,0 
10,31 
81,2 
12:37:52 
34 
4,8 
97,9 
10,30 
83,7 
12:37:54 
34 
4,9 
97,9 
10,29 
86,0 
12:37:56 
34 
4,8 
97,8 
10,29 
88,2 
12:37:58 
34 
4,8 
97,8 
10,29 
90,6 
12:38:00 
34 
4,7 
97,6 
10,30 
92,9 
12:38:02 
34 
4,7 
97,5 
10,29 
95,3 
12:38:04 
34 
4,8 
97,1 
10,24 
97,6 
12:38:06 
34 
4,8 
96,7 
10,18 
99,9 
12:38:08 
34 
4,8 
96,3 
10,13 
102,3 
12:38:10 
 
Kvalnes 
        
           
 
 
Intern dok. Id. Rapport CTDO-måling  
Side 28 of 68   
 
34 
4,8 
95,8 
10,08 
104,7 
12:38:12 
34 
4,8 
95,4 
10,04 
107,0 
12:38:14 
34 
4,8 
95,1 
10,00 
109,2 
12:38:16 
34 
4,8 
94,9 
9,97 
111,5 
12:38:18 
34 
4,8 
94,6 
9,94 
113,7 
12:38:20 
34 
4,8 
94,1 
9,89 
116,0 
12:38:22 
34 
4,9 
93,8 
9,85 
118,2 
12:38:24 
34 
4,9 
93,5 
9,83 
120,5 
12:38:26 
34 
4,9 
93,3 
9,80 
122,8 
12:38:28 
34 
4,9 
92,9 
9,75 
124,9 
12:38:30 
34 
4,9 
92,6 
9,71 
127,1 
12:38:32 
34 
5,0 
92,3 
9,66 
129,3 
12:38:34 
34 
5,0 
91,9 
9,62 
131,4 
12:38:36 
34 
5,0 
91,5 
9,57 
133,5 
12:38:38 
34 
5,0 
91,0 
9,52 
135,7 
12:38:40 
34 
5,1 
90,7 
9,47 
137,7 
12:38:42 
34 
5,1 
90,4 
9,43 
139,9 
12:38:44 
34 
5,2 
90,3 
9,39 
141,9 
12:38:46 
34 
5,2 
89,9 
9,35 
144,0 
12:38:48 
34 
5,2 
89,4 
9,29 
146,0 
12:38:50 
34 
5,3 
89,0 
9,24 
148,0 
12:38:52 
34 
5,4 
88,7 
9,19 
150,0 
12:38:54 
34 
5,4 
88,3 
9,14 
152,0 
12:38:56 
34 
5,5 
88,1 
9,09 
153,9 
12:38:58 
34 
5,6 
87,8 
9,04 
155,7 
12:39:00 
34 
5,7 
87,6 
8,99 
157,6 
12:39:02 
34 
5,8 
87,3 
8,94 
159,5 
12:39:04 
34 
5,9 
87,0 
8,90 
161,4 
12:39:06 
34 
5,9 
86,9 
8,87 
163,2 
12:39:08 
35 
6,1 
86,7 
8,82 
165,1 
12:39:10 
35 
6,2 
86,5 
8,78 
166,9 
12:39:12 
35 
6,2 
86,3 
8,74 
168,7 
12:39:14 
35 
6,3 
86,2 
8,72 
170,4 
12:39:16 
35 
6,3 
86,0 
8,70 
172,2 
12:39:18 
35 
6,3 
85,8 
8,67 
173,9 
12:39:20 
35 
6,4 
85,6 
8,64 
175,6 
12:39:22 
35 
6,4 
85,5 
8,62 
176,2 
12:39:24 
35 
6,4 
85,1 
8,58 
176,2 
12:39:26 
35 
6,4 
84,8 
8,55 
176,3 
12:39:28 
35 
6,4 
84,6 
8,53 
176,2 
12:39:30 
35 
6,4 
84,3 
8,50 
176,2 
12:39:32 
35 
6,4 
84,0 
8,47 
176,2 
12:39:34 
35 
6,4 
83,7 
8,44 
176,2 
12:39:36 
35 
6,4 
83,5 
8,42 
176,2 
12:39:38 
35 
6,4 
83,1 
8,38 
176,2 
12:39:40 
 
 
Kvalnes 
        
           
 
 
Intern dok. Id. Rapport CTDO-måling  
Side 29 of 68   
 
Prøvedato: 
13.05.2022 
Salinitet 
(ppt) 
Temperatur 
(°C) 
O2 (%) 
O2 (mg/l) 
Dybde (m) 
Tid 
25 
5,3 
84,8 
9,09 
0,4 
12:40:59 
33 
5,3 
94,1 
9,59 
1,2 
12:41:01 
33 
5,2 
93,0 
9,48 
2,3 
12:41:03 
33 
5,2 
94,4 
9,63 
2,0 
12:41:05 
33 
5,2 
93,1 
9,49 
3,3 
12:41:07 
33 
5,2 
95,5 
9,75 
4,6 
12:41:09 
33 
5,2 
95,6 
9,76 
5,9 
12:41:11 
33 
5,2 
95,6 
9,76 
6,7 
12:41:13 
33 
5,2 
95,6 
9,76 
9,1 
12:41:15 
33 
5,2 
95,8 
9,78 
11,7 
12:41:17 
33 
5,2 
94,9 
9,68 
14,4 
12:41:19 
33 
5,2 
96,4 
9,82 
17,0 
12:41:21 
34 
5,2 
96,5 
9,83 
18,9 
12:41:23 
34 
5,2 
94,9 
9,67 
21,4 
12:41:25 
34 
5,2 
94,1 
9,59 
23,6 
12:41:27 
34 
5,2 
95,8 
9,77 
25,9 
12:41:29 
34 
5,2 
92,6 
9,45 
28,4 
12:41:31 
34 
5,2 
92,3 
9,40 
30,9 
12:41:33 
34 
5,2 
93,9 
9,56 
33,7 
12:41:35 
34 
5,2 
94,3 
9,60 
36,3 
12:41:37 
34 
5,2 
94,5 
9,61 
38,6 
12:41:39 
34 
5,2 
94,7 
9,63 
40,8 
12:41:41 
34 
5,2 
94,2 
9,58 
43,0 
12:41:43 
34 
5,2 
93,0 
9,46 
45,6 
12:41:45 
34 
5,2 
93,3 
9,50 
48,2 
12:41:47 
34 
5,2 
93,6 
9,53 
49,9 
12:41:49 
34 
5,2 
93,4 
9,51 
51,9 
12:41:51 
34 
5,1 
93,5 
9,53 
54,2 
12:41:53 
34 
5,1 
93,6 
9,53 
56,5 
12:41:55 
34 
5,1 
92,6 
9,43 
58,5 
12:41:57 
34 
5,1 
92,7 
9,45 
60,8 
12:41:59 
34 
5,1 
93,2 
9,50 
63,1 
12:42:01 
34 
5,1 
92,5 
9,43 
65,4 
12:42:03 
34 
5,1 
92,6 
9,46 
67,8 
12:42:05 
34 
5,1 
92,5 
9,43 
70,3 
12:42:07 
34 
5,1 
92,3 
9,42 
72,8 
12:42:09 
34 
5,1 
92,6 
9,43 
75,2 
12:42:11 
34 
5,2 
92,6 
9,42 
77,7 
12:42:13 
34 
5,3 
92,7 
9,40 
80,2 
12:42:15 
34 
5,4 
92,7 
9,38 
82,7 
12:42:17 
34 
5,4 
92,5 
9,36 
85,1 
12:42:19 
34 
5,4 
92,4 
9,34 
87,5 
12:42:21 
34 
5,4 
92,2 
9,32 
89,6 
12:42:23 
34 
5,4 
91,9 
9,30 
91,7 
12:42:25 
 
Kvalnes 
        
           
 
 
Intern dok. Id. Rapport CTDO-måling  
Side 30 of 68   
 
34 
5,4 
91,6 
9,27 
94,0 
12:42:27 
34 
5,4 
91,6 
9,27 
96,4 
12:42:29 
34 
5,4 
91,6 
9,26 
98,6 
12:42:31 
34 
5,4 
91,7 
9,28 
100,8 
12:42:33 
34 
5,4 
91,3 
9,23 
103,1 
12:42:35 
34 
5,4 
91,2 
9,23 
105,5 
12:42:37 
34 
5,4 
91,1 
9,21 
107,8 
12:42:39 
34 
5,4 
91,0 
9,21 
110,0 
12:42:41 
34 
5,4 
91,0 
9,20 
112,2 
12:42:43 
34 
5,4 
90,9 
9,19 
114,4 
12:42:45 
34 
5,3 
90,8 
9,19 
116,6 
12:42:47 
34 
5,3 
90,7 
9,19 
118,8 
12:42:49 
34 
5,3 
90,6 
9,19 
120,9 
12:42:51 
34 
5,3 
90,6 
9,18 
123,0 
12:42:53 
34 
5,3 
90,5 
9,16 
125,1 
12:42:55 
34 
5,4 
90,6 
9,16 
127,2 
12:42:57 
34 
5,4 
90,5 
9,14 
129,3 
12:42:59 
34 
5,5 
90,4 
9,12 
131,4 
12:43:01 
34 
5,5 
90,2 
9,10 
133,4 
12:43:03 
34 
5,5 
90,1 
9,08 
135,5 
12:43:05 
34 
5,5 
89,9 
9,06 
137,6 
12:43:07 
34 
5,5 
89,7 
9,05 
139,6 
12:43:09 
34 
5,5 
89,6 
9,04 
141,6 
12:43:11 
34 
5,4 
89,4 
9,02 
143,6 
12:43:13 
34 
5,5 
89,3 
9,01 
145,6 
12:43:15 
34 
5,5 
89,2 
8,99 
147,6 
12:43:17 
34 
5,4 
89,0 
8,98 
149,7 
12:43:19 
34 
5,5 
88,9 
8,96 
151,7 
12:43:21 
34 
5,5 
88,7 
8,92 
153,8 
12:43:23 
34 
5,6 
88,5 
8,91 
155,8 
12:43:25 
34 
5,6 
88,4 
8,89 
157,8 
12:43:27 
34 
5,7 
88,3 
8,86 
159,8 
12:43:29 
34 
5,8 
88,3 
8,84 
161,8 
12:43:31 
34 
5,8 
88,2 
8,81 
163,8 
12:43:33 
34 
5,9 
88,1 
8,78 
165,7 
12:43:35 
34 
5,9 
87,9 
8,76 
167,6 
12:43:37 
34 
6,0 
87,7 
8,73 
169,5 
12:43:39 
34 
6,0 
87,5 
8,70 
171,5 
12:43:41 
34 
6,0 
87,3 
8,68 
173,4 
12:43:43 
34 
6,0 
87,1 
8,66 
175,3 
12:43:45 
34 
6,0 
86,9 
8,64 
175,7 
12:43:47 
34 
6,0 
86,7 
8,62 
176,1 
12:43:49 
34 
6,0 
86,5 
8,60 
176,3 
12:43:51 
34 
6,0 
86,3 
8,57 
176,3 
12:43:53 
34 
6,0 
86,0 
8,55 
176,2 
12:43:55 
34 
6,0 
85,8 
8,53 
176,1 
12:43:57 
 
Kvalnes 
        
           
 
 
Intern dok. Id. Rapport CTDO-måling  
Side 31 of 68   
 
34 
6,0 
85,5 
8,50 
176,2 
12:43:59 
34 
6,0 
85,3 
8,48 
176,2 
12:44:01 
34 
6,0 
85,2 
8,47 
176,3 
12:44:03 
34 
6,0 
85,1 
8,46 
176,2 
12:44:05 
34 
6,0 
85,0 
8,45 
176,0 
12:44:07 
34 
6,0 
84,9 
8,44 
175,8 
12:44:09 
34 
6,0 
84,8 
8,44 
176,2 
12:44:11 
34 
6,0 
84,9 
8,44 
176,3 
12:44:13 
34 
6,0 
84,9 
8,44 
176,1 
12:44:15 
34 
6,0 
85,0 
8,45 
176,0 
12:44:17 
 
Prøvedato: 
16.06.2022 
Salinitet 
(ppt) 
Temperatur (°C) 
O2 (%) 
O2 (mg/l) 
Dybde (m) 
Tid 
34 
8,5 
92,3 
8,91 
0,8 
14:24:44 
34 
8,4 
95,5 
9,24 
0,9 
14:24:46 
34 
8,4 
101,1 
9,78 
1,1 
14:24:48 
34 
8,4 
103,6 
10,03 
1,1 
14:24:50 
34 
8,4 
105,1 
10,17 
1,1 
14:24:52 
34 
8,4 
106,7 
10,32 
1,1 
14:24:54 
34 
8,4 
106,5 
10,30 
1,0 
14:24:56 
34 
8,4 
108,8 
10,53 
1,2 
14:24:58 
34 
8,4 
106,5 
10,31 
1,0 
14:25:00 
34 
8,4 
111,8 
10,82 
1,2 
14:25:02 
34 
8,4 
108,2 
10,48 
1,0 
14:25:04 
34 
8,4 
109,8 
10,63 
1,2 
14:25:06 
34 
8,4 
107,6 
10,42 
1,1 
14:25:08 
34 
8,4 
108,4 
10,49 
1,1 
14:25:10 
34 
8,4 
105,1 
10,18 
1,7 
14:25:12 
34 
8,3 
107,3 
10,40 
3,5 
14:25:14 
34 
8,3 
107,9 
10,47 
5,0 
14:25:16 
34 
8,3 
109,2 
10,59 
5,9 
14:25:18 
34 
8,3 
109,1 
10,58 
6,0 
14:25:20 
34 
8,3 
109,3 
10,61 
6,0 
14:25:22 
34 
8,3 
109,5 
10,63 
6,0 
14:25:24 
34 
8,3 
109,5 
10,63 
6,0 
14:25:26 
34 
8,3 
110,2 
10,69 
6,2 
14:25:28 
34 
8,3 
109,9 
10,66 
6,0 
14:25:30 
34 
8,3 
109,9 
10,66 
6,1 
14:25:32 
34 
8,3 
110,0 
10,67 
6,0 
14:25:34 
34 
8,3 
109,4 
10,61 
6,0 
14:25:36 
34 
8,3 
110,0 
10,67 
7,2 
14:25:38 
34 
8,3 
109,8 
10,65 
8,4 
14:25:40 
34 
8,3 
109,0 
10,57 
9,4 
14:25:42 
34 
8,3 
108,8 
10,55 
11,1 
14:25:44 
34 
8,3 
111,6 
10,83 
12,4 
14:25:46 
34 
8,2 
110,4 
10,73 
15,1 
14:25:48 
 
Kvalnes 
        
           
 
 
Intern dok. Id. Rapport CTDO-måling  
Side 32 of 68   
 
34 
8,0 
112,4 
10,96 
17,5 
14:25:50 
34 
8,0 
109,0 
10,64 
19,0 
14:25:52 
34 
7,8 
109,6 
10,73 
21,2 
14:25:54 
34 
7,7 
109,3 
10,73 
23,4 
14:25:56 
34 
7,7 
111,6 
10,96 
25,8 
14:25:58 
34 
7,7 
109,3 
10,74 
27,9 
14:26:00 
34 
7,6 
109,2 
10,75 
30,4 
14:26:02 
34 
7,5 
107,8 
10,64 
32,7 
14:26:04 
34 
7,4 
107,0 
10,57 
35,2 
14:26:06 
34 
7,4 
107,7 
10,64 
37,6 
14:26:08 
34 
7,4 
107,6 
10,65 
39,2 
14:26:10 
34 
7,3 
107,1 
10,60 
41,3 
14:26:12 
34 
7,3 
108,7 
10,77 
43,4 
14:26:14 
34 
7,3 
106,3 
10,55 
45,6 
14:26:16 
34 
7,2 
105,7 
10,49 
47,8 
14:26:18 
34 
7,1 
105,8 
10,51 
50,3 
14:26:20 
34 
7,0 
104,9 
10,46 
52,7 
14:26:22 
34 
6,7 
104,5 
10,50 
55,0 
14:26:24 
34 
6,5 
104,1 
10,50 
57,3 
14:26:26 
34 
6,4 
103,4 
10,44 
59,6 
14:26:28 
34 
6,3 
102,9 
10,43 
62,0 
14:26:30 
34 
6,1 
102,5 
10,45 
64,4 
14:26:32 
34 
6,0 
101,7 
10,39 
66,8 
14:26:34 
34 
5,8 
101,1 
10,36 
69,2 
14:26:36 
34 
5,8 
100,6 
10,31 
71,5 
14:26:38 
34 
5,8 
100,2 
10,26 
73,8 
14:26:40 
34 
5,8 
99,6 
10,21 
76,0 
14:26:42 
34 
5,9 
99,2 
10,14 
77,9 
14:26:44 
34 
6,2 
99,0 
10,04 
80,2 
14:26:46 
34 
6,6 
99,1 
9,94 
82,5 
14:26:48 
34 
6,8 
98,8 
9,86 
84,8 
14:26:50 
34 
6,9 
98,6 
9,81 
87,0 
14:26:52 
34 
7,0 
98,2 
9,77 
89,3 
14:26:54 
34 
7,0 
97,9 
9,72 
91,6 
14:26:56 
34 
7,1 
97,5 
9,66 
93,9 
14:26:58 
34 
7,1 
97,2 
9,63 
96,1 
14:27:00 
34 
7,1 
96,9 
9,60 
98,3 
14:27:02 
34 
7,1 
96,4 
9,56 
100,4 
14:27:04 
34 
7,2 
96,1 
9,51 
102,6 
14:27:06 
34 
7,3 
95,7 
9,45 
104,7 
14:27:08 
35 
7,3 
95,5 
9,41 
106,9 
14:27:10 
34 
7,3 
95,2 
9,39 
109,0 
14:27:12 
35 
7,3 
94,9 
9,36 
111,1 
14:27:14 
35 
7,3 
94,5 
9,32 
113,2 
14:27:16 
35 
7,3 
94,1 
9,27 
115,2 
14:27:18 
35 
7,4 
94,0 
9,26 
117,3 
14:27:20 
 
Kvalnes 
        
           
 
 
Intern dok. Id. Rapport CTDO-måling  
Side 33 of 68   
 
35 
7,4 
93,7 
9,23 
119,3 
14:27:22 
35 
7,4 
93,5 
9,21 
121,3 
14:27:24 
35 
7,4 
93,1 
9,17 
123,3 
14:27:26 
35 
7,4 
92,8 
9,14 
125,4 
14:27:28 
35 
7,3 
92,5 
9,12 
127,4 
14:27:30 
35 
7,3 
92,3 
9,09 
129,4 
14:27:32 
35 
7,3 
92,0 
9,07 
131,3 
14:27:34 
35 
7,3 
91,7 
9,04 
133,3 
14:27:36 
35 
7,3 
91,5 
9,02 
135,3 
14:27:38 
35 
7,3 
91,1 
8,98 
137,2 
14:27:40 
35 
7,3 
90,8 
8,96 
139,2 
14:27:42 
35 
7,3 
90,7 
8,93 
141,1 
14:27:44 
35 
7,3 
90,5 
8,91 
142,8 
14:27:46 
35 
7,3 
90,3 
8,89 
144,8 
14:27:48 
35 
7,3 
90,1 
8,88 
146,7 
14:27:50 
35 
7,3 
89,9 
8,86 
148,7 
14:27:52 
35 
7,3 
89,8 
8,85 
150,6 
14:27:54 
35 
7,3 
89,6 
8,83 
152,6 
14:27:56 
35 
7,3 
89,6 
8,82 
154,4 
14:27:58 
35 
7,3 
89,5 
8,81 
156,3 
14:28:00 
35 
7,3 
89,3 
8,80 
158,3 
14:28:02 
35 
7,3 
89,3 
8,79 
160,2 
14:28:04 
35 
7,3 
89,2 
8,78 
162,1 
14:28:06 
35 
7,3 
89,1 
8,78 
163,9 
14:28:08 
35 
7,3 
89,0 
8,77 
165,7 
14:28:10 
35 
7,3 
88,9 
8,76 
167,6 
14:28:12 
35 
7,3 
88,9 
8,76 
169,3 
14:28:14 
35 
7,3 
88,8 
8,75 
171,1 
14:28:16 
35 
7,3 
88,7 
8,73 
173,0 
14:28:18 
35 
7,3 
88,7 
8,73 
173,8 
14:28:20 
35 
7,3 
88,7 
8,73 
174,0 
14:28:22 
35 
7,3 
88,6 
8,72 
174,3 
14:28:24 
35 
7,3 
88,4 
8,70 
174,4 
14:28:26 
35 
7,3 
88,2 
8,68 
174,4 
14:28:28 
35 
7,3 
88,1 
8,67 
174,4 
14:28:30 
35 
7,3 
88,0 
8,66 
174,3 
14:28:32 
35 
7,3 
87,8 
8,64 
174,4 
14:28:34 
35 
7,3 
87,6 
8,63 
174,4 
14:28:36 
35 
7,3 
87,5 
8,62 
174,3 
14:28:38 
35 
7,3 
87,5 
8,61 
174,4 
14:28:40 
35 
7,3 
87,5 
8,61 
174,4 
14:28:42 
35 
7,3 
87,4 
8,60 
174,4 
14:28:44 
35 
7,3 
87,2 
8,59 
174,4 
14:28:46 
35 
7,3 
87,2 
8,59 
174,4 
14:28:48 
35 
7,4 
87,3 
8,59 
174,4 
14:28:50 
35 
7,4 
87,3 
8,60 
174,4 
14:28:52 
 
Kvalnes 
        
           
 
 
Intern dok. Id. Rapport CTDO-måling  
Side 34 of 68   
 
35 
7,3 
87,3 
8,60 
174,4 
14:28:54 
35 
7,3 
87,2 
8,59 
174,4 
14:28:56 
35 
7,3 
87,1 
8,57 
174,4 
14:28:58 
35 
7,4 
86,9 
8,55 
174,4 
14:29:00 
35 
7,4 
86,8 
8,55 
174,4 
14:29:02 
 
Prøvedato: 
14.07.2022 
Salinitet 
(ppt) 
Temperatur 
(°C) 
O2 (%) 
O2 (mg/l) 
Dybde (m) 
Tid 
31 
11,9 
97,0 
8,70 
0,4 
11:37:22 
32 
11,8 
99,6 
8,91 
0,5 
11:37:24 
32 
11,8 
103,5 
9,27 
0,3 
11:37:26 
32 
11,8 
104,4 
9,34 
0,8 
11:37:28 
34 
11,7 
107,2 
9,53 
0,7 
11:37:30 
34 
11,7 
107,5 
9,55 
0,7 
11:37:32 
34 
11,7 
107,8 
9,58 
0,9 
11:37:34 
34 
11,7 
109,1 
9,71 
1,2 
11:37:36 
34 
11,6 
109,4 
9,74 
1,2 
11:37:38 
34 
11,6 
109,8 
9,78 
1,1 
11:37:40 
34 
11,7 
109,6 
9,75 
1,2 
11:37:42 
34 
11,7 
109,9 
9,77 
1,1 
11:37:44 
34 
11,7 
109,6 
9,75 
1,2 
11:37:46 
34 
11,7 
109,9 
9,78 
1,9 
11:37:48 
34 
11,7 
108,5 
9,66 
2,9 
11:37:50 
34 
11,6 
107,3 
9,55 
3,6 
11:37:52 
34 
11,6 
109,5 
9,75 
5,1 
11:37:54 
34 
11,6 
110,1 
9,80 
5,4 
11:37:56 
34 
11,6 
108,4 
9,66 
5,5 
11:37:58 
34 
11,6 
108,2 
9,65 
6,6 
11:38:00 
34 
11,6 
108,7 
9,69 
7,9 
11:38:02 
34 
11,6 
108,7 
9,69 
9,2 
11:38:04 
34 
11,6 
108,6 
9,68 
10,5 
11:38:06 
34 
11,6 
108,6 
9,68 
11,8 
11:38:08 
34 
11,6 
109,0 
9,72 
13,3 
11:38:10 
34 
11,6 
109,0 
9,72 
15,6 
11:38:12 
34 
11,6 
109,4 
9,75 
17,6 
11:38:14 
34 
11,6 
106,6 
9,50 
19,8 
11:38:16 
34 
11,6 
107,1 
9,54 
21,4 
11:38:18 
34 
11,6 
110,6 
9,85 
23,1 
11:38:20 
34 
11,6 
107,7 
9,60 
24,7 
11:38:22 
34 
11,5 
110,1 
9,81 
26,5 
11:38:24 
34 
11,4 
109,7 
9,81 
28,3 
11:38:26 
34 
11,3 
107,3 
9,61 
30,2 
11:38:28 
34 
10,9 
105,9 
9,57 
32,2 
11:38:30 
34 
10,7 
106,0 
9,62 
34,3 
11:38:32 
34 
10,6 
105,6 
9,60 
36,3 
11:38:34 
34 
10,6 
104,5 
9,51 
38,3 
11:38:36 
 
Kvalnes 
        
           
 
 
Intern dok. Id. Rapport CTDO-måling  
Side 35 of 68   
 
34 
10,5 
105,2 
9,58 
40,4 
11:38:38 
34 
10,4 
105,1 
9,59 
42,0 
11:38:40 
34 
10,4 
105,1 
9,60 
43,4 
11:38:42 
34 
10,3 
105,2 
9,62 
44,5 
11:38:44 
34 
10,2 
104,8 
9,60 
45,7 
11:38:46 
34 
10,2 
104,4 
9,57 
47,0 
11:38:48 
34 
10,0 
103,9 
9,57 
48,4 
11:38:50 
34 
9,9 
103,6 
9,57 
49,9 
11:38:52 
34 
9,8 
103,5 
9,57 
51,3 
11:38:54 
34 
9,8 
103,4 
9,57 
52,6 
11:38:56 
34 
9,7 
103,4 
9,57 
54,0 
11:38:58 
34 
9,7 
103,2 
9,56 
55,2 
11:39:00 
34 
9,7 
103,1 
9,55 
56,4 
11:39:02 
34 
9,7 
103,0 
9,55 
57,8 
11:39:04 
34 
9,7 
103,0 
9,55 
59,1 
11:39:06 
34 
9,7 
102,7 
9,53 
61,2 
11:39:08 
34 
9,6 
102,6 
9,53 
63,6 
11:39:10 
34 
9,6 
102,8 
9,55 
65,7 
11:39:12 
34 
9,5 
102,1 
9,49 
67,4 
11:39:14 
34 
9,4 
102,7 
9,58 
68,7 
11:39:16 
34 
9,3 
102,5 
9,59 
70,2 
11:39:18 
34 
9,3 
102,2 
9,55 
72,3 
11:39:20 
34 
9,3 
102,1 
9,54 
74,6 
11:39:22 
34 
9,1 
101,8 
9,54 
77,0 
11:39:24 
34 
8,9 
101,6 
9,57 
78,9 
11:39:26 
34 
8,9 
101,6 
9,56 
80,8 
11:39:28 
34 
8,9 
101,6 
9,56 
82,5 
11:39:30 
34 
8,9 
101,1 
9,54 
84,3 
11:39:32 
34 
8,6 
100,5 
9,54 
86,0 
11:39:34 
34 
8,4 
100,2 
9,54 
87,7 
11:39:36 
34 
8,4 
100,1 
9,53 
89,2 
11:39:38 
34 
8,4 
99,8 
9,51 
90,7 
11:39:40 
34 
8,4 
99,5 
9,48 
92,3 
11:39:42 
34 
8,3 
99,0 
9,45 
94,0 
11:39:44 
34 
8,3 
98,7 
9,42 
96,0 
11:39:46 
34 
8,0 
98,1 
9,44 
98,0 
11:39:48 
34 
7,8 
98,0 
9,45 
99,9 
11:39:50 
34 
7,8 
97,9 
9,45 
101,9 
11:39:52 
34 
7,8 
97,7 
9,43 
103,9 
11:39:54 
34 
7,7 
97,9 
9,48 
106,1 
11:39:56 
34 
7,7 
98,0 
9,50 
108,0 
11:39:58 
34 
7,6 
97,7 
9,49 
110,1 
11:40:00 
34 
7,4 
97,5 
9,50 
112,1 
11:40:02 
34 
7,3 
97,4 
9,52 
114,2 
11:40:04 
34 
7,2 
97,3 
9,52 
116,1 
11:40:06 
34 
7,1 
97,0 
9,51 
118,1 
11:40:08 
 
Kvalnes 
        
           
 
 
Intern dok. Id. Rapport CTDO-måling  
Side 36 of 68   
 
34 
7,0 
96,7 
9,52 
120,1 
11:40:10 
34 
6,9 
96,5 
9,53 
122,1 
11:40:12 
34 
6,8 
96,7 
9,55 
124,2 
11:40:14 
34 
6,8 
96,7 
9,55 
126,2 
11:40:16 
34 
6,7 
96,4 
9,55 
128,3 
11:40:18 
34 
6,7 
96,0 
9,52 
130,3 
11:40:20 
34 
6,6 
95,9 
9,51 
132,4 
11:40:22 
34 
6,5 
95,4 
9,49 
134,4 
11:40:24 
34 
6,4 
95,3 
9,49 
136,5 
11:40:26 
34 
6,2 
95,0 
9,51 
138,6 
11:40:28 
34 
6,1 
94,8 
9,52 
140,6 
11:40:30 
34 
6,1 
94,7 
9,51 
142,6 
11:40:32 
34 
6,1 
94,5 
9,49 
144,5 
11:40:34 
34 
6,1 
94,3 
9,48 
146,5 
11:40:36 
34 
6,1 
94,2 
9,46 
148,5 
11:40:38 
34 
6,1 
93,6 
9,40 
150,5 
11:40:40 
34 
6,1 
93,9 
9,43 
152,4 
11:40:42 
34 
6,1 
93,7 
9,41 
154,3 
11:40:44 
34 
6,1 
93,7 
9,41 
156,2 
11:40:46 
34 
6,1 
93,4 
9,39 
158,1 
11:40:48 
34 
6,1 
93,3 
9,37 
160,0 
11:40:50 
34 
6,1 
93,1 
9,35 
161,8 
11:40:52 
34 
6,1 
92,9 
9,33 
163,7 
11:40:54 
34 
6,0 
92,8 
9,33 
165,6 
11:40:56 
34 
6,0 
92,5 
9,30 
167,6 
11:40:58 
34 
6,0 
92,4 
9,29 
169,5 
11:41:00 
34 
6,0 
92,3 
9,29 
171,3 
11:41:02 
34 
6,0 
92,2 
9,27 
173,1 
11:41:04 
34 
6,0 
92,1 
9,26 
175,0 
11:41:06 
34 
6,0 
91,9 
9,24 
176,8 
11:41:08 
34 
6,0 
92,0 
9,25 
176,7 
11:41:10 
34 
6,0 
92,1 
9,26 
176,7 
11:41:12 
 
Prøvedato: 
25.08.2022 
Salinitet 
(ppt) 
Temperatur 
(°C) 
O2 (%) 
O2 (mg/l) 
Dybde (m) 
Tid 
31 
13,1 
117,6 
10,30 
0,6 
12:33:34 
33 
12,4 
110,2 
9,69 
1,4 
12:33:36 
33 
12,3 
110,0 
9,70 
1,6 
12:33:38 
33 
12,2 
108,3 
9,55 
1,6 
12:33:40 
33 
12,2 
107,1 
9,45 
1,5 
12:33:42 
33 
12,2 
106,3 
9,38 
1,7 
12:33:44 
33 
12,2 
106,1 
9,36 
1,7 
12:33:46 
33 
12,2 
106,0 
9,36 
1,8 
12:33:48 
33 
12,2 
106,2 
9,37 
1,7 
12:33:50 
33 
12,2 
106,0 
9,36 
1,8 
12:33:52 
33 
12,2 
106,6 
9,41 
1,7 
12:33:54 
 
Kvalnes 
        
           
 
 
Intern dok. Id. Rapport CTDO-måling  
Side 37 of 68   
 
33 
12,2 
105,5 
9,31 
1,8 
12:33:56 
33 
12,2 
105,7 
9,33 
1,7 
12:33:58 
33 
12,2 
105,2 
9,29 
1,8 
12:34:00 
33 
12,2 
105,5 
9,32 
1,8 
12:34:02 
33 
12,2 
105,4 
9,31 
1,8 
12:34:04 
33 
12,2 
105,5 
9,32 
1,7 
12:34:06 
33 
12,2 
105,4 
9,31 
2,0 
12:34:08 
33 
12,2 
105,9 
9,35 
2,0 
12:34:10 
33 
12,2 
105,7 
9,34 
2,1 
12:34:12 
33 
12,2 
105,9 
9,35 
2,0 
12:34:14 
33 
12,2 
105,5 
9,31 
2,1 
12:34:16 
33 
12,2 
105,3 
9,29 
2,1 
12:34:18 
33 
12,2 
104,8 
9,25 
2,2 
12:34:20 
33 
12,1 
104,6 
9,24 
3,0 
12:34:22 
33 
12,0 
103,1 
9,13 
4,3 
12:34:24 
33 
11,9 
104,1 
9,24 
5,4 
12:34:26 
33 
11,9 
104,4 
9,27 
6,7 
12:34:28 
33 
11,9 
103,5 
9,19 
7,7 
12:34:30 
33 
11,9 
103,0 
9,14 
8,8 
12:34:32 
33 
11,9 
102,2 
9,08 
11,1 
12:34:34 
33 
11,9 
102,5 
9,10 
13,1 
12:34:36 
33 
11,8 
102,3 
9,09 
14,9 
12:34:38 
33 
11,8 
102,8 
9,14 
16,7 
12:34:40 
33 
11,8 
102,3 
9,10 
18,7 
12:34:42 
33 
11,7 
100,7 
8,96 
20,7 
12:34:44 
33 
11,6 
101,4 
9,04 
22,9 
12:34:46 
33 
11,5 
101,0 
9,03 
24,8 
12:34:48 
33 
11,4 
101,2 
9,05 
27,0 
12:34:50 
33 
11,4 
100,2 
8,98 
29,2 
12:34:52 
33 
11,4 
101,3 
9,08 
31,2 
12:34:54 
33 
11,3 
100,4 
9,00 
33,0 
12:34:56 
33 
11,3 
99,2 
8,90 
34,8 
12:34:58 
33 
11,3 
99,9 
8,96 
36,5 
12:35:00 
33 
11,3 
100,2 
8,99 
38,0 
12:35:02 
33 
11,3 
100,8 
9,04 
39,9 
12:35:04 
33 
11,3 
99,2 
8,90 
41,5 
12:35:06 
33 
11,3 
98,0 
8,80 
43,1 
12:35:08 
33 
11,2 
99,1 
8,90 
44,8 
12:35:10 
33 
11,2 
99,4 
8,93 
46,2 
12:35:12 
33 
11,2 
98,5 
8,86 
47,6 
12:35:14 
34 
11,2 
98,3 
8,84 
49,5 
12:35:16 
34 
11,1 
98,6 
8,87 
51,3 
12:35:18 
34 
11,0 
98,8 
8,91 
52,9 
12:35:20 
34 
10,9 
97,8 
8,84 
54,7 
12:35:22 
34 
10,8 
98,7 
8,94 
57,4 
12:35:24 
34 
10,7 
99,0 
8,99 
59,3 
12:35:26 
 
Kvalnes 
        
           
 
 
Intern dok. Id. Rapport CTDO-måling  
Side 38 of 68   
 
34 
10,5 
98,2 
8,95 
61,2 
12:35:28 
34 
10,2 
97,8 
8,97 
63,1 
12:35:30 
34 
10,0 
97,4 
8,96 
64,7 
12:35:32 
34 
9,7 
97,7 
9,04 
66,7 
12:35:34 
34 
9,5 
96,9 
9,01 
68,7 
12:35:36 
34 
9,3 
97,3 
9,08 
70,7 
12:35:38 
34 
9,1 
97,2 
9,13 
72,8 
12:35:40 
34 
8,9 
95,3 
8,99 
75,4 
12:35:42 
34 
9,0 
96,2 
9,04 
77,6 
12:35:44 
34 
9,0 
97,7 
9,17 
79,7 
12:35:46 
34 
9,0 
96,9 
9,11 
81,5 
12:35:48 
34 
8,6 
95,9 
9,09 
83,5 
12:35:50 
34 
8,5 
95,9 
9,11 
85,5 
12:35:52 
34 
8,7 
96,6 
9,14 
87,3 
12:35:54 
34 
8,8 
95,5 
9,01 
89,1 
12:35:56 
34 
8,7 
96,0 
9,07 
91,1 
12:35:58 
34 
8,7 
95,7 
9,05 
93,0 
12:36:00 
34 
9,2 
96,6 
9,02 
95,0 
12:36:02 
34 
9,4 
96,6 
8,99 
97,0 
12:36:04 
34 
9,3 
96,6 
9,00 
99,0 
12:36:06 
34 
9,3 
96,4 
8,98 
100,9 
12:36:08 
34 
9,3 
96,1 
8,94 
102,8 
12:36:10 
34 
9,3 
96,2 
8,96 
104,8 
12:36:12 
34 
9,4 
96,7 
8,99 
106,6 
12:36:14 
34 
9,4 
96,2 
8,93 
108,6 
12:36:16 
34 
9,2 
96,2 
8,97 
110,6 
12:36:18 
34 
9,1 
95,4 
8,93 
112,6 
12:36:20 
34 
9,0 
95,0 
8,90 
114,5 
12:36:22 
34 
9,1 
95,0 
8,89 
116,3 
12:36:24 
34 
8,9 
94,6 
8,88 
118,4 
12:36:26 
35 
8,3 
93,2 
8,85 
120,2 
12:36:28 
34 
7,2 
92,5 
9,05 
122,2 
12:36:30 
34 
7,3 
92,4 
9,01 
124,1 
12:36:32 
34 
7,5 
91,9 
8,92 
126,1 
12:36:34 
34 
7,6 
92,5 
8,95 
128,2 
12:36:36 
34 
7,7 
93,8 
9,06 
130,2 
12:36:38 
34 
7,6 
91,4 
8,84 
132,2 
12:36:40 
34 
7,4 
91,5 
8,89 
134,1 
12:36:42 
34 
7,3 
91,6 
8,92 
136,0 
12:36:44 
34 
7,5 
91,8 
8,89 
137,9 
12:36:46 
34 
7,6 
91,9 
8,89 
139,8 
12:36:48 
34 
7,6 
91,7 
8,87 
141,6 
12:36:50 
34 
7,6 
91,6 
8,86 
143,4 
12:36:52 
35 
7,5 
91,5 
8,85 
145,0 
12:36:54 
35 
7,5 
91,2 
8,84 
146,7 
12:36:56 
35 
7,5 
91,2 
8,83 
148,4 
12:36:58 
 
Kvalnes 
        
           
 
 
Intern dok. Id. Rapport CTDO-måling  
Side 39 of 68   
 
35 
7,5 
91,9 
8,90 
150,2 
12:37:00 
35 
7,5 
91,4 
8,85 
152,0 
12:37:02 
35 
7,4 
92,3 
8,94 
153,8 
12:37:04 
35 
7,4 
90,4 
8,76 
155,5 
12:37:06 
35 
7,4 
90,0 
8,72 
157,4 
12:37:08 
35 
7,4 
90,1 
8,73 
159,2 
12:37:10 
35 
7,4 
90,4 
8,76 
161,0 
12:37:12 
35 
7,4 
90,3 
8,75 
162,8 
12:37:14 
35 
7,4 
90,3 
8,75 
164,6 
12:37:16 
35 
7,4 
90,1 
8,73 
166,6 
12:37:18 
35 
7,4 
90,2 
8,74 
168,4 
12:37:20 
35 
7,4 
89,8 
8,70 
170,2 
12:37:22 
35 
7,4 
89,9 
8,71 
172,1 
12:37:24 
35 
7,4 
90,6 
8,77 
172,7 
12:37:26 
35 
7,4 
90,8 
8,78 
172,7 
12:37:28 
35 
7,4 
90,5 
8,75 
172,7 
12:37:30 
35 
7,5 
90,3 
8,73 
172,7 
12:37:32 
35 
7,5 
89,8 
8,69 
172,7 
12:37:34 
35 
7,5 
89,6 
8,66 
172,7 
12:37:36 
35 
7,5 
89,4 
8,64 
172,7 
12:37:38 
35 
7,5 
89,4 
8,64 
172,7 
12:37:40 
35 
7,5 
89,2 
8,63 
172,7 
12:37:42 
35 
7,5 
89,3 
8,64 
172,7 
12:37:44 
35 
7,5 
89,0 
8,60 
172,7 
12:37:46 
35 
7,5 
89,1 
8,61 
172,7 
12:37:48 
35 
7,5 
88,9 
8,59 
172,7 
12:37:50 
35 
7,5 
88,9 
8,59 
172,7 
12:37:52 
35 
7,5 
88,5 
8,56 
172,7 
12:37:54 
35 
7,5 
88,3 
8,53 
172,7 
12:37:56 
35 
7,5 
88,2 
8,52 
172,7 
12:37:58 
35 
7,5 
88,1 
8,51 
172,7 
12:38:00 
35 
7,5 
87,9 
8,50 
172,7 
12:38:02 
35 
7,5 
87,9 
8,50 
172,7 
12:38:04 
35 
7,5 
87,8 
8,49 
172,7 
12:38:06 
35 
7,5 
87,9 
8,50 
172,7 
12:38:08 
35 
7,5 
87,8 
8,49 
172,7 
12:38:10 
35 
7,5 
87,7 
8,48 
172,7 
12:38:12 
 
 
 
 
Kvalnes 
        
           
 
 
Intern dok. Id. Rapport CTDO-måling  
Side 40 of 68   
 
Gul Inn Sommer 
Prøvedato: 
10.03.2022 
Salinitet (ppt) 
Temperatur (°C) 
O2 (%) 
O2 (mg/l) 
Dybde (m) 
Tid 
34 
4,3 
92,2 
9,42 
1,3 
13:15:21 
34 
4,3 
98,9 
10,10 
2,3 
13:15:23 
34 
4,3 
100,1 
10,23 
3,6 
13:15:25 
34 
4,3 
100,1 
10,22 
5,5 
13:15:27 
34 
4,3 
101,1 
10,32 
6,1 
13:15:29 
34 
4,3 
101,7 
10,38 
8,6 
13:15:31 
34 
4,3 
102,6 
10,47 
10,5 
13:15:33 
34 
4,3 
102,8 
10,49 
13,0 
13:15:35 
34 
4,4 
103,0 
10,50 
14,9 
13:15:37 
34 
4,4 
103,1 
10,51 
17,4 
13:15:39 
34 
4,4 
103,0 
10,50 
19,2 
13:15:41 
34 
4,4 
103,2 
10,52 
21,1 
13:15:43 
34 
4,4 
103,3 
10,52 
23,5 
13:15:45 
34 
4,4 
103,1 
10,51 
25,7 
13:15:47 
34 
4,3 
103,0 
10,51 
27,6 
13:15:49 
34 
4,3 
102,9 
10,49 
29,2 
13:15:51 
34 
4,3 
102,8 
10,48 
31,8 
13:15:53 
34 
4,3 
102,6 
10,46 
34,0 
13:15:55 
34 
4,3 
102,6 
10,46 
36,8 
13:15:57 
34 
4,3 
102,4 
10,45 
39,6 
13:15:59 
34 
4,3 
102,5 
10,45 
42,5 
13:16:01 
34 
4,3 
102,4 
10,44 
45,3 
13:16:03 
34 
4,3 
102,5 
10,45 
47,4 
13:16:05 
34 
4,3 
102,4 
10,45 
47,9 
13:16:07 
34 
4,3 
102,3 
10,43 
47,4 
13:16:09 
34 
4,3 
102,3 
10,43 
47,4 
13:16:11 
34 
4,3 
102,2 
10,41 
47,5 
13:16:13 
34 
4,3 
102,1 
10,41 
47,9 
13:16:15 
34 
4,3 
102,0 
10,40 
48,0 
13:16:17 
 
Prøvedato: 
08.04.2022 
Salinitet (ppt) 
Temperatur 
(°C) 
O2 (%) 
O2 (mg/l) 
Dybde (m) 
Tid 
34 
3,7 
87,6 
9,08 
1,2 
10:02:44 
34 
3,7 
90,6 
9,38 
2,9 
10:02:46 
34 
3,7 
90,6 
9,38 
4,9 
10:02:48 
34 
3,7 
96,0 
9,93 
7,1 
10:02:50 
34 
3,7 
91,0 
9,42 
11,2 
10:02:52 
34 
3,8 
93,7 
9,67 
14,3 
10:02:54 
34 
3,9 
94,2 
9,69 
17,9 
10:02:56 
34 
4,1 
93,5 
9,57 
21,7 
10:02:58 
34 
4,3 
96,1 
9,81 
25,8 
10:03:00 
34 
4,5 
96,0 
9,76 
28,8 
10:03:02 
 
Kvalnes 
        
           
 
 
Intern dok. Id. Rapport CTDO-måling  
Side 41 of 68   
 
34 
4,6 
95,2 
9,62 
31,8 
10:03:04 
34 
4,8 
95,4 
9,59 
35,4 
10:03:06 
34 
4,9 
96,3 
9,67 
38,3 
10:03:08 
34 
4,9 
96,8 
9,71 
39,0 
10:03:10 
34 
4,9 
96,5 
9,68 
39,0 
10:03:12 
34 
4,9 
96,8 
9,71 
39,0 
10:03:14 
34 
4,9 
96,0 
9,63 
39,1 
10:03:16 
34 
4,9 
96,7 
9,70 
39,1 
10:03:18 
34 
4,9 
96,3 
9,66 
39,1 
10:03:20 
34 
4,9 
96,1 
9,64 
39,1 
10:03:22 
34 
4,9 
96,1 
9,64 
39,1 
10:03:24 
34 
4,9 
96,1 
9,64 
39,1 
10:03:26 
34 
4,9 
95,9 
9,62 
39,1 
10:03:28 
34 
4,9 
95,9 
9,62 
39,1 
10:03:30 
34 
4,9 
95,9 
9,63 
39,1 
10:03:32 
34 
4,9 
95,8 
9,61 
39,1 
10:03:34 
34 
4,9 
95,8 
9,61 
39,1 
10:03:36 
34 
4,9 
95,7 
9,60 
39,1 
10:03:38 
34 
4,9 
95,7 
9,60 
39,1 
10:03:40 
34 
4,9 
95,7 
9,60 
39,1 
10:03:42 
34 
4,9 
95,7 
9,60 
39,1 
10:03:44 
34 
4,9 
95,7 
9,60 
39,1 
10:03:46 
34 
4,9 
95,7 
9,59 
39,1 
10:03:48 
34 
4,9 
95,6 
9,59 
39,1 
10:03:50 
34 
4,9 
95,7 
9,60 
39,1 
10:03:52 
34 
4,9 
95,7 
9,60 
39,2 
10:03:54 
34 
4,9 
95,6 
9,59 
39,1 
10:03:56 
34 
4,9 
95,6 
9,59 
39,1 
10:03:58 
34 
4,9 
95,6 
9,59 
39,1 
10:04:00 
34 
4,9 
95,6 
9,59 
39,1 
10:04:02 
34 
4,9 
95,7 
9,60 
39,1 
10:04:04 
 
Prøvedato: 
26.04.2022 
Salinitet 
(ppt) 
Temperatur 
(°C) 
O2 (%) 
O2 (mg/l) 
Dybde (m) 
Tid 
27 
4,0 
91,2 
10,25 
0,7 
13:05:06 
34 
4,7 
92,6 
9,79 
1,7 
13:05:08 
34 
4,8 
95,5 
10,09 
3,5 
13:05:10 
34 
4,8 
97,0 
10,24 
5,3 
13:05:12 
34 
4,8 
97,0 
10,24 
6,6 
13:05:14 
34 
4,8 
98,6 
10,41 
8,8 
13:05:16 
34 
4,8 
98,5 
10,40 
10,6 
13:05:18 
34 
4,8 
98,6 
10,40 
12,2 
13:05:20 
34 
4,8 
98,2 
10,37 
15,0 
13:05:22 
34 
4,8 
98,2 
10,37 
17,2 
13:05:24 
34 
4,8 
99,1 
10,46 
19,2 
13:05:26 
34 
4,8 
98,7 
10,42 
21,8 
13:05:28 
 
Kvalnes 
        
           
 
 
Intern dok. Id. Rapport CTDO-måling  
Side 42 of 68   
 
34 
4,8 
98,8 
10,42 
24,3 
13:05:30 
34 
4,8 
98,6 
10,40 
26,9 
13:05:32 
34 
4,8 
98,4 
10,38 
29,4 
13:05:34 
34 
4,8 
98,4 
10,38 
32,0 
13:05:36 
34 
4,8 
98,3 
10,37 
34,0 
13:05:38 
34 
4,8 
98,4 
10,38 
36,6 
13:05:40 
34 
4,8 
98,4 
10,36 
38,8 
13:05:42 
34 
4,8 
98,1 
10,34 
38,8 
13:05:44 
34 
4,8 
97,9 
10,32 
38,8 
13:05:46 
34 
4,8 
97,7 
10,31 
38,7 
13:05:48 
34 
4,8 
97,6 
10,29 
38,7 
13:05:50 
34 
4,8 
97,4 
10,27 
38,7 
13:05:52 
34 
4,8 
97,4 
10,27 
38,3 
13:05:54 
 
Prøvedato: 
13.05.2022 
Salinitet 
(ppt) 
Temperatur 
(°C) 
O2 (%) 
O2 (mg/l) 
Dybde (m) 
Tid 
32 
5,3 
94,9 
9,75 
0,4 
13:10:24 
32 
5,3 
98,0 
10,07 
1,2 
13:10:26 
33 
5,2 
101,4 
10,37 
2,7 
13:10:28 
33 
5,2 
97,3 
9,96 
3,8 
13:10:30 
33 
5,2 
96,0 
9,83 
5,5 
13:10:32 
33 
5,2 
96,9 
9,92 
7,4 
13:10:34 
34 
5,2 
95,8 
9,80 
9,1 
13:10:36 
33 
5,1 
96,3 
9,86 
11,2 
13:10:38 
33 
5,1 
96,1 
9,84 
13,5 
13:10:40 
34 
5,1 
97,5 
9,98 
15,9 
13:10:42 
34 
5,1 
97,0 
9,93 
18,4 
13:10:44 
34 
5,2 
95,9 
9,81 
20,5 
13:10:46 
34 
5,2 
97,1 
9,92 
22,9 
13:10:48 
34 
5,2 
96,0 
9,81 
24,9 
13:10:50 
34 
5,2 
95,2 
9,73 
27,1 
13:10:52 
34 
5,1 
94,4 
9,66 
29,1 
13:10:54 
34 
5,0 
93,8 
9,62 
31,7 
13:10:56 
34 
5,0 
93,7 
9,60 
34,1 
13:10:58 
34 
5,0 
93,7 
9,60 
36,5 
13:11:00 
34 
5,0 
93,7 
9,60 
39,0 
13:11:02 
34 
5,0 
94,0 
9,64 
41,4 
13:11:04 
34 
5,0 
93,2 
9,56 
43,9 
13:11:06 
34 
5,0 
92,9 
9,52 
44,0 
13:11:08 
34 
5,0 
92,8 
9,51 
43,9 
13:11:10 
34 
5,0 
92,5 
9,49 
43,9 
13:11:12 
34 
5,0 
92,3 
9,46 
43,9 
13:11:14 
34 
5,0 
92,1 
9,44 
43,9 
13:11:16 
34 
5,0 
91,8 
9,41 
43,9 
13:11:18 
34 
5,0 
91,6 
9,39 
43,9 
13:11:20 
34 
5,0 
91,3 
9,35 
44,0 
13:11:22 
 
Kvalnes 
        
           
 
 
Intern dok. Id. Rapport CTDO-måling  
Side 43 of 68   
 
34 
5,0 
91,1 
9,33 
43,9 
13:11:24 
34 
5,0 
91,0 
9,32 
43,9 
13:11:26 
34 
5,0 
91,0 
9,32 
44,0 
13:11:28 
34 
5,0 
91,0 
9,33 
44,0 
13:11:30 
34 
5,0 
91,1 
9,34 
44,0 
13:11:32 
34 
5,0 
91,1 
9,34 
44,0 
13:11:34 
34 
5,0 
91,2 
9,34 
44,0 
13:11:36 
34 
5,0 
91,2 
9,35 
44,0 
13:11:38 
34 
5,0 
91,3 
9,36 
44,0 
13:11:40 
34 
5,0 
91,4 
9,37 
44,0 
13:11:42 
34 
5,0 
91,3 
9,36 
44,3 
13:11:44 
34 
5,0 
91,4 
9,37 
44,4 
13:11:46 
34 
5,0 
91,6 
9,39 
44,1 
13:11:48 
 
Prøvedato: 
16.06.2022 
Salinitet 
(ppt) 
Temperatur 
(°C) 
O2 (%) 
O2 (mg/l) 
Dybde (m) 
Tid 
34 
8,6 
93,3 
8,99 
1,1 
14:51:11 
34 
8,5 
89,5 
8,63 
2,2 
14:51:13 
34 
8,4 
101,3 
9,78 
4,0 
14:51:15 
34 
8,3 
101,3 
9,82 
6,1 
14:51:17 
34 
8,2 
102,9 
9,97 
7,2 
14:51:19 
34 
8,2 
104,7 
10,15 
9,2 
14:51:21 
34 
8,2 
103,1 
10,00 
10,7 
14:51:23 
34 
8,2 
103,7 
10,06 
13,0 
14:51:25 
34 
8,2 
103,6 
10,06 
15,0 
14:51:27 
34 
7,9 
103,7 
10,12 
16,6 
14:51:29 
34 
7,7 
103,3 
10,13 
18,1 
14:51:31 
34 
7,6 
103,3 
10,17 
19,7 
14:51:33 
34 
7,5 
100,2 
9,87 
21,9 
14:51:35 
34 
7,5 
101,1 
9,96 
24,0 
14:51:37 
34 
7,5 
99,8 
9,84 
26,6 
14:51:39 
34 
7,5 
99,1 
9,77 
28,7 
14:51:41 
34 
7,4 
98,5 
9,71 
31,5 
14:51:43 
34 
7,4 
98,3 
9,70 
34,0 
14:51:45 
34 
7,4 
97,9 
9,65 
36,5 
14:51:47 
34 
7,4 
97,6 
9,63 
39,1 
14:51:49 
34 
7,4 
97,4 
9,61 
41,5 
14:51:51 
34 
7,4 
97,4 
9,62 
43,8 
14:51:53 
34 
7,3 
97,1 
9,60 
44,2 
14:51:55 
34 
7,3 
96,9 
9,59 
44,0 
14:51:57 
34 
7,3 
96,7 
9,56 
44,0 
14:51:59 
34 
7,3 
96,5 
9,55 
43,8 
14:52:01 
34 
7,3 
96,2 
9,52 
44,0 
14:52:03 
34 
7,3 
96,1 
9,51 
43,9 
14:52:05 
34 
7,3 
96,1 
9,50 
43,8 
14:52:07 
34 
7,3 
95,9 
9,49 
43,9 
14:52:09 
 
Kvalnes 
        
           
 
 
Intern dok. Id. Rapport CTDO-måling  
Side 44 of 68   
 
34 
7,3 
95,7 
9,46 
43,7 
14:52:11 
34 
7,3 
95,8 
9,47 
43,8 
14:52:13 
34 
7,3 
95,7 
9,47 
43,8 
14:52:15 
34 
7,3 
95,7 
9,46 
43,7 
14:52:17 
34 
7,3 
95,5 
9,44 
43,8 
14:52:19 
34 
7,3 
95,2 
9,41 
43,8 
14:52:21 
34 
7,3 
95,2 
9,41 
43,9 
14:52:23 
34 
7,3 
95,3 
9,42 
43,8 
14:52:25 
34 
7,3 
95,4 
9,44 
43,8 
14:52:27 
34 
7,3 
95,4 
9,44 
43,8 
14:52:29 
34 
7,3 
95,5 
9,45 
43,8 
14:52:31 
34 
7,3 
95,6 
9,45 
43,8 
14:52:33 
34 
7,3 
95,6 
9,45 
43,8 
14:52:35 
34 
7,3 
95,5 
9,45 
43,9 
14:52:37 
34 
7,3 
95,5 
9,45 
43,8 
14:52:39 
34 
7,3 
95,4 
9,44 
44,1 
14:52:41 
 
Prøvedato: 
14.07.2022 
Salinitet 
(ppt) 
Temperatur 
(°C) 
O2 (%) 
O2 (mg/l) 
Dybde (m) 
Tid 
0 
12,0 
118,1 
12,87 
0,0 
12:06:55 
0 
11,8 
94,8 
10,37 
0,3 
12:06:57 
34 
11,7 
98,9 
8,78 
0,6 
12:06:59 
34 
11,7 
101,9 
9,04 
0,4 
12:07:01 
34 
11,7 
103,5 
9,19 
0,6 
12:07:03 
34 
11,7 
104,6 
9,28 
0,6 
12:07:05 
34 
11,7 
104,6 
9,28 
0,6 
12:07:07 
34 
11,7 
104,4 
9,26 
1,6 
12:07:09 
34 
11,7 
105,7 
9,39 
2,4 
12:07:11 
34 
11,7 
105,5 
9,37 
3,8 
12:07:13 
34 
11,6 
105,3 
9,37 
5,0 
12:07:15 
34 
11,6 
105,5 
9,39 
6,5 
12:07:17 
34 
11,6 
105,7 
9,41 
7,7 
12:07:19 
34 
11,6 
105,0 
9,35 
9,2 
12:07:21 
34 
11,6 
104,5 
9,30 
10,5 
12:07:23 
34 
11,6 
105,8 
9,42 
12,0 
12:07:25 
34 
11,6 
105,8 
9,42 
13,4 
12:07:27 
34 
11,5 
105,8 
9,44 
14,5 
12:07:29 
34 
11,5 
105,8 
9,44 
15,9 
12:07:31 
34 
11,4 
106,3 
9,49 
17,2 
12:07:33 
34 
11,4 
105,3 
9,41 
18,9 
12:07:35 
34 
11,3 
105,5 
9,44 
19,9 
12:07:37 
34 
11,3 
105,5 
9,44 
21,3 
12:07:39 
34 
11,3 
105,3 
9,43 
22,6 
12:07:41 
34 
11,3 
105,3 
9,44 
23,7 
12:07:43 
34 
11,2 
105,0 
9,42 
25,1 
12:07:45 
34 
11,2 
104,9 
9,41 
26,3 
12:07:47 
 
Kvalnes 
        
           
 
 
Intern dok. Id. Rapport CTDO-måling  
Side 45 of 68   
 
34 
11,2 
104,6 
9,40 
28,0 
12:07:49 
34 
11,1 
104,4 
9,40 
29,8 
12:07:51 
34 
10,9 
104,3 
9,40 
31,6 
12:07:53 
34 
10,9 
104,2 
9,41 
33,3 
12:07:55 
34 
10,8 
104,1 
9,41 
35,1 
12:07:57 
34 
10,8 
104,0 
9,41 
36,9 
12:07:59 
34 
10,7 
103,9 
9,41 
38,6 
12:08:01 
34 
10,6 
103,7 
9,41 
40,3 
12:08:03 
34 
10,6 
103,6 
9,42 
42,3 
12:08:05 
34 
10,5 
103,5 
9,42 
44,4 
12:08:07 
34 
10,5 
103,5 
9,43 
44,6 
12:08:09 
34 
10,5 
103,5 
9,42 
44,2 
12:08:11 
34 
10,5 
103,4 
9,41 
44,1 
12:08:13 
34 
10,5 
103,1 
9,39 
44,3 
12:08:15 
34 
10,5 
103,1 
9,38 
44,3 
12:08:17 
34 
10,5 
103,0 
9,38 
44,1 
12:08:19 
34 
10,5 
103,1 
9,38 
44,6 
12:08:21 
 
Prøvedato: 
25.08.2022 
Salinitet 
(ppt) 
Temperatur 
(°C) 
O2 (%) 
O2 (mg/l) 
Dybde (m) 
Tid 
33 
12,6 
107,8 
9,58 
1,1 
13:03:27 
33 
12,3 
111,5 
9,96 
2,8 
13:03:29 
33 
12,3 
108,3 
9,68 
4,2 
13:03:31 
33 
12,2 
106,6 
9,53 
5,5 
13:03:33 
33 
12,2 
111,6 
9,99 
7,2 
13:03:35 
33 
12,2 
118,5 
10,62 
8,7 
13:03:37 
33 
12,1 
113,8 
10,21 
10,2 
13:03:39 
33 
12,1 
109,7 
9,84 
11,3 
13:03:41 
33 
12,1 
105,2 
9,45 
12,6 
13:03:43 
33 
12,1 
102,6 
9,21 
14,0 
13:03:45 
33 
12,0 
101,4 
9,11 
15,2 
13:03:47 
33 
12,0 
100,9 
9,07 
16,7 
13:03:49 
33 
12,0 
100,6 
9,05 
18,3 
13:03:51 
33 
11,9 
100,2 
9,03 
19,5 
13:03:53 
33 
11,8 
99,7 
8,99 
20,8 
13:03:55 
33 
11,8 
99,3 
8,96 
22,1 
13:03:57 
33 
11,7 
98,8 
8,93 
23,8 
13:03:59 
33 
11,6 
98,5 
8,92 
25,9 
13:04:01 
33 
11,5 
98,2 
8,91 
27,6 
13:04:03 
33 
11,4 
97,9 
8,89 
29,9 
13:04:05 
33 
11,4 
97,8 
8,90 
31,5 
13:04:07 
33 
11,3 
97,5 
8,88 
33,2 
13:04:09 
33 
11,3 
97,7 
8,90 
35,0 
13:04:11 
34 
11,2 
97,7 
8,90 
37,0 
13:04:13 
34 
11,2 
97,6 
8,91 
38,6 
13:04:15 
34 
11,1 
97,2 
8,88 
41,0 
13:04:17 
 
Kvalnes 
        
           
 
 
Intern dok. Id. Rapport CTDO-måling  
Side 46 of 68   
 
34 
11,1 
97,1 
8,87 
42,7 
13:04:19 
34 
11,1 
96,9 
8,86 
43,5 
13:04:21 
34 
11,1 
97,0 
8,86 
43,8 
13:04:23 
34 
11,1 
96,8 
8,84 
43,8 
13:04:25 
34 
11,1 
96,7 
8,83 
43,8 
13:04:27 
34 
11,1 
96,4 
8,81 
44,0 
13:04:29 
34 
11,1 
96,3 
8,80 
44,0 
13:04:31 
34 
11,1 
96,4 
8,81 
44,1 
13:04:33 
34 
11,1 
96,0 
8,77 
43,9 
13:04:35 
34 
11,1 
96,0 
8,77 
43,9 
13:04:37 
34 
11,1 
95,9 
8,76 
43,9 
13:04:39 
34 
11,1 
95,8 
8,75 
43,8 
13:04:41 
34 
11,1 
95,4 
8,72 
44,1 
13:04:43 
34 
11,1 
95,6 
8,73 
44,1 
13:04:45 
34 
11,1 
95,7 
8,74 
44,1 
13:04:47 
34 
11,1 
95,8 
8,75 
44,1 
13:04:49 
 
 
 
 
Kvalnes 
        
           
 
 
Intern dok. Id. Rapport CTDO-måling  
Side 47 of 68   
 
Gul Inn Vinter 
Prøvedato: 
10.03.2022 
Salinitet (ppt) 
Temperatur (°C) 
O2 (%) 
O2 (mg/l) 
Dybde (m) 
Tid 
33 
4,3 
88,7 
9,12 
1,3 
12:54:50 
32 
4,3 
96,5 
9,93 
2,8 
12:54:52 
32 
4,3 
97,6 
10,05 
2,9 
12:54:54 
33 
4,3 
97,8 
10,07 
3,3 
12:54:56 
33 
4,3 
99,5 
10,24 
3,0 
12:54:58 
33 
4,3 
98,8 
10,17 
3,3 
12:55:00 
33 
4,3 
100,2 
10,31 
3,1 
12:55:02 
33 
4,3 
99,8 
10,28 
3,3 
12:55:04 
33 
4,3 
99,8 
10,27 
3,0 
12:55:06 
33 
4,3 
100,0 
10,30 
3,3 
12:55:08 
33 
4,3 
99,7 
10,26 
3,2 
12:55:10 
33 
4,3 
100,6 
10,35 
3,4 
12:55:12 
33 
4,3 
100,2 
10,31 
3,0 
12:55:14 
33 
4,3 
100,3 
10,32 
3,2 
12:55:16 
33 
4,3 
100,5 
10,35 
3,4 
12:55:18 
33 
4,3 
101,0 
10,39 
3,0 
12:55:20 
33 
4,3 
99,9 
10,29 
3,5 
12:55:22 
33 
4,3 
101,3 
10,43 
2,9 
12:55:24 
33 
4,3 
99,8 
10,28 
3,2 
12:55:26 
33 
4,3 
101,3 
10,43 
3,4 
12:55:28 
33 
4,3 
100,5 
10,34 
2,8 
12:55:30 
33 
4,3 
100,6 
10,35 
3,6 
12:55:32 
33 
4,3 
100,9 
10,38 
2,9 
12:55:34 
33 
4,3 
100,0 
10,30 
3,7 
12:55:36 
33 
4,3 
101,6 
10,45 
2,8 
12:55:38 
33 
4,3 
100,3 
10,32 
3,3 
12:55:40 
33 
4,3 
101,5 
10,45 
3,0 
12:55:42 
33 
4,3 
100,2 
10,31 
3,5 
12:55:44 
33 
4,3 
101,7 
10,47 
3,1 
12:55:46 
33 
4,3 
100,6 
10,35 
3,2 
12:55:48 
33 
4,3 
101,5 
10,45 
3,3 
12:55:50 
33 
4,3 
101,0 
10,40 
3,5 
12:55:52 
33 
4,3 
101,8 
10,48 
3,3 
12:55:54 
33 
4,3 
101,7 
10,47 
4,9 
12:55:56 
33 
4,3 
102,3 
10,53 
5,9 
12:55:58 
33 
4,3 
101,8 
10,48 
7,1 
12:56:00 
33 
4,3 
102,0 
10,51 
8,4 
12:56:02 
33 
4,3 
101,8 
10,48 
9,6 
12:56:04 
33 
4,3 
101,7 
10,47 
11,1 
12:56:06 
33 
4,3 
101,7 
10,46 
11,9 
12:56:08 
33 
4,3 
102,1 
10,51 
13,8 
12:56:10 
33 
4,3 
102,3 
10,52 
14,9 
12:56:12 
33 
4,3 
102,4 
10,54 
16,6 
12:56:14 
 
Kvalnes 
        
           
 
 
Intern dok. Id. Rapport CTDO-måling  
Side 48 of 68   
 
33 
4,3 
102,3 
10,52 
17,6 
12:56:16 
33 
4,3 
102,1 
10,52 
18,5 
12:56:18 
33 
4,3 
102,0 
10,50 
20,0 
12:56:20 
33 
4,3 
101,9 
10,48 
21,3 
12:56:22 
33 
4,3 
102,0 
10,50 
22,6 
12:56:24 
33 
4,3 
102,0 
10,49 
24,0 
12:56:26 
33 
4,3 
102,0 
10,49 
25,5 
12:56:28 
33 
4,3 
102,0 
10,50 
26,7 
12:56:30 
33 
4,3 
102,1 
10,51 
27,9 
12:56:32 
33 
4,3 
102,0 
10,49 
29,1 
12:56:34 
33 
4,3 
102,2 
10,51 
30,8 
12:56:36 
33 
4,3 
102,0 
10,48 
32,4 
12:56:38 
33 
4,3 
102,0 
10,49 
34,2 
12:56:40 
33 
4,3 
102,0 
10,48 
34,9 
12:56:42 
33 
4,3 
101,9 
10,47 
36,9 
12:56:44 
33 
4,3 
101,9 
10,47 
38,7 
12:56:46 
33 
4,3 
101,9 
10,46 
39,8 
12:56:48 
33 
4,3 
101,9 
10,46 
41,9 
12:56:50 
33 
4,4 
101,8 
10,45 
43,0 
12:56:52 
33 
4,4 
101,9 
10,45 
45,2 
12:56:54 
33 
4,4 
101,8 
10,45 
45,8 
12:56:56 
33 
4,4 
101,8 
10,45 
47,1 
12:56:58 
33 
4,4 
101,8 
10,45 
48,6 
12:57:00 
33 
4,4 
101,7 
10,43 
49,0 
12:57:02 
33 
4,4 
101,6 
10,42 
50,2 
12:57:04 
33 
4,4 
101,5 
10,41 
50,8 
12:57:06 
33 
4,4 
101,6 
10,41 
52,5 
12:57:08 
33 
4,4 
101,6 
10,41 
53,7 
12:57:10 
33 
4,4 
101,5 
10,40 
55,1 
12:57:12 
33 
4,4 
101,5 
10,40 
56,4 
12:57:14 
33 
4,4 
101,4 
10,38 
56,8 
12:57:16 
33 
4,4 
101,4 
10,38 
58,6 
12:57:18 
33 
4,4 
101,3 
10,38 
59,8 
12:57:20 
33 
4,4 
101,3 
10,38 
61,4 
12:57:22 
33 
4,5 
101,3 
10,37 
62,6 
12:57:24 
33 
4,5 
101,2 
10,37 
64,3 
12:57:26 
33 
4,5 
101,1 
10,36 
65,8 
12:57:28 
33 
4,5 
101,1 
10,35 
67,3 
12:57:30 
33 
4,5 
101,1 
10,35 
68,2 
12:57:32 
33 
4,5 
101,0 
10,33 
69,0 
12:57:34 
33 
4,5 
101,0 
10,33 
70,4 
12:57:36 
33 
4,5 
100,9 
10,33 
72,1 
12:57:38 
33 
4,4 
100,9 
10,33 
74,0 
12:57:40 
33 
4,4 
100,9 
10,33 
75,9 
12:57:42 
33 
4,4 
100,9 
10,33 
77,3 
12:57:44 
33 
4,4 
100,9 
10,33 
78,7 
12:57:46 
 
Kvalnes 
        
           
 
 
Intern dok. Id. Rapport CTDO-måling  
Side 49 of 68   
 
33 
4,4 
100,8 
10,33 
80,1 
12:57:48 
33 
4,4 
100,8 
10,32 
81,2 
12:57:50 
33 
4,4 
100,8 
10,32 
82,5 
12:57:52 
33 
4,4 
100,9 
10,33 
84,2 
12:57:54 
33 
4,5 
100,9 
10,32 
85,6 
12:57:56 
33 
4,5 
100,9 
10,32 
87,0 
12:57:58 
33 
4,5 
100,8 
10,31 
87,8 
12:58:00 
33 
4,5 
100,9 
10,31 
89,2 
12:58:02 
33 
4,5 
100,8 
10,31 
89,2 
12:58:04 
33 
4,5 
100,8 
10,31 
90,9 
12:58:06 
33 
4,5 
100,8 
10,30 
92,0 
12:58:08 
33 
4,5 
100,8 
10,30 
93,8 
12:58:10 
33 
4,5 
100,6 
10,29 
95,2 
12:58:12 
33 
4,5 
100,6 
10,28 
97,0 
12:58:14 
33 
4,5 
100,6 
10,29 
98,8 
12:58:16 
33 
4,5 
100,6 
10,28 
100,7 
12:58:18 
33 
4,5 
100,6 
10,28 
102,5 
12:58:20 
33 
4,5 
100,5 
10,27 
104,1 
12:58:22 
33 
4,5 
100,5 
10,27 
106,2 
12:58:24 
33 
4,5 
100,4 
10,26 
108,0 
12:58:26 
33 
4,5 
100,5 
10,26 
110,2 
12:58:28 
33 
4,6 
100,4 
10,25 
112,1 
12:58:30 
33 
4,6 
100,5 
10,24 
114,2 
12:58:32 
33 
4,6 
100,4 
10,24 
116,0 
12:58:34 
33 
4,6 
100,5 
10,24 
117,5 
12:58:36 
33 
4,7 
100,5 
10,23 
119,2 
12:58:38 
33 
4,7 
100,5 
10,22 
120,8 
12:58:40 
33 
4,8 
100,5 
10,20 
122,3 
12:58:42 
33 
4,8 
100,5 
10,19 
124,0 
12:58:44 
33 
4,8 
100,4 
10,18 
125,8 
12:58:46 
33 
4,9 
100,4 
10,18 
128,0 
12:58:48 
33 
4,9 
100,5 
10,16 
129,9 
12:58:50 
33 
5,0 
100,5 
10,14 
131,6 
12:58:52 
33 
5,0 
100,4 
10,12 
133,2 
12:58:54 
33 
5,1 
100,5 
10,12 
135,2 
12:58:56 
33 
5,1 
100,4 
10,10 
136,7 
12:58:58 
33 
5,2 
100,5 
10,08 
138,5 
12:59:00 
33 
5,3 
100,4 
10,06 
139,8 
12:59:02 
33 
5,3 
100,4 
10,05 
141,5 
12:59:04 
33 
5,3 
100,3 
10,04 
143,0 
12:59:06 
33 
5,3 
100,2 
10,03 
145,0 
12:59:08 
33 
5,3 
100,2 
10,02 
146,7 
12:59:10 
33 
5,4 
100,1 
10,00 
148,4 
12:59:12 
33 
5,4 
100,1 
9,99 
150,0 
12:59:14 
33 
5,4 
100,0 
9,98 
151,6 
12:59:16 
33 
5,5 
100,0 
9,97 
153,3 
12:59:18 
 
Kvalnes 
        
           
 
 
Intern dok. Id. Rapport CTDO-måling  
Side 50 of 68   
 
33 
5,5 
99,9 
9,96 
155,0 
12:59:20 
33 
5,5 
99,9 
9,94 
156,8 
12:59:22 
33 
5,6 
99,8 
9,93 
158,6 
12:59:24 
33 
5,6 
99,8 
9,91 
160,6 
12:59:26 
33 
5,7 
99,9 
9,90 
162,9 
12:59:28 
33 
5,8 
99,9 
9,88 
165,0 
12:59:30 
33 
6,0 
100,0 
9,83 
167,0 
12:59:32 
33 
6,1 
100,1 
9,82 
169,0 
12:59:34 
33 
6,1 
100,0 
9,80 
170,9 
12:59:36 
33 
6,1 
99,9 
9,79 
171,9 
12:59:38 
33 
6,1 
99,6 
9,76 
172,0 
12:59:40 
33 
6,1 
99,5 
9,76 
172,2 
12:59:42 
33 
6,1 
99,4 
9,75 
172,1 
12:59:44 
33 
6,1 
99,2 
9,73 
172,2 
12:59:46 
33 
6,1 
99,1 
9,72 
172,5 
12:59:48 
33 
6,1 
99,0 
9,71 
172,3 
12:59:50 
33 
6,1 
98,8 
9,69 
172,2 
12:59:52 
33 
6,1 
98,7 
9,68 
172,2 
12:59:54 
33 
6,1 
98,6 
9,67 
172,2 
12:59:56 
33 
6,1 
98,6 
9,66 
172,1 
12:59:58 
33 
6,1 
98,5 
9,66 
172,1 
13:00:00 
33 
6,1 
98,4 
9,65 
172,1 
13:00:02 
33 
6,1 
98,4 
9,64 
172,1 
13:00:04 
33 
6,1 
98,3 
9,63 
172,0 
13:00:06 
33 
6,1 
98,2 
9,62 
172,0 
13:00:08 
33 
6,1 
98,1 
9,62 
172,0 
13:00:10 
33 
6,1 
98,0 
9,61 
172,1 
13:00:12 
33 
6,1 
98,0 
9,61 
172,0 
13:00:14 
33 
6,1 
97,9 
9,60 
172,0 
13:00:16 
33 
6,1 
97,8 
9,59 
172,0 
13:00:18 
33 
6,1 
97,8 
9,59 
172,0 
13:00:20 
33 
6,1 
97,8 
9,58 
172,0 
13:00:22 
33 
6,1 
97,8 
9,58 
172,1 
13:00:24 
33 
6,1 
97,7 
9,58 
172,2 
13:00:26 
33 
6,1 
97,7 
9,57 
172,4 
13:00:28 
33 
6,1 
97,7 
9,58 
172,6 
13:00:30 
33 
6,1 
97,7 
9,57 
172,6 
13:00:32 
33 
6,1 
97,6 
9,57 
172,7 
13:00:34 
33 
6,1 
97,6 
9,57 
172,8 
13:00:36 
33 
6,1 
97,5 
9,56 
172,9 
13:00:38 
33 
6,1 
97,5 
9,56 
173,1 
13:00:40 
33 
6,1 
97,5 
9,55 
173,2 
13:00:42 
 
 
 
 
Kvalnes 
        
           
 
 
Intern dok. Id. Rapport CTDO-måling  
Side 51 of 68   
 
Prøvedato: 
08.04.2022 
Salinitet (ppt) 
Temperatur (°C) 
O2 (%) 
O2 (mg/l) 
Dybde (m) 
Tid 
0 
2,7 
32,5 
4,34 
0,3 
09:45:05 
34 
3,6 
66,6 
6,90 
0,9 
09:45:07 
34 
3,7 
80,2 
8,30 
2,6 
09:45:09 
34 
3,8 
89,6 
9,26 
5,2 
09:45:11 
34 
3,9 
93,7 
9,67 
7,8 
09:45:13 
34 
3,9 
92,8 
9,56 
9,9 
09:45:15 
34 
3,9 
92,3 
9,51 
11,6 
09:45:17 
34 
4,0 
93,4 
9,61 
13,9 
09:45:19 
34 
4,0 
93,1 
9,58 
16,8 
09:45:21 
34 
4,0 
98,0 
10,07 
19,4 
09:45:23 
34 
4,0 
92,2 
9,47 
22,1 
09:45:25 
34 
4,1 
94,3 
9,68 
24,8 
09:45:27 
34 
4,1 
94,9 
9,74 
27,4 
09:45:29 
34 
4,1 
94,2 
9,66 
29,8 
09:45:31 
34 
4,1 
95,4 
9,78 
32,0 
09:45:33 
34 
4,1 
95,2 
9,76 
34,6 
09:45:35 
34 
4,2 
95,5 
9,77 
37,5 
09:45:37 
34 
4,2 
95,5 
9,76 
40,4 
09:45:39 
34 
4,2 
95,5 
9,76 
43,4 
09:45:41 
34 
4,3 
95,6 
9,76 
46,4 
09:45:43 
34 
4,3 
96,0 
9,78 
49,6 
09:45:45 
34 
4,5 
95,9 
9,74 
52,9 
09:45:47 
34 
4,6 
96,4 
9,75 
56,0 
09:45:49 
34 
4,8 
96,6 
9,72 
58,8 
09:45:51 
34 
4,9 
96,8 
9,71 
61,7 
09:45:53 
34 
5,0 
96,8 
9,69 
64,6 
09:45:55 
34 
5,0 
96,9 
9,69 
67,3 
09:45:57 
34 
5,1 
96,7 
9,67 
70,2 
09:45:59 
34 
5,1 
96,8 
9,67 
73,2 
09:46:01 
34 
5,2 
97,0 
9,67 
76,3 
09:46:03 
34 
5,2 
96,8 
9,65 
79,3 
09:46:05 
34 
5,3 
96,7 
9,62 
82,4 
09:46:07 
34 
5,3 
96,7 
9,60 
85,3 
09:46:09 
34 
5,4 
96,6 
9,58 
88,2 
09:46:11 
34 
5,4 
96,5 
9,56 
91,1 
09:46:13 
34 
5,5 
96,5 
9,55 
93,9 
09:46:15 
34 
5,5 
96,4 
9,54 
96,5 
09:46:17 
34 
5,5 
96,3 
9,53 
99,1 
09:46:19 
34 
5,5 
96,2 
9,51 
101,8 
09:46:21 
34 
5,5 
96,0 
9,50 
104,7 
09:46:23 
34 
5,4 
95,9 
9,49 
107,6 
09:46:25 
34 
5,4 
95,8 
9,48 
110,2 
09:46:27 
34 
5,5 
95,8 
9,47 
112,9 
09:46:29 
34 
5,5 
95,7 
9,46 
115,6 
09:46:31 
 
Kvalnes 
        
           
 
 
Intern dok. Id. Rapport CTDO-måling  
Side 52 of 68   
 
34 
5,5 
95,7 
9,45 
118,3 
09:46:33 
34 
5,6 
95,7 
9,44 
121,0 
09:46:35 
34 
5,6 
95,5 
9,42 
123,7 
09:46:37 
34 
5,6 
95,6 
9,41 
126,5 
09:46:39 
34 
5,7 
95,5 
9,40 
129,3 
09:46:41 
34 
5,8 
95,5 
9,38 
132,0 
09:46:43 
34 
5,9 
95,6 
9,36 
134,6 
09:46:45 
34 
5,9 
95,5 
9,34 
137,4 
09:46:47 
34 
6,0 
95,4 
9,32 
140,0 
09:46:49 
34 
6,0 
95,4 
9,32 
142,6 
09:46:51 
34 
6,0 
95,4 
9,31 
145,1 
09:46:53 
34 
6,1 
95,4 
9,28 
147,7 
09:46:55 
34 
6,2 
95,3 
9,26 
150,3 
09:46:57 
34 
6,2 
95,3 
9,24 
152,9 
09:46:59 
34 
6,3 
95,1 
9,22 
155,4 
09:47:01 
34 
6,3 
95,1 
9,22 
158,1 
09:47:03 
34 
6,3 
94,9 
9,20 
160,8 
09:47:05 
35 
6,3 
94,9 
9,18 
163,4 
09:47:07 
35 
6,4 
94,9 
9,16 
166,0 
09:47:09 
35 
6,5 
94,7 
9,14 
168,6 
09:47:11 
35 
6,5 
94,6 
9,12 
170,5 
09:47:13 
35 
6,5 
94,4 
9,10 
171,2 
09:47:15 
35 
6,5 
94,2 
9,07 
171,3 
09:47:17 
35 
6,5 
93,9 
9,05 
171,3 
09:47:19 
35 
6,5 
93,7 
9,03 
171,3 
09:47:21 
35 
6,5 
93,6 
9,01 
171,3 
09:47:23 
35 
6,5 
93,4 
9,00 
171,3 
09:47:25 
35 
6,5 
93,2 
8,98 
171,3 
09:47:27 
35 
6,5 
93,1 
8,97 
171,3 
09:47:29 
35 
6,5 
92,9 
8,96 
171,3 
09:47:31 
35 
6,5 
92,8 
8,94 
171,3 
09:47:33 
35 
6,5 
92,7 
8,94 
171,3 
09:47:35 
35 
6,5 
92,6 
8,92 
171,3 
09:47:37 
35 
6,5 
92,7 
8,93 
171,3 
09:47:39 
35 
6,5 
92,5 
8,91 
171,3 
09:47:41 
 
Prøvedato: 
26.04.2022 
Salinitet 
(ppt) 
Temperatur 
(°C) 
O2 (%) 
O2 (mg/l) 
Dybde (m) 
Tid 
33 
4,7 
92,7 
9,85 
0,9 
13:12:02 
33 
4,8 
95,7 
10,16 
2,7 
13:12:04 
33 
4,8 
95,0 
10,08 
3,5 
13:12:06 
32 
4,8 
97,0 
10,30 
5,3 
13:12:08 
32 
4,8 
97,3 
10,33 
7,9 
13:12:10 
32 
4,8 
97,5 
10,35 
10,0 
13:12:12 
32 
4,8 
98,2 
10,43 
12,5 
13:12:14 
32 
4,8 
98,4 
10,45 
15,2 
13:12:16 
 
Kvalnes 
        
           
 
 
Intern dok. Id. Rapport CTDO-måling  
Side 53 of 68   
 
32 
4,8 
98,7 
10,48 
18,3 
13:12:18 
32 
4,8 
98,8 
10,50 
21,2 
13:12:20 
32 
4,8 
99,0 
10,51 
24,3 
13:12:22 
32 
4,8 
99,0 
10,51 
27,2 
13:12:24 
32 
4,8 
98,9 
10,50 
29,9 
13:12:26 
32 
4,8 
98,8 
10,48 
32,6 
13:12:28 
32 
4,8 
98,8 
10,47 
34,9 
13:12:30 
33 
4,8 
99,0 
10,50 
37,5 
13:12:32 
33 
4,8 
98,3 
10,43 
40,2 
13:12:34 
33 
4,8 
98,4 
10,44 
42,9 
13:12:36 
33 
4,8 
98,3 
10,42 
45,4 
13:12:38 
33 
4,8 
98,2 
10,42 
47,7 
13:12:40 
33 
4,8 
98,2 
10,42 
50,1 
13:12:42 
33 
4,8 
98,1 
10,41 
52,6 
13:12:44 
33 
4,8 
98,0 
10,40 
55,2 
13:12:46 
33 
4,8 
97,8 
10,38 
57,2 
13:12:48 
33 
4,8 
97,7 
10,37 
59,0 
13:12:50 
33 
4,8 
97,7 
10,36 
61,3 
13:12:52 
33 
4,8 
97,6 
10,36 
63,8 
13:12:54 
33 
4,8 
97,7 
10,37 
66,3 
13:12:56 
33 
4,8 
97,7 
10,37 
68,8 
13:12:58 
33 
4,8 
97,5 
10,35 
71,4 
13:13:00 
33 
4,8 
97,4 
10,34 
74,0 
13:13:02 
33 
4,8 
97,2 
10,32 
76,6 
13:13:04 
33 
4,8 
97,1 
10,31 
79,0 
13:13:06 
33 
4,8 
97,0 
10,30 
81,4 
13:13:08 
33 
4,8 
96,9 
10,28 
83,8 
13:13:10 
33 
4,8 
96,8 
10,27 
86,3 
13:13:12 
33 
4,8 
96,7 
10,26 
88,7 
13:13:14 
33 
4,8 
96,7 
10,26 
91,0 
13:13:16 
33 
4,8 
96,6 
10,25 
93,4 
13:13:18 
33 
4,8 
96,6 
10,24 
95,6 
13:13:20 
33 
4,8 
96,4 
10,22 
97,7 
13:13:22 
33 
4,8 
96,2 
10,20 
99,8 
13:13:24 
33 
4,9 
96,1 
10,18 
101,9 
13:13:26 
33 
4,9 
95,9 
10,16 
104,1 
13:13:28 
33 
4,9 
95,8 
10,15 
106,2 
13:13:30 
33 
4,9 
95,6 
10,13 
108,2 
13:13:32 
33 
4,9 
95,4 
10,10 
110,2 
13:13:34 
33 
4,9 
95,2 
10,07 
112,3 
13:13:36 
33 
4,9 
95,0 
10,05 
114,4 
13:13:38 
33 
4,9 
94,6 
10,01 
116,4 
13:13:40 
33 
5,0 
94,4 
9,98 
118,4 
13:13:42 
33 
5,0 
94,0 
9,93 
120,3 
13:13:44 
33 
5,0 
93,5 
9,88 
122,2 
13:13:46 
33 
4,9 
93,1 
9,85 
124,2 
13:13:48 
 
Kvalnes 
        
           
 
 
Intern dok. Id. Rapport CTDO-måling  
Side 54 of 68   
 
33 
4,9 
92,7 
9,81 
126,2 
13:13:50 
33 
4,9 
92,3 
9,77 
128,1 
13:13:52 
33 
4,9 
92,0 
9,73 
130,1 
13:13:54 
33 
5,0 
91,6 
9,68 
131,9 
13:13:56 
33 
5,0 
91,3 
9,64 
133,8 
13:13:58 
33 
5,0 
91,0 
9,60 
135,8 
13:14:00 
33 
5,0 
90,8 
9,58 
137,7 
13:14:02 
33 
5,1 
90,6 
9,52 
139,6 
13:14:04 
33 
5,2 
90,2 
9,47 
141,5 
13:14:06 
33 
5,2 
89,8 
9,42 
143,4 
13:14:08 
33 
5,2 
89,3 
9,37 
145,3 
13:14:10 
33 
5,2 
88,9 
9,32 
147,1 
13:14:12 
33 
5,3 
88,6 
9,27 
149,0 
13:14:14 
33 
5,4 
88,3 
9,23 
150,9 
13:14:16 
33 
5,4 
88,0 
9,18 
152,9 
13:14:18 
33 
5,4 
87,6 
9,14 
154,7 
13:14:20 
33 
5,5 
87,3 
9,10 
156,6 
13:14:22 
33 
5,5 
87,0 
9,06 
158,5 
13:14:24 
33 
5,5 
86,8 
9,03 
160,4 
13:14:26 
33 
5,6 
86,6 
9,00 
162,2 
13:14:28 
33 
5,7 
86,6 
8,97 
164,0 
13:14:30 
33 
5,7 
86,4 
8,94 
165,8 
13:14:32 
33 
5,8 
86,3 
8,92 
167,7 
13:14:34 
33 
5,9 
86,2 
8,89 
169,4 
13:14:36 
33 
5,9 
86,1 
8,87 
171,1 
13:14:38 
33 
5,9 
86,0 
8,85 
172,4 
13:14:40 
33 
5,9 
85,7 
8,82 
172,4 
13:14:42 
33 
5,9 
85,3 
8,78 
172,4 
13:14:44 
33 
6,0 
85,0 
8,75 
172,4 
13:14:46 
33 
6,0 
84,8 
8,72 
172,4 
13:14:48 
33 
6,0 
84,5 
8,69 
172,4 
13:14:50 
33 
6,0 
84,3 
8,67 
172,4 
13:14:52 
33 
6,0 
84,1 
8,65 
172,4 
13:14:54 
33 
6,0 
83,9 
8,63 
172,4 
13:14:56 
33 
6,0 
83,7 
8,61 
172,4 
13:14:58 
33 
6,0 
83,6 
8,59 
172,4 
13:15:00 
 
Prøvedato: 
13.05.2022 
Salinitet 
(ppt) 
Temperatur 
(°C) 
O2 (%) 
O2 (mg/l) 
Dybde (m) 
Tid 
33 
5,3 
91,2 
9,32 
0,8 
13:22:48 
33 
5,2 
95,5 
9,76 
2,0 
13:22:50 
33 
5,2 
94,5 
9,68 
3,4 
13:22:52 
33 
5,2 
95,0 
9,72 
5,2 
13:22:54 
33 
5,2 
96,7 
9,90 
6,8 
13:22:56 
33 
5,2 
95,9 
9,80 
9,7 
13:22:58 
34 
5,2 
95,3 
9,74 
13,1 
13:23:00 
 
Kvalnes 
        
           
 
 
Intern dok. Id. Rapport CTDO-måling  
Side 55 of 68   
 
34 
5,2 
95,2 
9,73 
16,3 
13:23:02 
34 
5,2 
96,6 
9,87 
19,3 
13:23:04 
34 
5,2 
93,7 
9,58 
22,2 
13:23:06 
34 
5,1 
93,9 
9,60 
25,1 
13:23:08 
34 
5,2 
93,6 
9,56 
27,9 
13:23:10 
34 
5,2 
93,9 
9,58 
30,7 
13:23:12 
34 
5,2 
93,7 
9,57 
33,4 
13:23:14 
34 
5,1 
93,4 
9,55 
36,1 
13:23:16 
34 
5,1 
93,3 
9,53 
39,1 
13:23:18 
34 
5,1 
93,2 
9,52 
41,9 
13:23:20 
34 
5,1 
93,1 
9,51 
44,5 
13:23:22 
34 
5,1 
92,7 
9,48 
47,1 
13:23:24 
34 
5,1 
92,7 
9,49 
49,8 
13:23:26 
34 
5,1 
92,7 
9,49 
52,6 
13:23:28 
34 
5,1 
92,6 
9,47 
55,2 
13:23:30 
34 
5,1 
92,7 
9,48 
57,9 
13:23:32 
34 
5,1 
92,4 
9,45 
60,6 
13:23:34 
34 
5,1 
92,6 
9,47 
63,3 
13:23:36 
34 
5,3 
92,8 
9,45 
66,0 
13:23:38 
34 
5,4 
92,8 
9,43 
68,6 
13:23:40 
34 
5,4 
92,7 
9,41 
71,2 
13:23:42 
34 
5,4 
92,5 
9,38 
73,7 
13:23:44 
34 
5,5 
92,3 
9,35 
76,2 
13:23:46 
34 
5,5 
92,1 
9,33 
78,7 
13:23:48 
34 
5,5 
91,9 
9,31 
81,3 
13:23:50 
34 
5,5 
92,1 
9,32 
83,9 
13:23:52 
34 
5,4 
91,5 
9,27 
86,4 
13:23:54 
34 
5,4 
91,5 
9,27 
88,9 
13:23:56 
34 
5,4 
91,4 
9,27 
91,4 
13:23:58 
34 
5,3 
91,2 
9,27 
93,9 
13:24:00 
34 
5,3 
91,1 
9,27 
96,3 
13:24:02 
34 
5,2 
91,0 
9,26 
98,7 
13:24:04 
34 
5,2 
90,9 
9,27 
101,1 
13:24:06 
34 
5,2 
90,9 
9,27 
103,4 
13:24:08 
34 
5,2 
90,9 
9,26 
105,8 
13:24:10 
34 
5,2 
90,9 
9,26 
108,2 
13:24:12 
34 
5,2 
90,9 
9,26 
110,5 
13:24:14 
34 
5,3 
90,9 
9,25 
112,8 
13:24:16 
34 
5,4 
90,9 
9,23 
115,0 
13:24:18 
34 
5,4 
90,9 
9,22 
117,2 
13:24:20 
34 
5,4 
90,9 
9,21 
119,5 
13:24:22 
34 
5,4 
90,7 
9,19 
121,8 
13:24:24 
34 
5,4 
90,5 
9,17 
124,0 
13:24:26 
34 
5,4 
90,3 
9,16 
126,2 
13:24:28 
34 
5,4 
90,2 
9,15 
128,3 
13:24:30 
34 
5,4 
90,1 
9,14 
130,5 
13:24:32 
 
Kvalnes 
        
           
 
 
Intern dok. Id. Rapport CTDO-måling  
Side 56 of 68   
 
34 
5,4 
90,0 
9,13 
132,6 
13:24:34 
34 
5,4 
89,9 
9,12 
134,8 
13:24:36 
34 
5,4 
89,8 
9,11 
137,0 
13:24:38 
34 
5,4 
89,7 
9,09 
139,3 
13:24:40 
34 
5,4 
89,6 
9,08 
141,4 
13:24:42 
34 
5,4 
89,5 
9,06 
143,5 
13:24:44 
34 
5,4 
89,4 
9,05 
145,6 
13:24:46 
34 
5,5 
89,3 
9,04 
147,8 
13:24:48 
34 
5,5 
89,2 
9,02 
149,9 
13:24:50 
34 
5,5 
89,0 
9,00 
151,9 
13:24:52 
34 
5,5 
88,9 
8,98 
153,9 
13:24:54 
34 
5,5 
88,7 
8,96 
156,0 
13:24:56 
34 
5,6 
88,6 
8,94 
158,0 
13:24:58 
34 
5,6 
88,5 
8,92 
160,0 
13:25:00 
34 
5,7 
88,4 
8,90 
162,0 
13:25:02 
34 
5,7 
88,4 
8,88 
163,9 
13:25:04 
34 
5,8 
88,2 
8,86 
165,9 
13:25:06 
34 
5,8 
88,1 
8,84 
167,9 
13:25:08 
34 
5,8 
88,0 
8,81 
169,9 
13:25:10 
34 
5,9 
87,8 
8,79 
170,7 
13:25:12 
34 
5,9 
87,6 
8,77 
170,7 
13:25:14 
34 
5,9 
87,2 
8,73 
170,7 
13:25:16 
34 
5,9 
86,9 
8,69 
170,7 
13:25:18 
34 
5,9 
86,5 
8,66 
170,7 
13:25:20 
34 
5,9 
86,0 
8,61 
170,7 
13:25:22 
34 
5,9 
85,6 
8,57 
170,7 
13:25:24 
34 
5,9 
85,3 
8,54 
170,7 
13:25:26 
34 
5,9 
85,0 
8,51 
170,7 
13:25:28 
34 
5,9 
84,7 
8,48 
170,7 
13:25:30 
34 
5,9 
84,4 
8,45 
170,7 
13:25:32 
34 
5,9 
84,1 
8,42 
170,7 
13:25:34 
34 
5,9 
83,9 
8,40 
170,7 
13:25:36 
34 
5,9 
83,7 
8,38 
170,7 
13:25:38 
34 
5,9 
83,6 
8,36 
170,7 
13:25:40 
34 
5,9 
83,5 
8,35 
170,7 
13:25:42 
34 
5,9 
83,4 
8,35 
170,7 
13:25:44 
34 
5,9 
83,3 
8,34 
170,7 
13:25:46 
34 
5,9 
83,3 
8,34 
170,7 
13:25:48 
34 
5,9 
83,4 
8,34 
170,7 
13:25:50 
34 
5,9 
83,4 
8,35 
170,7 
13:25:52 
34 
5,9 
83,4 
8,35 
170,7 
13:25:54 
34 
5,9 
83,3 
8,34 
170,7 
13:25:56 
34 
5,9 
83,2 
8,33 
170,7 
13:25:58 
34 
5,9 
83,1 
8,32 
170,7 
13:26:00 
34 
5,9 
83,0 
8,30 
170,7 
13:26:02 
34 
5,9 
82,8 
8,29 
170,7 
13:26:04 
 
Kvalnes 
        
           
 
 
Intern dok. Id. Rapport CTDO-måling  
Side 57 of 68   
 
 
Prøvedato: 
16.06.2022 
Salinitet 
(ppt) 
Temperatur 
(°C) 
O2 (%) 
O2 (mg/l) 
Dybde (m) 
Tid 
0 
8,8 
84,0 
10,00 
0,3 
14:58:25 
34 
8,8 
94,8 
9,08 
1,0 
14:58:27 
34 
8,7 
96,5 
9,27 
2,9 
14:58:29 
34 
8,7 
98,6 
9,48 
4,4 
14:58:31 
34 
8,6 
101,2 
9,74 
6,7 
14:58:33 
34 
8,6 
101,6 
9,78 
8,6 
14:58:35 
34 
8,6 
103,2 
9,94 
10,8 
14:58:37 
34 
8,5 
104,4 
10,07 
13,0 
14:58:39 
34 
8,2 
104,0 
10,10 
15,4 
14:58:41 
34 
8,0 
103,6 
10,10 
17,6 
14:58:43 
34 
7,9 
101,3 
9,89 
20,0 
14:58:45 
34 
7,8 
101,9 
9,97 
22,0 
14:58:47 
34 
7,8 
100,8 
9,87 
24,4 
14:58:49 
34 
7,7 
100,7 
9,87 
26,7 
14:58:51 
34 
7,6 
100,1 
9,84 
29,3 
14:58:53 
34 
7,5 
100,6 
9,90 
32,5 
14:58:55 
34 
7,4 
99,2 
9,79 
35,5 
14:58:57 
34 
7,4 
98,2 
9,70 
38,6 
14:58:59 
34 
7,3 
97,7 
9,66 
41,7 
14:59:01 
34 
7,3 
97,6 
9,66 
44,7 
14:59:03 
34 
7,3 
96,3 
9,54 
47,7 
14:59:05 
34 
7,2 
95,8 
9,49 
50,7 
14:59:07 
34 
7,1 
95,7 
9,50 
53,6 
14:59:09 
34 
7,1 
95,2 
9,47 
56,4 
14:59:11 
34 
6,9 
94,6 
9,44 
59,3 
14:59:13 
34 
6,7 
94,7 
9,49 
62,1 
14:59:15 
34 
6,5 
93,8 
9,44 
64,9 
14:59:17 
34 
6,1 
92,6 
9,40 
67,7 
14:59:19 
34 
6,0 
92,7 
9,44 
70,5 
14:59:21 
34 
6,0 
92,2 
9,39 
73,2 
14:59:23 
34 
6,0 
91,8 
9,34 
75,8 
14:59:25 
34 
6,1 
91,5 
9,29 
78,5 
14:59:27 
34 
6,1 
91,2 
9,25 
81,1 
14:59:29 
34 
6,5 
91,2 
9,18 
83,7 
14:59:31 
34 
6,8 
91,3 
9,12 
86,3 
14:59:33 
34 
7,0 
91,5 
9,08 
88,8 
14:59:35 
34 
7,1 
91,5 
9,05 
91,3 
14:59:37 
34 
7,1 
91,3 
9,03 
93,8 
14:59:39 
34 
7,1 
90,8 
9,01 
96,3 
14:59:41 
34 
7,0 
90,7 
9,00 
98,8 
14:59:43 
34 
6,9 
90,3 
8,99 
101,3 
14:59:45 
34 
6,7 
90,0 
9,00 
103,8 
14:59:47 
34 
6,6 
89,3 
8,95 
106,2 
14:59:49 
 
Kvalnes 
        
           
 
 
Intern dok. Id. Rapport CTDO-måling  
Side 58 of 68   
 
34 
6,9 
89,8 
8,94 
108,6 
14:59:51 
34 
7,1 
89,9 
8,91 
111,0 
14:59:53 
34 
7,1 
89,9 
8,90 
113,4 
14:59:55 
34 
7,1 
90,0 
8,90 
115,8 
14:59:57 
35 
7,2 
90,3 
8,91 
118,3 
14:59:59 
35 
7,3 
90,0 
8,87 
120,7 
15:00:01 
35 
7,3 
90,1 
8,87 
123,1 
15:00:03 
35 
7,3 
90,0 
8,86 
125,4 
15:00:05 
35 
7,3 
90,0 
8,86 
127,8 
15:00:07 
35 
7,3 
89,9 
8,86 
130,2 
15:00:09 
35 
7,3 
89,8 
8,84 
132,5 
15:00:11 
35 
7,3 
89,7 
8,83 
134,7 
15:00:13 
35 
7,3 
89,5 
8,81 
137,1 
15:00:15 
35 
7,3 
89,4 
8,80 
139,4 
15:00:17 
35 
7,3 
89,3 
8,79 
141,7 
15:00:19 
35 
7,3 
89,1 
8,78 
144,0 
15:00:21 
35 
7,3 
89,0 
8,77 
146,2 
15:00:23 
35 
7,3 
88,9 
8,75 
148,5 
15:00:25 
35 
7,3 
88,8 
8,75 
150,7 
15:00:27 
35 
7,3 
88,7 
8,74 
153,0 
15:00:29 
35 
7,3 
88,6 
8,73 
155,2 
15:00:31 
35 
7,3 
88,6 
8,72 
157,4 
15:00:33 
35 
7,3 
88,4 
8,71 
159,6 
15:00:35 
35 
7,3 
88,3 
8,70 
161,7 
15:00:37 
35 
7,3 
88,3 
8,70 
164,0 
15:00:39 
35 
7,3 
88,2 
8,69 
166,1 
15:00:41 
35 
7,3 
88,1 
8,68 
168,3 
15:00:43 
35 
7,3 
88,1 
8,67 
170,5 
15:00:45 
35 
7,3 
88,0 
8,67 
171,6 
15:00:47 
35 
7,3 
88,0 
8,67 
171,6 
15:00:49 
35 
7,3 
87,9 
8,66 
171,6 
15:00:51 
35 
7,3 
87,7 
8,63 
171,6 
15:00:53 
35 
7,3 
87,4 
8,60 
171,6 
15:00:55 
35 
7,3 
87,0 
8,57 
171,6 
15:00:57 
35 
7,3 
86,7 
8,54 
171,6 
15:00:59 
35 
7,3 
86,3 
8,50 
171,6 
15:01:01 
35 
7,3 
86,0 
8,47 
171,6 
15:01:03 
35 
7,3 
85,8 
8,45 
171,6 
15:01:05 
35 
7,3 
85,7 
8,43 
171,6 
15:01:07 
35 
7,3 
85,6 
8,42 
171,6 
15:01:09 
35 
7,3 
85,5 
8,42 
171,6 
15:01:11 
35 
7,3 
85,4 
8,41 
171,6 
15:01:13 
35 
7,3 
85,5 
8,42 
171,6 
15:01:15 
35 
7,3 
85,5 
8,42 
171,6 
15:01:17 
35 
7,3 
85,5 
8,42 
171,6 
15:01:19 
 
 
Kvalnes 
        
           
 
 
Intern dok. Id. Rapport CTDO-måling  
Side 59 of 68   
 
Prøvedato: 
14.07.2022 
Salinitet 
(ppt) 
Temperatur 
(°C) 
O2 (%) 
O2 (mg/l) 
Dybde (m) 
Tid 
0 
11,9 
110,3 
12,04 
0,0 
12:14:10 
0 
11,8 
88,0 
9,63 
0,4 
12:14:12 
31 
11,7 
99,2 
8,93 
0,5 
12:14:14 
34 
11,7 
102,2 
9,07 
0,8 
12:14:16 
34 
11,7 
101,8 
9,03 
0,8 
12:14:18 
34 
11,7 
104,7 
9,30 
1,3 
12:14:20 
34 
11,7 
104,2 
9,25 
2,1 
12:14:22 
34 
11,7 
104,0 
9,23 
4,0 
12:14:24 
34 
11,7 
104,4 
9,26 
5,9 
12:14:26 
34 
11,6 
105,4 
9,37 
8,0 
12:14:28 
34 
11,6 
106,3 
9,45 
10,1 
12:14:30 
34 
11,5 
104,1 
9,27 
11,7 
12:14:32 
34 
11,5 
105,4 
9,39 
13,7 
12:14:34 
34 
11,5 
104,7 
9,32 
15,2 
12:14:36 
34 
11,5 
105,1 
9,37 
16,9 
12:14:38 
34 
11,5 
105,1 
9,37 
18,7 
12:14:40 
34 
11,5 
105,6 
9,41 
20,4 
12:14:42 
34 
11,5 
105,0 
9,36 
22,3 
12:14:44 
34 
11,4 
105,0 
9,36 
23,8 
12:14:46 
34 
11,4 
104,7 
9,35 
25,7 
12:14:48 
34 
11,4 
104,1 
9,29 
27,3 
12:14:50 
34 
11,4 
104,6 
9,34 
29,2 
12:14:52 
34 
11,4 
104,7 
9,34 
30,8 
12:14:54 
34 
11,4 
104,5 
9,33 
32,4 
12:14:56 
34 
11,3 
104,3 
9,33 
34,1 
12:14:58 
34 
11,2 
104,1 
9,33 
35,8 
12:15:00 
34 
11,1 
103,9 
9,33 
37,5 
12:15:02 
34 
11,0 
103,5 
9,31 
39,0 
12:15:04 
34 
10,9 
103,3 
9,31 
41,0 
12:15:06 
34 
10,7 
103,0 
9,31 
42,7 
12:15:08 
34 
10,5 
102,6 
9,33 
44,5 
12:15:10 
34 
10,2 
102,2 
9,34 
46,2 
12:15:12 
34 
10,1 
101,9 
9,34 
47,9 
12:15:14 
34 
10,0 
101,7 
9,33 
49,7 
12:15:16 
34 
9,8 
101,3 
9,36 
51,5 
12:15:18 
34 
9,6 
101,0 
9,36 
53,1 
12:15:20 
34 
9,6 
100,9 
9,35 
54,6 
12:15:22 
34 
9,6 
100,8 
9,35 
56,2 
12:15:24 
34 
9,5 
100,7 
9,34 
57,9 
12:15:26 
34 
9,5 
100,6 
9,34 
59,6 
12:15:28 
34 
9,5 
100,5 
9,33 
61,2 
12:15:30 
34 
9,5 
100,5 
9,33 
62,9 
12:15:32 
34 
9,5 
100,5 
9,33 
64,7 
12:15:34 
34 
9,5 
100,3 
9,32 
66,7 
12:15:36 
 
Kvalnes 
        
           
 
 
Intern dok. Id. Rapport CTDO-måling  
Side 60 of 68   
 
34 
9,5 
100,2 
9,32 
68,9 
12:15:38 
34 
9,4 
100,1 
9,32 
70,9 
12:15:40 
34 
9,4 
99,7 
9,28 
73,1 
12:15:42 
34 
9,3 
99,9 
9,31 
75,2 
12:15:44 
34 
9,3 
99,9 
9,31 
77,4 
12:15:46 
34 
9,3 
99,8 
9,31 
79,5 
12:15:48 
34 
9,3 
99,7 
9,30 
81,5 
12:15:50 
34 
9,3 
99,7 
9,30 
83,5 
12:15:52 
34 
9,3 
99,6 
9,29 
85,4 
12:15:54 
34 
9,2 
99,5 
9,29 
87,4 
12:15:56 
34 
9,1 
99,4 
9,30 
89,3 
12:15:58 
34 
9,0 
99,0 
9,29 
91,1 
12:16:00 
34 
8,9 
98,7 
9,28 
93,0 
12:16:02 
34 
8,7 
98,5 
9,29 
94,9 
12:16:04 
34 
8,7 
98,6 
9,31 
96,9 
12:16:06 
34 
8,1 
97,0 
9,27 
99,1 
12:16:08 
34 
7,8 
96,5 
9,31 
101,3 
12:16:10 
34 
7,7 
96,4 
9,30 
103,4 
12:16:12 
34 
7,7 
96,3 
9,30 
105,4 
12:16:14 
34 
7,7 
96,4 
9,31 
107,4 
12:16:16 
34 
7,7 
96,4 
9,32 
109,2 
12:16:18 
34 
7,5 
96,2 
9,33 
111,2 
12:16:20 
34 
7,3 
95,8 
9,34 
113,2 
12:16:22 
34 
7,2 
95,7 
9,35 
115,1 
12:16:24 
34 
7,1 
95,5 
9,35 
117,0 
12:16:26 
34 
6,9 
95,3 
9,37 
118,8 
12:16:28 
34 
6,8 
95,1 
9,38 
120,6 
12:16:30 
34 
6,8 
95,1 
9,38 
122,5 
12:16:32 
34 
6,8 
95,0 
9,37 
124,2 
12:16:34 
34 
6,7 
94,7 
9,37 
126,0 
12:16:36 
34 
6,6 
94,6 
9,37 
127,8 
12:16:38 
34 
6,6 
94,4 
9,35 
129,6 
12:16:40 
34 
6,6 
94,2 
9,34 
131,3 
12:16:42 
34 
6,5 
94,2 
9,35 
133,2 
12:16:44 
34 
6,4 
94,0 
9,35 
135,0 
12:16:46 
34 
6,4 
94,0 
9,35 
136,7 
12:16:48 
34 
6,4 
93,7 
9,33 
138,4 
12:16:50 
34 
6,3 
93,4 
9,31 
140,2 
12:16:52 
34 
6,3 
93,2 
9,30 
142,1 
12:16:54 
34 
6,2 
92,8 
9,28 
143,9 
12:16:56 
34 
6,1 
92,6 
9,27 
145,9 
12:16:58 
34 
6,1 
92,6 
9,28 
147,7 
12:17:00 
34 
6,1 
92,3 
9,26 
149,5 
12:17:02 
34 
6,1 
92,2 
9,25 
151,4 
12:17:04 
34 
6,0 
92,1 
9,24 
153,2 
12:17:06 
34 
6,0 
92,0 
9,23 
155,0 
12:17:08 
 
Kvalnes 
        
           
 
 
Intern dok. Id. Rapport CTDO-måling  
Side 61 of 68   
 
34 
6,0 
91,8 
9,21 
156,8 
12:17:10 
34 
6,0 
91,8 
9,21 
158,6 
12:17:12 
34 
6,0 
91,6 
9,20 
160,2 
12:17:14 
34 
6,0 
91,7 
9,21 
161,8 
12:17:16 
34 
6,0 
91,6 
9,19 
163,4 
12:17:18 
34 
6,0 
91,3 
9,18 
165,0 
12:17:20 
34 
6,0 
91,3 
9,18 
166,7 
12:17:22 
34 
6,0 
91,2 
9,16 
168,3 
12:17:24 
34 
5,9 
91,1 
9,16 
169,9 
12:17:26 
34 
5,9 
91,0 
9,14 
171,5 
12:17:28 
34 
6,0 
90,9 
9,14 
173,1 
12:17:30 
34 
6,0 
90,8 
9,13 
173,6 
12:17:32 
34 
6,0 
90,8 
9,12 
173,5 
12:17:34 
34 
6,0 
90,8 
9,12 
173,5 
12:17:36 
34 
6,0 
90,7 
9,11 
173,5 
12:17:38 
34 
6,0 
90,5 
9,10 
173,5 
12:17:40 
34 
6,0 
90,4 
9,08 
173,5 
12:17:42 
34 
6,0 
90,2 
9,06 
173,6 
12:17:44 
 
Prøvedato: 
25.08.2022 
Salinitet 
(ppt) 
Temperatur 
(°C) 
O2 (%) 
O2 (mg/l) 
Dybde (m) 
Tid 
33 
12,5 
111,6 
9,93 
1,2 
13:12:19 
33 
12,6 
108,2 
9,63 
2,3 
13:12:21 
33 
12,3 
104,3 
9,33 
3,5 
13:12:23 
33 
12,2 
103,6 
9,28 
4,7 
13:12:25 
33 
12,2 
103,4 
9,27 
6,0 
13:12:27 
33 
12,1 
102,9 
9,25 
7,5 
13:12:29 
33 
12,0 
102,3 
9,21 
8,9 
13:12:31 
33 
12,0 
101,6 
9,15 
10,7 
13:12:33 
33 
11,9 
101,1 
9,11 
12,3 
13:12:35 
33 
11,9 
98,7 
8,90 
14,6 
13:12:37 
33 
11,9 
101,1 
9,11 
17,0 
13:12:39 
33 
11,9 
100,6 
9,07 
19,9 
13:12:41 
33 
11,9 
102,4 
9,25 
22,7 
13:12:43 
33 
11,8 
100,5 
9,07 
25,2 
13:12:45 
33 
11,7 
99,9 
9,04 
27,8 
13:12:47 
33 
11,5 
100,2 
9,10 
29,9 
13:12:49 
33 
11,4 
98,9 
9,00 
32,4 
13:12:51 
33 
11,3 
98,4 
8,97 
35,1 
13:12:53 
33 
11,2 
98,1 
8,95 
37,7 
13:12:55 
33 
11,2 
97,8 
8,93 
40,3 
13:12:57 
34 
11,1 
97,7 
8,94 
42,9 
13:12:59 
34 
11,0 
97,2 
8,91 
45,5 
13:13:01 
34 
10,8 
97,0 
8,92 
48,2 
13:13:03 
34 
10,8 
96,9 
8,92 
50,8 
13:13:05 
34 
10,7 
96,8 
8,92 
53,5 
13:13:07 
 
Kvalnes 
        
           
 
 
Intern dok. Id. Rapport CTDO-måling  
Side 62 of 68   
 
34 
10,6 
96,5 
8,92 
56,1 
13:13:09 
34 
10,3 
96,6 
8,97 
58,6 
13:13:11 
34 
10,0 
96,0 
8,98 
61,3 
13:13:13 
34 
10,0 
95,8 
8,97 
63,9 
13:13:15 
34 
9,9 
95,7 
8,97 
66,2 
13:13:17 
34 
9,8 
95,5 
8,98 
68,7 
13:13:19 
34 
9,7 
95,5 
8,99 
71,0 
13:13:21 
34 
9,6 
95,4 
9,00 
73,3 
13:13:23 
34 
9,5 
95,2 
9,00 
75,4 
13:13:25 
34 
9,4 
95,1 
9,00 
77,7 
13:13:27 
34 
9,3 
94,9 
9,00 
79,9 
13:13:29 
34 
9,2 
94,9 
9,01 
81,9 
13:13:31 
34 
9,0 
94,5 
9,01 
84,0 
13:13:33 
34 
8,9 
94,4 
9,01 
86,2 
13:13:35 
34 
8,8 
94,3 
9,03 
88,5 
13:13:37 
34 
8,9 
94,5 
9,02 
90,7 
13:13:39 
34 
9,0 
94,5 
9,01 
93,0 
13:13:41 
34 
9,0 
94,5 
9,00 
95,3 
13:13:43 
34 
9,0 
94,4 
8,99 
97,5 
13:13:45 
34 
9,0 
94,3 
8,99 
99,8 
13:13:47 
34 
9,0 
94,2 
8,97 
102,0 
13:13:49 
34 
9,0 
94,0 
8,95 
104,1 
13:13:51 
34 
9,0 
93,9 
8,94 
106,3 
13:13:53 
34 
9,1 
94,0 
8,94 
108,4 
13:13:55 
34 
9,1 
94,0 
8,93 
110,7 
13:13:57 
34 
9,1 
93,9 
8,92 
112,9 
13:13:59 
34 
9,0 
93,6 
8,91 
115,0 
13:14:01 
34 
8,8 
93,1 
8,89 
117,2 
13:14:03 
34 
7,6 
91,7 
9,01 
119,3 
13:14:05 
34 
7,5 
91,4 
9,01 
121,6 
13:14:07 
34 
7,7 
91,5 
8,98 
123,8 
13:14:09 
34 
7,7 
91,5 
8,98 
126,1 
13:14:11 
34 
7,7 
91,5 
8,99 
128,3 
13:14:13 
34 
7,4 
91,0 
8,97 
130,5 
13:14:15 
34 
7,2 
90,7 
9,00 
132,7 
13:14:17 
34 
7,2 
90,6 
8,99 
134,8 
13:14:19 
34 
7,4 
90,6 
8,94 
137,0 
13:14:21 
34 
7,6 
91,0 
8,93 
139,2 
13:14:23 
34 
7,7 
90,8 
8,91 
141,3 
13:14:25 
34 
7,6 
90,5 
8,90 
143,4 
13:14:27 
34 
7,6 
90,4 
8,89 
145,5 
13:14:29 
35 
7,5 
90,0 
8,87 
147,5 
13:14:31 
34 
7,4 
89,8 
8,86 
149,7 
13:14:33 
35 
7,4 
89,8 
8,84 
151,8 
13:14:35 
35 
7,4 
89,6 
8,82 
153,8 
13:14:37 
35 
7,5 
89,5 
8,81 
155,9 
13:14:39 
 
Kvalnes 
        
           
 
 
Intern dok. Id. Rapport CTDO-måling  
Side 63 of 68   
 
35 
7,4 
89,5 
8,80 
158,0 
13:14:41 
35 
7,4 
89,4 
8,80 
160,1 
13:14:43 
35 
7,4 
89,4 
8,79 
162,1 
13:14:45 
35 
7,4 
89,2 
8,78 
164,2 
13:14:47 
35 
7,4 
89,0 
8,76 
166,1 
13:14:49 
35 
7,4 
89,0 
8,75 
168,1 
13:14:51 
35 
7,4 
88,9 
8,75 
170,1 
13:14:53 
35 
7,4 
88,9 
8,75 
172,0 
13:14:55 
35 
7,4 
89,3 
8,78 
172,3 
13:14:57 
35 
7,4 
89,3 
8,79 
172,6 
13:14:59 
35 
7,4 
89,1 
8,76 
172,7 
13:15:01 
35 
7,4 
89,0 
8,75 
172,7 
13:15:03 
35 
7,4 
89,0 
8,76 
172,7 
13:15:05 
35 
7,4 
88,9 
8,74 
172,7 
13:15:07 
35 
7,4 
88,8 
8,73 
172,7 
13:15:09 
35 
7,4 
88,5 
8,70 
172,7 
13:15:11 
35 
7,4 
88,0 
8,65 
172,7 
13:15:13 
35 
7,4 
88,0 
8,65 
172,7 
13:15:15 
35 
7,4 
88,1 
8,66 
172,7 
13:15:17 
35 
7,4 
87,9 
8,64 
172,7 
13:15:19 
35 
7,4 
87,6 
8,61 
172,7 
13:15:21 
35 
7,4 
87,6 
8,61 
172,7 
13:15:23 
35 
7,4 
87,7 
8,62 
172,7 
13:15:25 
35 
7,4 
87,8 
8,63 
172,7 
13:15:27 
35 
7,4 
87,6 
8,61 
172,7 
13:15:29 
35 
7,5 
87,5 
8,60 
172,7 
13:15:31 
35 
7,4 
87,6 
8,61 
172,7 
13:15:33 
35 
7,4 
87,3 
8,58 
172,7 
13:15:35 
35 
7,4 
87,2 
8,57 
172,7 
13:15:37 
 
 
 
 
Kvalnes 
        
           
 
 
Intern dok. Id. Rapport CTDO-måling  
Side 64 of 68   
 
Inntak Oppstartsbasseng 
Prøvedato: 
10.03.2022 
Salinitet (ppt) 
Temperatur (°C) 
O2 (%) 
O2 (mg/l) 
Dybde (m) 
Tid 
33 
4,3 
85,4 
8,74 
0,6 
14:02:20 
34 
4,3 
98,7 
10,07 
2,0 
14:02:22 
34 
4,3 
100,9 
10,29 
3,1 
14:02:24 
34 
4,3 
103,0 
10,51 
5,1 
14:02:26 
34 
4,3 
103,2 
10,52 
7,8 
14:02:28 
34 
4,3 
103,3 
10,53 
8,4 
14:02:30 
34 
4,3 
103,9 
10,59 
9,4 
14:02:32 
34 
4,3 
103,4 
10,54 
9,7 
14:02:34 
34 
4,3 
103,3 
10,53 
11,5 
14:02:36 
34 
4,3 
103,6 
10,57 
13,3 
14:02:38 
34 
4,3 
103,3 
10,54 
15,2 
14:02:40 
34 
4,3 
102,8 
10,49 
17,1 
14:02:42 
34 
4,3 
103,2 
10,53 
17,3 
14:02:44 
34 
4,3 
103,1 
10,52 
19,1 
14:02:46 
34 
4,3 
102,5 
10,45 
21,0 
14:02:48 
34 
4,3 
102,5 
10,45 
22,4 
14:02:50 
34 
4,3 
102,6 
10,47 
24,2 
14:02:52 
34 
4,3 
102,7 
10,47 
26,0 
14:02:54 
34 
4,3 
102,5 
10,45 
25,9 
14:02:56 
34 
4,3 
102,3 
10,44 
26,3 
14:02:58 
34 
4,3 
102,2 
10,42 
25,8 
14:03:00 
34 
4,3 
101,9 
10,39 
26,0 
14:03:02 
34 
4,3 
102,1 
10,41 
25,8 
14:03:04 
34 
4,3 
101,9 
10,39 
26,0 
14:03:06 
34 
4,3 
101,9 
10,40 
25,8 
14:03:08 
34 
4,3 
101,9 
10,39 
25,8 
14:03:10 
34 
4,3 
101,8 
10,38 
25,9 
14:03:12 
34 
4,3 
101,7 
10,38 
25,8 
14:03:14 
34 
4,3 
101,6 
10,37 
25,9 
14:03:16 
34 
4,3 
101,8 
10,38 
26,0 
14:03:18 
34 
4,3 
101,7 
10,38 
26,1 
14:03:20 
34 
4,3 
101,6 
10,36 
26,2 
14:03:22 
 
Prøvedato: 
08.04.2022 
Salinitet (ppt) 
Temperatur (°C) 
O2 (%) 
O2 (mg/l) 
Dybde (m) 
Tid 
34 
3,6 
77,6 
8,06 
1,0 
10:12:21 
34 
3,7 
91,7 
9,51 
2,4 
10:12:23 
34 
3,7 
92,0 
9,54 
4,1 
10:12:25 
34 
3,7 
94,6 
9,80 
6,8 
10:12:27 
34 
3,7 
94,4 
9,78 
9,2 
10:12:29 
34 
3,9 
93,5 
9,65 
11,8 
10:12:31 
34 
4,1 
94,9 
9,74 
14,4 
10:12:33 
34 
4,1 
95,2 
9,76 
16,9 
10:12:35 
 
Kvalnes 
        
           
 
 
Intern dok. Id. Rapport CTDO-måling  
Side 65 of 68   
 
34 
4,1 
98,4 
10,09 
19,6 
10:12:37 
34 
4,1 
95,8 
9,82 
21,8 
10:12:39 
34 
4,1 
96,1 
9,85 
23,1 
10:12:41 
34 
4,2 
96,1 
9,83 
24,6 
10:12:43 
34 
4,4 
97,6 
9,93 
26,5 
10:12:45 
34 
4,6 
96,7 
9,80 
28,7 
10:12:47 
34 
4,7 
97,2 
9,82 
29,4 
10:12:49 
34 
4,7 
102,0 
10,29 
30,5 
10:12:51 
34 
4,7 
98,0 
9,88 
30,5 
10:12:53 
34 
4,7 
97,4 
9,82 
30,5 
10:12:55 
34 
4,7 
97,4 
9,82 
30,5 
10:12:57 
34 
4,7 
97,1 
9,80 
30,5 
10:12:59 
34 
4,7 
97,1 
9,79 
30,5 
10:13:01 
34 
4,7 
97,0 
9,78 
30,5 
10:13:03 
34 
4,7 
97,0 
9,78 
30,5 
10:13:05 
34 
4,7 
96,9 
9,77 
30,6 
10:13:07 
34 
4,7 
96,8 
9,76 
30,5 
10:13:09 
34 
4,7 
96,9 
9,77 
30,5 
10:13:11 
34 
4,7 
96,6 
9,74 
30,5 
10:13:13 
34 
4,7 
94,6 
9,54 
30,6 
10:13:15 
34 
4,7 
96,1 
9,69 
30,2 
10:13:17 
34 
4,7 
96,5 
9,73 
30,3 
10:13:19 
 
Prøvedato: 
26.04.2022 
Salinitet 
(ppt) 
Temperatur 
(°C) 
O2 (%) 
O2 (mg/l) 
Dybde (m) 
Tid 
0 
3,6 
89,5 
12,20 
0,3 
13:00:40 
34 
4,6 
92,0 
9,73 
1,6 
13:00:42 
34 
4,8 
94,9 
10,02 
3,1 
13:00:44 
34 
4,8 
95,7 
10,09 
4,7 
13:00:46 
34 
4,8 
95,4 
10,06 
6,7 
13:00:48 
34 
4,8 
96,2 
10,14 
8,6 
13:00:50 
34 
4,8 
97,3 
10,26 
9,3 
13:00:52 
34 
4,8 
96,8 
10,20 
11,3 
13:00:54 
34 
4,8 
98,0 
10,32 
13,9 
13:00:56 
34 
4,8 
97,7 
10,29 
16,5 
13:00:58 
34 
4,8 
97,7 
10,29 
18,7 
13:01:00 
34 
4,8 
97,9 
10,32 
21,2 
13:01:02 
34 
4,8 
98,0 
10,32 
24,0 
13:01:04 
34 
4,8 
97,3 
10,25 
26,8 
13:01:06 
34 
4,8 
97,7 
10,29 
28,7 
13:01:08 
34 
4,8 
97,5 
10,27 
28,8 
13:01:10 
34 
4,8 
97,4 
10,26 
28,9 
13:01:12 
34 
4,8 
97,2 
10,24 
28,8 
13:01:14 
34 
4,8 
97,2 
10,24 
28,6 
13:01:16 
34 
4,8 
97,3 
10,24 
28,1 
13:01:18 
 
Kvalnes 
        
           
 
 
Intern dok. Id. Rapport CTDO-måling  
Side 66 of 68   
 
 
Prøvedato: 
13.05.2022 
Salinitet 
(ppt) 
Temperatur 
(°C) 
O2 (%) 
O2 (mg/l) 
Dybde (m) 
Tid 
33 
5,2 
91,7 
9,39 
0,6 
13:04:30 
33 
5,2 
92,7 
9,49 
1,4 
13:04:32 
33 
5,2 
94,5 
9,67 
2,7 
13:04:34 
33 
5,2 
93,5 
9,57 
3,5 
13:04:36 
33 
5,2 
96,4 
9,87 
5,2 
13:04:38 
33 
5,2 
95,6 
9,79 
6,8 
13:04:40 
33 
5,2 
97,7 
10,01 
8,3 
13:04:42 
33 
5,2 
95,2 
9,75 
10,3 
13:04:44 
33 
5,1 
96,8 
9,91 
12,5 
13:04:46 
33 
5,1 
95,9 
9,82 
14,9 
13:04:48 
33 
5,1 
95,9 
9,83 
16,4 
13:04:50 
33 
5,1 
95,9 
9,82 
19,0 
13:04:52 
34 
5,1 
96,1 
9,83 
21,9 
13:04:54 
34 
5,2 
96,5 
9,87 
24,5 
13:04:56 
34 
5,2 
94,3 
9,64 
27,4 
13:04:58 
34 
5,1 
94,7 
9,68 
30,4 
13:05:00 
34 
5,1 
94,6 
9,68 
30,6 
13:05:02 
34 
5,1 
94,4 
9,66 
30,5 
13:05:04 
34 
5,1 
94,1 
9,63 
30,4 
13:05:06 
34 
5,1 
93,8 
9,60 
30,4 
13:05:08 
34 
5,1 
93,5 
9,58 
30,6 
13:05:10 
34 
5,1 
93,3 
9,55 
30,7 
13:05:12 
34 
5,1 
93,0 
9,52 
30,6 
13:05:14 
34 
5,1 
92,8 
9,50 
30,4 
13:05:16 
34 
5,1 
92,6 
9,48 
30,3 
13:05:18 
34 
5,1 
92,5 
9,47 
30,5 
13:05:20 
34 
5,1 
92,6 
9,48 
30,7 
13:05:22 
34 
5,1 
92,6 
9,48 
30,7 
13:05:24 
 
Prøvedato: 
16.06.2022 
Salinitet 
(ppt) 
Temperatur 
(°C) 
O2 (%) 
O2 (mg/l) 
Dybde (m) 
Tid 
34 
8,4 
88,8 
8,59 
1,4 
14:46:10 
34 
8,3 
96,7 
9,36 
2,5 
14:46:12 
34 
8,3 
98,5 
9,55 
3,9 
14:46:14 
34 
8,3 
99,8 
9,67 
6,0 
14:46:16 
34 
8,3 
100,1 
9,70 
7,6 
14:46:18 
34 
8,2 
103,2 
10,02 
9,2 
14:46:20 
34 
8,2 
103,0 
10,00 
10,4 
14:46:22 
34 
8,2 
103,5 
10,06 
12,3 
14:46:24 
34 
8,1 
102,6 
9,98 
13,8 
14:46:26 
34 
8,0 
104,7 
10,21 
15,0 
14:46:28 
34 
7,9 
102,5 
10,01 
16,9 
14:46:30 
 
Kvalnes 
        
           
 
 
Intern dok. Id. Rapport CTDO-måling  
Side 67 of 68   
 
34 
7,8 
103,1 
10,10 
18,5 
14:46:32 
34 
7,7 
102,4 
10,04 
20,7 
14:46:34 
34 
7,7 
100,1 
9,83 
21,5 
14:46:36 
34 
7,7 
100,1 
9,84 
23,1 
14:46:38 
34 
7,6 
100,7 
9,89 
25,1 
14:46:40 
34 
7,6 
99,4 
9,77 
27,4 
14:46:42 
34 
7,6 
98,9 
9,72 
29,8 
14:46:44 
34 
7,6 
99,3 
9,77 
30,0 
14:46:46 
34 
7,6 
99,1 
9,75 
30,6 
14:46:48 
34 
7,6 
98,9 
9,73 
30,3 
14:46:50 
34 
7,6 
98,8 
9,71 
30,4 
14:46:52 
 
Prøvedato: 
14.07.2022 
Salinitet 
(ppt) 
Temperatur 
(°C) 
O2 (%) 
O2 (mg/l) 
Dybde (m) 
Tid 
0,0 
12,0 
66,1 
7,2 
0,0 11:59:51 
29,2 
11,8 
98,4 
9,0 
0,4 11:59:53 
33,6 
11,7 
98,4 
8,7 
0,7 11:59:55 
33,6 
11,7 
103,1 
9,1 
0,8 11:59:57 
33,6 
11,7 
103,8 
9,2 
0,8 11:59:59 
33,6 
11,7 
103,3 
9,2 
0,8 12:00:01 
33,6 
11,7 
100,8 
8,9 
2,0 12:00:03 
33,6 
11,7 
104,6 
9,3 
3,1 12:00:05 
33,6 
11,7 
104,9 
9,3 
4,6 12:00:07 
33,6 
11,7 
105,6 
9,4 
5,9 12:00:09 
33,6 
11,7 
106,2 
9,4 
6,9 12:00:11 
33,6 
11,6 
105,6 
9,4 
8,2 12:00:13 
33,7 
11,6 
105,7 
9,4 
9,1 12:00:15 
33,7 
11,5 
105,7 
9,4 
10,3 12:00:17 
33,7 
11,5 
105,6 
9,4 
10,9 12:00:19 
33,7 
11,5 
105,5 
9,4 
12,2 12:00:21 
33,7 
11,4 
105,4 
9,4 
13,0 12:00:23 
33,7 
11,4 
105,4 
9,4 
13,9 12:00:25 
33,7 
11,4 
105,4 
9,4 
14,5 12:00:27 
33,7 
11,5 
105,3 
9,4 
15,3 12:00:29 
33,7 
11,5 
105,3 
9,4 
16,2 12:00:31 
33,7 
11,4 
105,2 
9,4 
17,6 12:00:33 
33,8 
11,3 
105,0 
9,4 
19,0 12:00:35 
33,7 
11,2 
104,9 
9,4 
19,8 12:00:37 
33,7 
11,2 
104,9 
9,4 
21,0 12:00:39 
33,7 
11,2 
104,8 
9,4 
22,1 12:00:41 
33,7 
11,2 
104,7 
9,4 
23,5 12:00:43 
33,7 
11,3 
104,7 
9,4 
24,7 12:00:45 
33,7 
11,2 
104,6 
9,4 
26,2 12:00:47 
33,7 
11,2 
104,4 
9,4 
27,7 12:00:49 
33,8 
11,0 
104,2 
9,4 
29,5 12:00:51 
33,7 
10,9 
104,0 
9,4 
31,2 12:00:53 
 
Kvalnes 
        
           
 
 
Intern dok. Id. Rapport CTDO-måling  
Side 68 of 68   
 
33,8 
10,8 
103,7 
9,4 
32,9 12:00:55 
33,8 
10,8 
103,7 
9,4 
33,7 12:00:57 
 
Prøvedato: 
25.08.2022 
Salinitet 
(ppt) 
Temperatur 
(°C) 
O2 (%) 
O2 (mg/l) 
Dybde (m) 
Tid 
33 
13,3 
100,9 
8,83 
0,5 
12:57:44 
33 
12,4 
100,8 
8,99 
1,8 
12:57:46 
33 
12,2 
104,3 
9,34 
2,9 
12:57:48 
33 
12,2 
102,4 
9,17 
4,7 
12:57:50 
33 
12,1 
102,4 
9,17 
6,0 
12:57:52 
33 
12,1 
103,4 
9,28 
7,6 
12:57:54 
33 
12,1 
102,7 
9,22 
9,2 
12:57:56 
33 
12,1 
103,2 
9,25 
10,9 
12:57:58 
33 
12,1 
103,1 
9,25 
12,0 
12:58:00 
33 
12,0 
102,4 
9,19 
13,2 
12:58:02 
33 
12,0 
101,6 
9,13 
14,6 
12:58:04 
33 
11,9 
101,0 
9,08 
16,0 
12:58:06 
33 
11,9 
101,1 
9,11 
17,4 
12:58:08 
32 
11,9 
101,3 
9,20 
18,5 
12:58:10 
33 
11,8 
98,5 
8,89 
20,1 
12:58:12 
33 
11,8 
97,3 
8,77 
22,6 
12:58:14 
33 
11,5 
98,4 
8,91 
25,3 
12:58:16 
33 
11,5 
97,3 
8,83 
28,2 
12:58:18 
33 
11,5 
98,6 
8,94 
29,9 
12:58:20 
33 
11,5 
98,4 
8,92 
29,9 
12:58:22 
33 
11,5 
98,2 
8,91 
29,9 
12:58:24 
33 
11,4 
98,1 
8,90 
29,8 
12:58:26 
33 
11,4 
97,8 
8,87 
29,8 
12:58:28 
33 
11,5 
97,1 
8,81 
30,1 
12:58:30 
33 
11,4 
96,8 
8,78 
30,3 
12:58:32 
33 
11,4 
96,8 
8,78 
30,3 
12:58:34 
33 
11,4 
96,9 
8,79 
30,3 
12:58:36